
PLAY [verify] ******************************************************************

TASK [Gathering Facts] *********************************************************
ok: [localhost]

TASK [/stigforge/roles/rhel8_cis : StigForge apply rhel8_cis profile cis-ws-l2] ***
included: /stigforge/roles/rhel8_cis/tasks/cis-ws-l2.yml for localhost

TASK [/stigforge/roles/rhel8_cis : Gather the package facts] *******************
ok: [localhost]

TASK [/stigforge/roles/rhel8_cis : Ensure aide is installed] *******************
skipping: [localhost]

TASK [/stigforge/roles/rhel8_cis : Build and Test AIDE Database - Ensure AIDE Is Installed] ***
skipping: [localhost] => (item=aide) 
skipping: [localhost]

TASK [/stigforge/roles/rhel8_cis : Configure AIDE to Verify the Audit Tools - Ensure AIDE is Installed] ***
skipping: [localhost] => (item=aide) 
skipping: [localhost]

TASK [/stigforge/roles/rhel8_cis : Configure Periodic Execution of AIDE - Ensure AIDE is installed] ***
skipping: [localhost]

TASK [/stigforge/roles/rhel8_cis : Configure Periodic Execution of AIDE - Install cron] ***
skipping: [localhost]

TASK [/stigforge/roles/rhel8_cis : Ensure sudo is installed] *******************
skipping: [localhost]

TASK [/stigforge/roles/rhel8_cis : Ensure authselect is installed] *************
ok: [localhost]

TASK [/stigforge/roles/rhel8_cis : Ensure pam is installed] ********************
ok: [localhost]

TASK [/stigforge/roles/rhel8_cis : Ensure libpwquality is installed] ***********
ok: [localhost]

TASK [/stigforge/roles/rhel8_cis : Ensure rsyslog is installed] ****************
skipping: [localhost]

TASK [/stigforge/roles/rhel8_cis : Ensure systemd-journal-remote is installed] ***
skipping: [localhost]

TASK [/stigforge/roles/rhel8_cis : Ensure libselinux is installed] *************
skipping: [localhost]

TASK [/stigforge/roles/rhel8_cis : Uninstall mcstrans Package: Ensure mcstrans is removed] ***
skipping: [localhost]

TASK [/stigforge/roles/rhel8_cis : Ensure cronie is installed] *****************
skipping: [localhost]

TASK [/stigforge/roles/rhel8_cis : Uninstall DHCP Server Package: Ensure dhcp-server is removed] ***
ok: [localhost]

TASK [/stigforge/roles/rhel8_cis : Uninstall bind Package: Ensure bind is removed] ***
ok: [localhost]

TASK [/stigforge/roles/rhel8_cis : Remove ftp Package: Ensure ftp is removed] ***
ok: [localhost]

TASK [/stigforge/roles/rhel8_cis : Uninstall vsftpd Package: Ensure vsftpd is removed] ***
ok: [localhost]

TASK [/stigforge/roles/rhel8_cis : Uninstall httpd Package: Ensure httpd is removed] ***
ok: [localhost]

TASK [/stigforge/roles/rhel8_cis : Uninstall nginx Package: Ensure nginx is removed] ***
ok: [localhost]

TASK [/stigforge/roles/rhel8_cis : Uninstall cyrus-imapd Package: Ensure cyrus-imapd is removed] ***
ok: [localhost]

TASK [/stigforge/roles/rhel8_cis : Uninstall dovecot Package: Ensure dovecot is removed] ***
ok: [localhost]

TASK [/stigforge/roles/rhel8_cis : Ensure LDAP client is not installed: Ensure openldap-clients is removed] ***
ok: [localhost]

TASK [/stigforge/roles/rhel8_cis : Ensure chrony is installed] *****************
skipping: [localhost]

TASK [/stigforge/roles/rhel8_cis : Uninstall rsync Package: Ensure rsync-daemon is removed] ***
ok: [localhost]

TASK [/stigforge/roles/rhel8_cis : Uninstall xinetd package if not used by network services: Ensure xinetd is removed] ***
skipping: [localhost]

TASK [/stigforge/roles/rhel8_cis : Remove NIS Client: Ensure ypbind is removed] ***
ok: [localhost]

TASK [/stigforge/roles/rhel8_cis : Uninstall ypserv Package: Ensure ypserv is removed] ***
ok: [localhost]

TASK [/stigforge/roles/rhel8_cis : Uninstall telnet-server Package: Ensure telnet-server is removed] ***
ok: [localhost]

TASK [/stigforge/roles/rhel8_cis : Remove telnet Clients: Ensure telnet is removed] ***
ok: [localhost]

TASK [/stigforge/roles/rhel8_cis : Uninstall tftp-server Package: Ensure tftp-server is removed] ***
ok: [localhost]

TASK [/stigforge/roles/rhel8_cis : Remove tftp Daemon: Ensure tftp is removed] ***
ok: [localhost]

TASK [/stigforge/roles/rhel8_cis : Uninstall squid Package: Ensure squid is removed] ***
ok: [localhost]

TASK [/stigforge/roles/rhel8_cis : Uninstall Samba Package: Ensure samba is removed] ***
ok: [localhost]

TASK [/stigforge/roles/rhel8_cis : Uninstall net-snmp Package: Ensure net-snmp is removed] ***
ok: [localhost]

TASK [/stigforge/roles/rhel8_cis : Ensure audit-libs is installed] *************
skipping: [localhost]

TASK [/stigforge/roles/rhel8_cis : Ensure audit is installed] ******************
skipping: [localhost]

TASK [/stigforge/roles/rhel8_cis : Gather the package facts] *******************
ok: [localhost]

TASK [/stigforge/roles/rhel8_cis : Enable rsyslog Service - Enable Service rsyslog] ***
skipping: [localhost]

TASK [/stigforge/roles/rhel8_cis : Enable systemd-journal-upload Service - Enable Service systemd-journal-upload] ***
skipping: [localhost]

TASK [/stigforge/roles/rhel8_cis : Enable systemd-journald Service - Enable Service systemd-journald] ***
skipping: [localhost]

TASK [/stigforge/roles/rhel8_cis : Disable Bluetooth Service - Collect systemd Services Present in the System] ***
skipping: [localhost]

TASK [/stigforge/roles/rhel8_cis : Disable Bluetooth Service - Ensure bluetooth.service is Masked] ***
skipping: [localhost]

TASK [/stigforge/roles/rhel8_cis : Unit Socket Exists - bluetooth.socket] ******
skipping: [localhost]

TASK [/stigforge/roles/rhel8_cis : Disable Bluetooth Service - Disable Socket bluetooth] ***
skipping: [localhost]

TASK [/stigforge/roles/rhel8_cis : Disable the Automounter - Collect systemd Services Present in the System] ***
skipping: [localhost]

TASK [/stigforge/roles/rhel8_cis : Disable the Automounter - Ensure autofs.service is Masked] ***
skipping: [localhost]

TASK [/stigforge/roles/rhel8_cis : Unit Socket Exists - autofs.socket] *********
skipping: [localhost]

TASK [/stigforge/roles/rhel8_cis : Disable the Automounter - Disable Socket autofs] ***
skipping: [localhost]

TASK [/stigforge/roles/rhel8_cis : Disable Avahi Server Software - Collect systemd Services Present in the System] ***
skipping: [localhost]

TASK [/stigforge/roles/rhel8_cis : Disable Avahi Server Software - Ensure avahi-daemon.service is Masked] ***
skipping: [localhost]

TASK [/stigforge/roles/rhel8_cis : Unit Socket Exists - avahi-daemon.socket] ***
skipping: [localhost]

TASK [/stigforge/roles/rhel8_cis : Disable Avahi Server Software - Disable Socket avahi-daemon] ***
skipping: [localhost]

TASK [/stigforge/roles/rhel8_cis : Disable Cockpit Management Server - Collect systemd Services Present in the System] ***
skipping: [localhost]

TASK [/stigforge/roles/rhel8_cis : Disable Cockpit Management Server - Ensure cockpit.service is Masked] ***
skipping: [localhost]

TASK [/stigforge/roles/rhel8_cis : Unit Socket Exists - cockpit.socket] ********
skipping: [localhost]

TASK [/stigforge/roles/rhel8_cis : Disable Cockpit Management Server - Disable Socket cockpit] ***
skipping: [localhost]

TASK [/stigforge/roles/rhel8_cis : Enable cron Service - Enable Service crond] ***
skipping: [localhost]

TASK [/stigforge/roles/rhel8_cis : Disable dnsmasq Service - Collect systemd Services Present in the System] ***
skipping: [localhost]

TASK [/stigforge/roles/rhel8_cis : Disable dnsmasq Service - Ensure dnsmasq.service is Masked] ***
skipping: [localhost]

TASK [/stigforge/roles/rhel8_cis : Unit Socket Exists - dnsmasq.socket] ********
skipping: [localhost]

TASK [/stigforge/roles/rhel8_cis : Disable dnsmasq Service - Disable Socket dnsmasq] ***
skipping: [localhost]

TASK [/stigforge/roles/rhel8_cis : Disable rpcbind Service - Collect systemd Services Present in the System] ***
skipping: [localhost]

TASK [/stigforge/roles/rhel8_cis : Disable rpcbind Service - Ensure rpcbind.service is Masked] ***
skipping: [localhost]

TASK [/stigforge/roles/rhel8_cis : Unit Socket Exists - rpcbind.socket] ********
skipping: [localhost]

TASK [/stigforge/roles/rhel8_cis : Disable rpcbind Service - Disable Socket rpcbind] ***
skipping: [localhost]

TASK [/stigforge/roles/rhel8_cis : Disable Network File System (nfs) - Collect systemd Services Present in the System] ***
skipping: [localhost]

TASK [/stigforge/roles/rhel8_cis : Disable Network File System (nfs) - Ensure nfs-server.service is Masked] ***
skipping: [localhost]

TASK [/stigforge/roles/rhel8_cis : Unit Socket Exists - nfs-server.socket] *****
skipping: [localhost]

TASK [/stigforge/roles/rhel8_cis : Disable Network File System (nfs) - Disable Socket nfs-server] ***
skipping: [localhost]

TASK [/stigforge/roles/rhel8_cis : Enable auditd Service - Enable Service auditd] ***
skipping: [localhost]

TASK [/stigforge/roles/rhel8_cis : Gather the service facts] *******************
skipping: [localhost]

TASK [/stigforge/roles/rhel8_cis : Build and Test AIDE Database - Check Whether the Stock AIDE Database Exists] ***
skipping: [localhost]

TASK [/stigforge/roles/rhel8_cis : Build and Test AIDE Database - Build and Test AIDE Database] ***
skipping: [localhost]

TASK [/stigforge/roles/rhel8_cis : Build and Test AIDE Database - Stage AIDE Database] ***
skipping: [localhost]

TASK [/stigforge/roles/rhel8_cis : Set "Configure AIDE to Verify the Audit Tools - audit_tools fact"] ***
skipping: [localhost]

TASK [/stigforge/roles/rhel8_cis : Configure AIDE to Verify the Audit Tools - Ensure Existing AIDE Configuration for Audit Tools are Correct] ***
skipping: [localhost]

TASK [/stigforge/roles/rhel8_cis : Configure AIDE to Verify the Audit Tools - Configure AIDE to Properly Protect Audit Tools] ***
skipping: [localhost]

TASK [/stigforge/roles/rhel8_cis : Configure Periodic Execution of AIDE - Setup Cron Tab] ***
skipping: [localhost]

TASK [/stigforge/roles/rhel8_cis : Implement Custom Crypto Policy Modules for CIS Benchmark - Set the base crypto policy] ***
ok: [localhost]

TASK [/stigforge/roles/rhel8_cis : Implement Custom Crypto Policy Modules for CIS Benchmark - Create custom crypto policy module NO-SSHCBC] ***
changed: [localhost]

TASK [/stigforge/roles/rhel8_cis : Implement Custom Crypto Policy Modules for CIS Benchmark - Update the expected policy] ***
ok: [localhost]

TASK [/stigforge/roles/rhel8_cis : Implement Custom Crypto Policy Modules for CIS Benchmark - Create custom crypto policy module NO-SSHWEAKCIPHERS] ***
changed: [localhost]

TASK [/stigforge/roles/rhel8_cis : Implement Custom Crypto Policy Modules for CIS Benchmark - Update the expected policy] ***
ok: [localhost]

TASK [/stigforge/roles/rhel8_cis : Implement Custom Crypto Policy Modules for CIS Benchmark - Create custom crypto policy module NO-SSHWEAKMACS] ***
changed: [localhost]

TASK [/stigforge/roles/rhel8_cis : Implement Custom Crypto Policy Modules for CIS Benchmark - Update the expected policy] ***
ok: [localhost]

TASK [/stigforge/roles/rhel8_cis : Implement Custom Crypto Policy Modules for CIS Benchmark - Create custom crypto policy module NO-WEAKMAC] ***
changed: [localhost]

TASK [/stigforge/roles/rhel8_cis : Implement Custom Crypto Policy Modules for CIS Benchmark - Update the expected policy] ***
ok: [localhost]

TASK [/stigforge/roles/rhel8_cis : Implement Custom Crypto Policy Modules for CIS Benchmark - Check current crypto policy] ***
ok: [localhost]

TASK [/stigforge/roles/rhel8_cis : Implement Custom Crypto Policy Modules for CIS Benchmark - Update crypto-policies] ***
changed: [localhost]

TASK [/stigforge/roles/rhel8_cis : Configure SSH to use System Crypto Policy] ***
skipping: [localhost]

TASK [/stigforge/roles/rhel8_cis : Make sure that the dconf databases are up-to-date with regards to respective keyfiles - Get database modification time for gdm] ***
skipping: [localhost]

TASK [/stigforge/roles/rhel8_cis : Make sure that the dconf databases are up-to-date with regards to respective keyfiles - Get keyfiles for gdm] ***
skipping: [localhost]

TASK [/stigforge/roles/rhel8_cis : Make sure that the dconf databases are up-to-date with regards to respective keyfiles - Run dconf update for gdm] ***
skipping: [localhost]

TASK [/stigforge/roles/rhel8_cis : Make sure that the dconf databases are up-to-date with regards to respective keyfiles - Get database modification time for local] ***
skipping: [localhost]

TASK [/stigforge/roles/rhel8_cis : Make sure that the dconf databases are up-to-date with regards to respective keyfiles - Get keyfiles for local] ***
skipping: [localhost]

TASK [/stigforge/roles/rhel8_cis : Make sure that the dconf databases are up-to-date with regards to respective keyfiles - Run dconf update for local] ***
skipping: [localhost]

TASK [/stigforge/roles/rhel8_cis : Disable XWayland: Disable XWayland] *********
skipping: [localhost]

TASK [/stigforge/roles/rhel8_cis : Disable the GNOME3 Login User List] *********
skipping: [localhost]

TASK [/stigforge/roles/rhel8_cis : Prevent user modification of GNOME3 disablement of Login User List] ***
skipping: [localhost]

TASK [/stigforge/roles/rhel8_cis : Dconf Update] *******************************
skipping: [localhost]

TASK [/stigforge/roles/rhel8_cis : Disable XDMCP in GDM] ***********************
skipping: [localhost]

TASK [/stigforge/roles/rhel8_cis : Disable GNOME3 Automounting - automount] ****
skipping: [localhost]

TASK [/stigforge/roles/rhel8_cis : Prevent user modification of GNOME3 Automounting - automount] ***
skipping: [localhost]

TASK [/stigforge/roles/rhel8_cis : Dconf Update] *******************************
skipping: [localhost]

TASK [/stigforge/roles/rhel8_cis : Disable GNOME3 Automounting - automount-open] ***
skipping: [localhost]

TASK [/stigforge/roles/rhel8_cis : Prevent user modification of GNOME3 Automounting - automount-open] ***
skipping: [localhost]

TASK [/stigforge/roles/rhel8_cis : Dconf Update] *******************************
skipping: [localhost]

TASK [/stigforge/roles/rhel8_cis : Disable GNOME3 Automounting - autorun-never] ***
skipping: [localhost]

TASK [/stigforge/roles/rhel8_cis : Prevent user modification of GNOME3 Automounting - autorun-never] ***
skipping: [localhost]

TASK [/stigforge/roles/rhel8_cis : Dconf Update] *******************************
skipping: [localhost]

TASK [/stigforge/roles/rhel8_cis : Set GNOME3 Screensaver Lock Delay After Activation Period] ***
skipping: [localhost]

TASK [/stigforge/roles/rhel8_cis : Dconf Update] *******************************
skipping: [localhost]

TASK [/stigforge/roles/rhel8_cis : Prevent user modification of GNOME lock-delay] ***
skipping: [localhost]

TASK [/stigforge/roles/rhel8_cis : Dconf Update] *******************************
skipping: [localhost]

TASK [/stigforge/roles/rhel8_cis : Ensure use_pty is enabled in /etc/sudoers] ***
skipping: [localhost]

TASK [/stigforge/roles/rhel8_cis : Ensure logfile is enabled with the appropriate value in /etc/sudoers] ***
skipping: [localhost]

TASK [/stigforge/roles/rhel8_cis : Enable logfile option with appropriate value in /etc/sudoers] ***
skipping: [localhost]

TASK [/stigforge/roles/rhel8_cis : Find /etc/sudoers.d/ files] *****************
skipping: [localhost]

TASK [/stigforge/roles/rhel8_cis : Remove lines containing !authenticate from sudoers files] ***
skipping: [localhost]

TASK [/stigforge/roles/rhel8_cis : Disable Installation of Weak Dependencies in DNF - Disable weak dependencies] ***
changed: [localhost]

TASK [/stigforge/roles/rhel8_cis : Ensure GPG check is globally activated] *****
ok: [localhost]

TASK [/stigforge/roles/rhel8_cis : Grep for yum repo section names] ************
ok: [localhost]

TASK [/stigforge/roles/rhel8_cis : Set gpgcheck=1 for each yum repo] ***********
ok: [localhost] => (item=['/etc/yum.repos.d/Rocky-Extras.repo', 'extras'])
ok: [localhost] => (item=['/etc/yum.repos.d/Rocky-Sources.repo', 'baseos-source'])
changed: [localhost] => (item=['/etc/yum.repos.d/Rocky-Sources.repo', 'appstream-source'])
ok: [localhost] => (item=['/etc/yum.repos.d/Rocky-Sources.repo', 'ha-source'])
ok: [localhost] => (item=['/etc/yum.repos.d/Rocky-Sources.repo', 'powertools-source'])
ok: [localhost] => (item=['/etc/yum.repos.d/Rocky-Sources.repo', 'resilient-storage-source'])
ok: [localhost] => (item=['/etc/yum.repos.d/Rocky-ResilientStorage.repo', 'resilient-storage'])
ok: [localhost] => (item=['/etc/yum.repos.d/Rocky-NFV.repo', 'nfv'])
ok: [localhost] => (item=['/etc/yum.repos.d/Rocky-Plus.repo', 'plus'])
ok: [localhost] => (item=['/etc/yum.repos.d/Rocky-PowerTools.repo', 'powertools'])
ok: [localhost] => (item=['/etc/yum.repos.d/Rocky-BaseOS.repo', 'baseos'])
ok: [localhost] => (item=['/etc/yum.repos.d/Rocky-Media.repo', 'media-baseos'])
ok: [localhost] => (item=['/etc/yum.repos.d/Rocky-Media.repo', 'media-appstream'])
ok: [localhost] => (item=['/etc/yum.repos.d/Rocky-AppStream.repo', 'appstream'])
ok: [localhost] => (item=['/etc/yum.repos.d/Rocky-RT.repo', 'rt'])
ok: [localhost] => (item=['/etc/yum.repos.d/Rocky-HighAvailability.repo', 'ha'])
ok: [localhost] => (item=['/etc/yum.repos.d/Rocky-Devel.repo', 'devel'])
ok: [localhost] => (item=['/etc/yum.repos.d/Rocky-Debuginfo.repo', 'baseos-debug'])
ok: [localhost] => (item=['/etc/yum.repos.d/Rocky-Debuginfo.repo', 'appstream-debug'])
ok: [localhost] => (item=['/etc/yum.repos.d/Rocky-Debuginfo.repo', 'ha-debug'])
ok: [localhost] => (item=['/etc/yum.repos.d/Rocky-Debuginfo.repo', 'powertools-debug'])
ok: [localhost] => (item=['/etc/yum.repos.d/Rocky-Debuginfo.repo', 'resilient-storage-debug'])

TASK [/stigforge/roles/rhel8_cis : Ensure Red Hat GPG Key Installed: Read permission of GPG key directory] ***
ok: [localhost]

TASK [/stigforge/roles/rhel8_cis : Ensure Red Hat GPG Key Installed: Read signatures in GPG key] ***
ok: [localhost]

TASK [/stigforge/roles/rhel8_cis : Ensure Red Hat GPG Key Installed: Set Fact - Installed GPG Fingerprints] ***
ok: [localhost]

TASK [/stigforge/roles/rhel8_cis : Ensure Red Hat GPG Key Installed: Set Fact - Valid fingerprints] ***
ok: [localhost]

TASK [/stigforge/roles/rhel8_cis : Ensure Red Hat GPG Key Installed: Import RedHat GPG key] ***
skipping: [localhost]

TASK [/stigforge/roles/rhel8_cis : Enable authselect - Check Current authselect Profile] ***
skipping: [localhost]

TASK [/stigforge/roles/rhel8_cis : Enable authselect - Try to Select an authselect Profile] ***
skipping: [localhost]

TASK [/stigforge/roles/rhel8_cis : Enable authselect - Verify If pam Has Been Altered] ***
skipping: [localhost]

TASK [/stigforge/roles/rhel8_cis : Enable authselect - Informative Message Based on authselect Integrity Check] ***
skipping: [localhost]

TASK [/stigforge/roles/rhel8_cis : Enable authselect - Force authselect Profile Selection] ***
skipping: [localhost]

TASK [/stigforge/roles/rhel8_cis : Ensure Local Login Warning Banner Is Configured Properly - Copy using inline content] ***
skipping: [localhost]

TASK [/stigforge/roles/rhel8_cis : Ensure Remote Login Warning Banner Is Configured Properly - Copy using inline content] ***
skipping: [localhost]

TASK [/stigforge/roles/rhel8_cis : Ensure Message Of The Day Is Configured Properly - Copy using inline content] ***
skipping: [localhost]

TASK [/stigforge/roles/rhel8_cis : Set the file_groupowner_etc_issue_newgroup variable if represented by gid] ***
ok: [localhost]

TASK [/stigforge/roles/rhel8_cis : Test for existence /etc/issue] **************
ok: [localhost]

TASK [/stigforge/roles/rhel8_cis : Ensure group owner on /etc/issue] ***********
ok: [localhost]

TASK [/stigforge/roles/rhel8_cis : Set the file_groupowner_etc_issue_net_newgroup variable if represented by gid] ***
ok: [localhost]

TASK [/stigforge/roles/rhel8_cis : Test for existence /etc/issue.net] **********
ok: [localhost]

TASK [/stigforge/roles/rhel8_cis : Ensure group owner on /etc/issue.net] *******
ok: [localhost]

TASK [/stigforge/roles/rhel8_cis : Set the file_groupowner_etc_motd_newgroup variable if represented by gid] ***
ok: [localhost]

TASK [/stigforge/roles/rhel8_cis : Test for existence /etc/motd] ***************
ok: [localhost]

TASK [/stigforge/roles/rhel8_cis : Ensure group owner on /etc/motd] ************
ok: [localhost]

TASK [/stigforge/roles/rhel8_cis : Set the file_owner_etc_issue_newown variable if represented by uid] ***
ok: [localhost]

TASK [/stigforge/roles/rhel8_cis : Test for existence /etc/issue] **************
ok: [localhost]

TASK [/stigforge/roles/rhel8_cis : Ensure owner on /etc/issue] *****************
ok: [localhost]

TASK [/stigforge/roles/rhel8_cis : Set the file_owner_etc_issue_net_newown variable if represented by uid] ***
ok: [localhost]

TASK [/stigforge/roles/rhel8_cis : Test for existence /etc/issue.net] **********
ok: [localhost]

TASK [/stigforge/roles/rhel8_cis : Ensure owner on /etc/issue.net] *************
ok: [localhost]

TASK [/stigforge/roles/rhel8_cis : Set the file_owner_etc_motd_newown variable if represented by uid] ***
ok: [localhost]

TASK [/stigforge/roles/rhel8_cis : Test for existence /etc/motd] ***************
ok: [localhost]

TASK [/stigforge/roles/rhel8_cis : Ensure owner on /etc/motd] ******************
ok: [localhost]

TASK [/stigforge/roles/rhel8_cis : Test for existence /etc/issue] **************
ok: [localhost]

TASK [/stigforge/roles/rhel8_cis : Ensure permission u-xs,g-xws,o-xwt on /etc/issue] ***
ok: [localhost]

TASK [/stigforge/roles/rhel8_cis : Test for existence /etc/issue.net] **********
ok: [localhost]

TASK [/stigforge/roles/rhel8_cis : Ensure permission u-xs,g-xws,o-xwt on /etc/issue.net] ***
ok: [localhost]

TASK [/stigforge/roles/rhel8_cis : Test for existence /etc/motd] ***************
ok: [localhost]

TASK [/stigforge/roles/rhel8_cis : Ensure permission u-xs,g-xws,o-xwt on /etc/motd] ***
ok: [localhost]

TASK [/stigforge/roles/rhel8_cis : Enable GNOME3 Login Warning Banner] *********
skipping: [localhost]

TASK [/stigforge/roles/rhel8_cis : Prevent user modification of GNOME banner-message-enabled] ***
skipping: [localhost]

TASK [/stigforge/roles/rhel8_cis : Dconf Update] *******************************
skipping: [localhost]

TASK [/stigforge/roles/rhel8_cis : Set the GNOME3 Login Warning Banner Text] ***
skipping: [localhost] => (item=gdm.d) 
skipping: [localhost] => (item=gdm.d/locks) 
skipping: [localhost]

TASK [/stigforge/roles/rhel8_cis : Set the GNOME3 Login Warning Banner Text] ***
skipping: [localhost] => (item=00-security-settings) 
skipping: [localhost] => (item=locks/00-security-settings-lock) 
skipping: [localhost]

TASK [/stigforge/roles/rhel8_cis : Set the GNOME3 Login Warning Banner Text] ***
skipping: [localhost]

TASK [/stigforge/roles/rhel8_cis : Prevent user modification of the GNOME3 Login Warning Banner Text] ***
skipping: [localhost]

TASK [/stigforge/roles/rhel8_cis : Dconf Update] *******************************
skipping: [localhost]

TASK [/stigforge/roles/rhel8_cis : Ensure Active Authselect Profile Includes PAM Modules - Check integrity of authselect current profile] ***
ok: [localhost]

TASK [/stigforge/roles/rhel8_cis : Ensure Active Authselect Profile Includes PAM Modules - Informative message based on the authselect integrity check result] ***
fatal: [localhost]: FAILED! => {
    "assertion": "ansible_check_mode or result_authselect_check_cmd.rc == 0",
    "changed": false,
    "evaluated_to": false,
    "msg": [
        "authselect integrity check failed. Remediation aborted!",
        "This remediation could not be applied because an authselect profile was not selected or the selected profile is not intact.",
        "It is not recommended to manually edit the PAM files when authselect tool is available.",
        "In cases where the default authselect profile does not cover a specific demand, a custom authselect profile is recommended."
    ]
}

TASK [/stigforge/roles/rhel8_cis : StigForge: continue after error in 'Ensure Active Authselect Profile Includes PAM Modules - Informative message based on the authselect integrity check result' (OpenSCAP is the score gate)] ***
ok: [localhost] => {
    "msg": "StigForge: 'Ensure Active Authselect Profile Includes PAM Modules - Informative message based on the authselect integrity check result' raised an error (module or templating) and was skipped; continuing so later rules still run. OpenSCAP evaluates the resulting system state independently."
}

TASK [/stigforge/roles/rhel8_cis : Ensure Active Authselect Profile Includes PAM Modules - Get authselect current profile] ***
ok: [localhost]

TASK [/stigforge/roles/rhel8_cis : Ensure Active Authselect Profile Includes PAM Modules - Define the current authselect profile as a local fact] ***
skipping: [localhost]

TASK [/stigforge/roles/rhel8_cis : Ensure Active Authselect Profile Includes PAM Modules - Define the new authselect custom profile as a local fact] ***
ok: [localhost]

TASK [/stigforge/roles/rhel8_cis : Ensure Active Authselect Profile Includes PAM Modules - Get authselect current features to also enable them in the custom profile] ***
ok: [localhost]

TASK [/stigforge/roles/rhel8_cis : Ensure Active Authselect Profile Includes PAM Modules - Check if any custom profile with the same name was already created] ***
ok: [localhost]

TASK [/stigforge/roles/rhel8_cis : Ensure Active Authselect Profile Includes PAM Modules - Create an authselect custom profile based on the current profile] ***
fatal: [localhost]: FAILED! => {"changed": true, "cmd": ["authselect", "create-profile", "hardening", "-b", "False"], "delta": "0:00:00.002919", "end": "2026-09-12 13:41:28.549760", "msg": "non-zero return code", "rc": 2, "start": "2026-09-12 13:41:28.546841", "stderr": "[error] Unable to read base profile [False] [2]: No such file or directory\n[error] Unable to create profile [2]: No such file or directory\nUnable to create new profile [2]: No such file or directory", "stderr_lines": ["[error] Unable to read base profile [False] [2]: No such file or directory", "[error] Unable to create profile [2]: No such file or directory", "Unable to create new profile [2]: No such file or directory"], "stdout": "", "stdout_lines": []}

TASK [/stigforge/roles/rhel8_cis : StigForge: continue after error in 'Ensure Active Authselect Profile Includes PAM Modules - Create an authselect custom profile based on the current profile' (OpenSCAP is the score gate)] ***
ok: [localhost] => {
    "msg": "StigForge: 'Ensure Active Authselect Profile Includes PAM Modules - Create an authselect custom profile based on the current profile' raised an error (module or templating) and was skipped; continuing so later rules still run. OpenSCAP evaluates the resulting system state independently."
}

TASK [/stigforge/roles/rhel8_cis : Ensure Active Authselect Profile Includes PAM Modules - Create an authselect custom profile based on sssd profile] ***
skipping: [localhost]

TASK [/stigforge/roles/rhel8_cis : Ensure Active Authselect Profile Includes PAM Modules - Ensure authselect changes are applied] ***
fatal: [localhost]: FAILED! => {"msg": "The conditional check 'authselect_custom_profile is not match(authselect_current_profile)' failed. The error was: Unexpected templating type error occurred on ({% if authselect_custom_profile is not match(authselect_current_profile) %} True {% else %} False {% endif %}): first argument must be string or compiled pattern. first argument must be string or compiled pattern\n\nThe error appears to be in '/stigforge/roles/rhel8_cis/tasks/cis-ws-l2.yml': line 4203, column 5, but may\nbe elsewhere in the file depending on the exact syntax problem.\n\nThe offending line appears to be:\n\n- block:\n  - name: Ensure Active Authselect Profile Includes PAM Modules - Ensure authselect changes are applied\n    ^ here\n"}

TASK [/stigforge/roles/rhel8_cis : StigForge: continue after error in 'Ensure Active Authselect Profile Includes PAM Modules - Ensure authselect changes are applied' (OpenSCAP is the score gate)] ***
ok: [localhost] => {
    "msg": "StigForge: 'Ensure Active Authselect Profile Includes PAM Modules - Ensure authselect changes are applied' raised an error (module or templating) and was skipped; continuing so later rules still run. OpenSCAP evaluates the resulting system state independently."
}

TASK [/stigforge/roles/rhel8_cis : Ensure Active Authselect Profile Includes PAM Modules - Ensure the authselect custom profile is selected] ***
fatal: [localhost]: FAILED! => {"msg": "The conditional check 'authselect_custom_profile is not match(authselect_current_profile)' failed. The error was: Unexpected templating type error occurred on ({% if authselect_custom_profile is not match(authselect_current_profile) %} True {% else %} False {% endif %}): first argument must be string or compiled pattern. first argument must be string or compiled pattern\n\nThe error appears to be in '/stigforge/roles/rhel8_cis/tasks/cis-ws-l2.yml': line 4230, column 5, but may\nbe elsewhere in the file depending on the exact syntax problem.\n\nThe offending line appears to be:\n\n- block:\n  - name: Ensure Active Authselect Profile Includes PAM Modules - Ensure the authselect custom profile is selected\n    ^ here\n"}

TASK [/stigforge/roles/rhel8_cis : StigForge: continue after error in 'Ensure Active Authselect Profile Includes PAM Modules - Ensure the authselect custom profile is selected' (OpenSCAP is the score gate)] ***
ok: [localhost] => {
    "msg": "StigForge: 'Ensure Active Authselect Profile Includes PAM Modules - Ensure the authselect custom profile is selected' raised an error (module or templating) and was skipped; continuing so later rules still run. OpenSCAP evaluates the resulting system state independently."
}

TASK [/stigforge/roles/rhel8_cis : Ensure Active Authselect Profile Includes PAM Modules - Restore the authselect features in the custom profile] ***
skipping: [localhost]

TASK [/stigforge/roles/rhel8_cis : Ensure Active Authselect Profile Includes PAM Modules - Ensure authselect changes are applied] ***
skipping: [localhost]

TASK [/stigforge/roles/rhel8_cis : Ensure Active Authselect Profile Includes PAM Modules - Get authselect current profile] ***
fatal: [localhost]: FAILED! => {"changed": false, "cmd": ["head", "-1", "/etc/authselect/authselect.conf"], "delta": "0:00:00.003377", "end": "2026-09-12 13:41:28.947080", "msg": "non-zero return code", "rc": 1, "start": "2026-09-12 13:41:28.943703", "stderr": "head: cannot open '/etc/authselect/authselect.conf' for reading: No such file or directory", "stderr_lines": ["head: cannot open '/etc/authselect/authselect.conf' for reading: No such file or directory"], "stdout": "", "stdout_lines": []}

TASK [/stigforge/roles/rhel8_cis : StigForge: continue after error in 'Ensure Active Authselect Profile Includes PAM Modules - Get authselect current profile' (OpenSCAP is the score gate)] ***
ok: [localhost] => {
    "msg": "StigForge: 'Ensure Active Authselect Profile Includes PAM Modules - Get authselect current profile' raised an error (module or templating) and was skipped; continuing so later rules still run. OpenSCAP evaluates the resulting system state independently."
}

TASK [/stigforge/roles/rhel8_cis : Ensure Active Authselect Profile Includes PAM Modules - Determine PAM profile path] ***
ok: [localhost]

TASK [/stigforge/roles/rhel8_cis : Ensure Active Authselect Profile Includes PAM Modules - Check if {{ item }} file exists] ***
ok: [localhost] => (item=system-auth)
ok: [localhost] => (item=password-auth)

TASK [/stigforge/roles/rhel8_cis : Ensure Active Authselect Profile Includes PAM Modules - Set list of PAM files to process] ***
ok: [localhost]

TASK [/stigforge/roles/rhel8_cis : Ensure Active Authselect Profile Includes PAM Modules - Check if pam_faillock.so exists in auth section of {{ item }}] ***
skipping: [localhost]

TASK [/stigforge/roles/rhel8_cis : Ensure Active Authselect Profile Includes PAM Modules - Add pam_faillock.so preauth entry in auth section of {{ item }}] ***
skipping: [localhost]

TASK [/stigforge/roles/rhel8_cis : Ensure Active Authselect Profile Includes PAM Modules - Check if pam_faillock.so exists in account section of {{ item }}] ***
skipping: [localhost]

TASK [/stigforge/roles/rhel8_cis : Ensure Active Authselect Profile Includes PAM Modules - Add pam_faillock.so entry in account section of {{ item }}] ***
skipping: [localhost]

TASK [/stigforge/roles/rhel8_cis : Ensure Active Authselect Profile Includes PAM Modules - Check if pam_pwquality.so exists in {{ item }}] ***
skipping: [localhost]

TASK [/stigforge/roles/rhel8_cis : Ensure Active Authselect Profile Includes PAM Modules - Add pam_pwquality.so entry in password section of {{ item }}] ***
skipping: [localhost]

TASK [/stigforge/roles/rhel8_cis : Ensure Active Authselect Profile Includes PAM Modules - Check if pam_pwhistory.so exists in {{ item }}] ***
skipping: [localhost]

TASK [/stigforge/roles/rhel8_cis : Ensure Active Authselect Profile Includes PAM Modules - Add pam_pwhistory.so entry after pam_pwquality in {{ item }}] ***
skipping: [localhost]

TASK [/stigforge/roles/rhel8_cis : Ensure Active Authselect Profile Includes PAM Modules - Add pam_pwhistory.so entry at beginning of password section in {{ item }}] ***
skipping: [localhost]

TASK [/stigforge/roles/rhel8_cis : Ensure Active Authselect Profile Includes PAM Modules - Check if pam_unix.so exists in password section of {{ item }}] ***
skipping: [localhost]

TASK [/stigforge/roles/rhel8_cis : Ensure Active Authselect Profile Includes PAM Modules - Add pam_unix.so entry after pam_pwhistory in {{ item }}] ***
skipping: [localhost]

TASK [/stigforge/roles/rhel8_cis : Ensure Active Authselect Profile Includes PAM Modules - Add pam_unix.so entry at end of password section in {{ item }}] ***
skipping: [localhost]

TASK [/stigforge/roles/rhel8_cis : Ensure Active Authselect Profile Includes PAM Modules - Store results for {{ item }}] ***
skipping: [localhost]

TASK [/stigforge/roles/rhel8_cis : Ensure Active Authselect Profile Includes PAM Modules - Ensure authselect changes are applied] ***
skipping: [localhost]

TASK [/stigforge/roles/rhel8_cis : Configure the Use of the pam_faillock.so Module in the /etc/pam.d/password-auth File. - Get current authselect profile] ***
skipping: [localhost]

TASK [/stigforge/roles/rhel8_cis : Configure the Use of the pam_faillock.so Module in the /etc/pam.d/password-auth File. - Force reselect authselect profile] ***
skipping: [localhost]

TASK [/stigforge/roles/rhel8_cis : Configure the Use of the pam_faillock.so Module in the /etc/pam.d/password-auth File. - Check if system relies on authselect tool] ***
skipping: [localhost]

TASK [/stigforge/roles/rhel8_cis : Configure the Use of the pam_faillock.so Module in the /etc/pam.d/password-auth File. - Check integrity of authselect current profile] ***
skipping: [localhost]

TASK [/stigforge/roles/rhel8_cis : Configure the Use of the pam_faillock.so Module in the /etc/pam.d/password-auth File. - Informative message based on the authselect integrity check result] ***
skipping: [localhost]

TASK [/stigforge/roles/rhel8_cis : Configure the Use of the pam_faillock.so Module in the /etc/pam.d/password-auth File. - Get authselect current features] ***
skipping: [localhost]

TASK [/stigforge/roles/rhel8_cis : Configure the Use of the pam_faillock.so Module in the /etc/pam.d/password-auth File. - Ensure "with-faillock" feature is enabled using authselect tool] ***
skipping: [localhost]

TASK [/stigforge/roles/rhel8_cis : Configure the Use of the pam_faillock.so Module in the /etc/pam.d/password-auth File. - Ensure authselect changes are applied] ***
skipping: [localhost]

TASK [/stigforge/roles/rhel8_cis : Configure the Use of the pam_faillock.so Module in the /etc/pam.d/password-auth File. - Check if pam_faillock.so is already enabled] ***
skipping: [localhost]

TASK [/stigforge/roles/rhel8_cis : Configure the Use of the pam_faillock.so Module in the /etc/pam.d/password-auth File. - Enable pam_faillock.so preauth editing PAM files] ***
skipping: [localhost] => (item=/etc/pam.d/system-auth) 
skipping: [localhost] => (item=/etc/pam.d/password-auth) 
skipping: [localhost]

TASK [/stigforge/roles/rhel8_cis : Configure the Use of the pam_faillock.so Module in the /etc/pam.d/password-auth File. - Enable pam_faillock.so authfail editing PAM files] ***
skipping: [localhost] => (item=/etc/pam.d/system-auth) 
skipping: [localhost] => (item=/etc/pam.d/password-auth) 
skipping: [localhost]

TASK [/stigforge/roles/rhel8_cis : Configure the Use of the pam_faillock.so Module in the /etc/pam.d/password-auth File. - Enable pam_faillock.so account section editing PAM files] ***
skipping: [localhost] => (item=/etc/pam.d/system-auth) 
skipping: [localhost] => (item=/etc/pam.d/password-auth) 
skipping: [localhost]

TASK [/stigforge/roles/rhel8_cis : Configure the Use of the pam_faillock.so Module in the /etc/pam.d/system-auth File. - Check if system relies on authselect tool] ***
skipping: [localhost]

TASK [/stigforge/roles/rhel8_cis : Configure the Use of the pam_faillock.so Module in the /etc/pam.d/system-auth File. - Check integrity of authselect current profile] ***
skipping: [localhost]

TASK [/stigforge/roles/rhel8_cis : Configure the Use of the pam_faillock.so Module in the /etc/pam.d/system-auth File. - Informative message based on the authselect integrity check result] ***
skipping: [localhost]

TASK [/stigforge/roles/rhel8_cis : Configure the Use of the pam_faillock.so Module in the /etc/pam.d/system-auth File. - Get authselect current features] ***
skipping: [localhost]

TASK [/stigforge/roles/rhel8_cis : Configure the Use of the pam_faillock.so Module in the /etc/pam.d/system-auth File. - Ensure "with-faillock" feature is enabled using authselect tool] ***
skipping: [localhost]

TASK [/stigforge/roles/rhel8_cis : Configure the Use of the pam_faillock.so Module in the /etc/pam.d/system-auth File. - Ensure authselect changes are applied] ***
skipping: [localhost]

TASK [/stigforge/roles/rhel8_cis : Configure the Use of the pam_faillock.so Module in the /etc/pam.d/system-auth File. - Check if pam_faillock.so is already enabled] ***
skipping: [localhost]

TASK [/stigforge/roles/rhel8_cis : Configure the Use of the pam_faillock.so Module in the /etc/pam.d/system-auth File. - Enable pam_faillock.so preauth editing PAM files] ***
skipping: [localhost] => (item=/etc/pam.d/system-auth) 
skipping: [localhost] => (item=/etc/pam.d/password-auth) 
skipping: [localhost]

TASK [/stigforge/roles/rhel8_cis : Configure the Use of the pam_faillock.so Module in the /etc/pam.d/system-auth File. - Enable pam_faillock.so authfail editing PAM files] ***
skipping: [localhost] => (item=/etc/pam.d/system-auth) 
skipping: [localhost] => (item=/etc/pam.d/password-auth) 
skipping: [localhost]

TASK [/stigforge/roles/rhel8_cis : Configure the Use of the pam_faillock.so Module in the /etc/pam.d/system-auth File. - Enable pam_faillock.so account section editing PAM files] ***
skipping: [localhost] => (item=/etc/pam.d/system-auth) 
skipping: [localhost] => (item=/etc/pam.d/password-auth) 
skipping: [localhost]

TASK [/stigforge/roles/rhel8_cis : Ensure Password History Is Enforced for the Root User] ***
skipping: [localhost]

TASK [/stigforge/roles/rhel8_cis : Limit Password Reuse: password-auth - Check if system relies on authselect tool] ***
skipping: [localhost]

TASK [/stigforge/roles/rhel8_cis : Limit Password Reuse: password-auth - Collect the available authselect features] ***
skipping: [localhost]

TASK [/stigforge/roles/rhel8_cis : Limit Password Reuse: password-auth - Check integrity of authselect current profile] ***
skipping: [localhost]

TASK [/stigforge/roles/rhel8_cis : Limit Password Reuse: password-auth - Informative message based on the authselect integrity check result] ***
skipping: [localhost]

TASK [/stigforge/roles/rhel8_cis : Limit Password Reuse: password-auth - Get authselect current features] ***
skipping: [localhost]

TASK [/stigforge/roles/rhel8_cis : Limit Password Reuse: password-auth - Ensure "with-pwhistory" feature is enabled using authselect tool] ***
skipping: [localhost]

TASK [/stigforge/roles/rhel8_cis : Limit Password Reuse: password-auth - Ensure authselect changes are applied] ***
skipping: [localhost]

TASK [/stigforge/roles/rhel8_cis : Limit Password Reuse: password-auth - Define the PAM file to be edited as a local fact] ***
skipping: [localhost]

TASK [/stigforge/roles/rhel8_cis : Limit Password Reuse: password-auth - Check if system relies on authselect tool] ***
skipping: [localhost]

TASK [/stigforge/roles/rhel8_cis : Limit Password Reuse: password-auth - Check integrity of authselect current profile] ***
skipping: [localhost]

TASK [/stigforge/roles/rhel8_cis : Limit Password Reuse: password-auth - Informative message based on the authselect integrity check result] ***
skipping: [localhost]

TASK [/stigforge/roles/rhel8_cis : Limit Password Reuse: password-auth - Get authselect current profile] ***
skipping: [localhost]

TASK [/stigforge/roles/rhel8_cis : Limit Password Reuse: password-auth - Define the current authselect profile as a local fact] ***
skipping: [localhost]

TASK [/stigforge/roles/rhel8_cis : Limit Password Reuse: password-auth - Define the new authselect custom profile as a local fact] ***
skipping: [localhost]

TASK [/stigforge/roles/rhel8_cis : Limit Password Reuse: password-auth - Get authselect current features to also enable them in the custom profile] ***
skipping: [localhost]

TASK [/stigforge/roles/rhel8_cis : Limit Password Reuse: password-auth - Check if any custom profile with the same name was already created] ***
skipping: [localhost]

TASK [/stigforge/roles/rhel8_cis : Limit Password Reuse: password-auth - Create an authselect custom profile based on the current profile] ***
skipping: [localhost]

TASK [/stigforge/roles/rhel8_cis : Limit Password Reuse: password-auth - Create an authselect custom profile based on sssd profile] ***
skipping: [localhost]

TASK [/stigforge/roles/rhel8_cis : Limit Password Reuse: password-auth - Ensure authselect changes are applied] ***
skipping: [localhost]

TASK [/stigforge/roles/rhel8_cis : Limit Password Reuse: password-auth - Ensure the authselect custom profile is selected] ***
skipping: [localhost]

TASK [/stigforge/roles/rhel8_cis : Limit Password Reuse: password-auth - Restore the authselect features in the custom profile] ***
skipping: [localhost]

TASK [/stigforge/roles/rhel8_cis : Limit Password Reuse: password-auth - Ensure authselect changes are applied] ***
skipping: [localhost]

TASK [/stigforge/roles/rhel8_cis : Limit Password Reuse: password-auth - Change the PAM file to be edited according to the custom authselect profile] ***
skipping: [localhost]

TASK [/stigforge/roles/rhel8_cis : Limit Password Reuse: password-auth - Define a fact for control already filtered in case filters are used] ***
skipping: [localhost]

TASK [/stigforge/roles/rhel8_cis : Limit Password Reuse: password-auth - Check if expected PAM module line is present in {{ pam_file_path }}] ***
skipping: [localhost]

TASK [/stigforge/roles/rhel8_cis : Limit Password Reuse: password-auth - Check if required PAM module line is present in {{ pam_file_path }} with different control] ***
skipping: [localhost]

TASK [/stigforge/roles/rhel8_cis : Limit Password Reuse: password-auth - Ensure the correct control for the required PAM module line in {{ pam_file_path }}] ***
skipping: [localhost]

TASK [/stigforge/roles/rhel8_cis : Limit Password Reuse: password-auth - Ensure the required PAM module line is included in {{ pam_file_path }}] ***
skipping: [localhost]

TASK [/stigforge/roles/rhel8_cis : Limit Password Reuse: password-auth - Ensure authselect changes are applied] ***
skipping: [localhost]

TASK [/stigforge/roles/rhel8_cis : Limit Password Reuse: password-auth - Check the presence of /etc/security/pwhistory.conf file] ***
skipping: [localhost]

TASK [/stigforge/roles/rhel8_cis : Limit Password Reuse: password-auth - Ensure the pam_pwhistory.so remember parameter in /etc/security/pwhistory.conf] ***
skipping: [localhost]

TASK [/stigforge/roles/rhel8_cis : Limit Password Reuse: password-auth - Check if /etc/pam.d/password-auth file is present] ***
skipping: [localhost]

TASK [/stigforge/roles/rhel8_cis : Limit Password Reuse: password-auth - Define the PAM file to be edited as a local fact] ***
skipping: [localhost]

TASK [/stigforge/roles/rhel8_cis : Limit Password Reuse: password-auth - Check if system relies on authselect tool] ***
skipping: [localhost]

TASK [/stigforge/roles/rhel8_cis : Limit Password Reuse: password-auth - Check integrity of authselect current profile] ***
skipping: [localhost]

TASK [/stigforge/roles/rhel8_cis : Limit Password Reuse: password-auth - Informative message based on the authselect integrity check result] ***
skipping: [localhost]

TASK [/stigforge/roles/rhel8_cis : Limit Password Reuse: password-auth - Get authselect current profile] ***
skipping: [localhost]

TASK [/stigforge/roles/rhel8_cis : Limit Password Reuse: password-auth - Define the current authselect profile as a local fact] ***
skipping: [localhost]

TASK [/stigforge/roles/rhel8_cis : Limit Password Reuse: password-auth - Define the new authselect custom profile as a local fact] ***
skipping: [localhost]

TASK [/stigforge/roles/rhel8_cis : Limit Password Reuse: password-auth - Get authselect current features to also enable them in the custom profile] ***
skipping: [localhost]

TASK [/stigforge/roles/rhel8_cis : Limit Password Reuse: password-auth - Check if any custom profile with the same name was already created] ***
skipping: [localhost]

TASK [/stigforge/roles/rhel8_cis : Limit Password Reuse: password-auth - Create an authselect custom profile based on the current profile] ***
skipping: [localhost]

TASK [/stigforge/roles/rhel8_cis : Limit Password Reuse: password-auth - Create an authselect custom profile based on sssd profile] ***
skipping: [localhost]

TASK [/stigforge/roles/rhel8_cis : Limit Password Reuse: password-auth - Ensure authselect changes are applied] ***
skipping: [localhost]

TASK [/stigforge/roles/rhel8_cis : Limit Password Reuse: password-auth - Ensure the authselect custom profile is selected] ***
skipping: [localhost]

TASK [/stigforge/roles/rhel8_cis : Limit Password Reuse: password-auth - Restore the authselect features in the custom profile] ***
skipping: [localhost]

TASK [/stigforge/roles/rhel8_cis : Limit Password Reuse: password-auth - Ensure authselect changes are applied] ***
skipping: [localhost]

TASK [/stigforge/roles/rhel8_cis : Limit Password Reuse: password-auth - Change the PAM file to be edited according to the custom authselect profile] ***
skipping: [localhost]

TASK [/stigforge/roles/rhel8_cis : Limit Password Reuse: password-auth - Define a fact for control already filtered in case filters are used] ***
skipping: [localhost]

TASK [/stigforge/roles/rhel8_cis : Limit Password Reuse: password-auth - Check if {{ pam_file_path }} file is present] ***
skipping: [localhost]

TASK [/stigforge/roles/rhel8_cis : Limit Password Reuse: password-auth - Ensure the "remember" option from "pam_pwhistory.so" is not present in {{ pam_file_path }}] ***
skipping: [localhost]

TASK [/stigforge/roles/rhel8_cis : Limit Password Reuse: password-auth - Ensure authselect changes are applied] ***
skipping: [localhost]

TASK [/stigforge/roles/rhel8_cis : Limit Password Reuse: password-auth - Define the PAM file to be edited as a local fact] ***
skipping: [localhost]

TASK [/stigforge/roles/rhel8_cis : Limit Password Reuse: password-auth - Check if system relies on authselect tool] ***
skipping: [localhost]

TASK [/stigforge/roles/rhel8_cis : Limit Password Reuse: password-auth - Check integrity of authselect current profile] ***
skipping: [localhost]

TASK [/stigforge/roles/rhel8_cis : Limit Password Reuse: password-auth - Informative message based on the authselect integrity check result] ***
skipping: [localhost]

TASK [/stigforge/roles/rhel8_cis : Limit Password Reuse: password-auth - Get authselect current profile] ***
skipping: [localhost]

TASK [/stigforge/roles/rhel8_cis : Limit Password Reuse: password-auth - Define the current authselect profile as a local fact] ***
skipping: [localhost]

TASK [/stigforge/roles/rhel8_cis : Limit Password Reuse: password-auth - Define the new authselect custom profile as a local fact] ***
skipping: [localhost]

TASK [/stigforge/roles/rhel8_cis : Limit Password Reuse: password-auth - Get authselect current features to also enable them in the custom profile] ***
skipping: [localhost]

TASK [/stigforge/roles/rhel8_cis : Limit Password Reuse: password-auth - Check if any custom profile with the same name was already created] ***
skipping: [localhost]

TASK [/stigforge/roles/rhel8_cis : Limit Password Reuse: password-auth - Create an authselect custom profile based on the current profile] ***
skipping: [localhost]

TASK [/stigforge/roles/rhel8_cis : Limit Password Reuse: password-auth - Create an authselect custom profile based on sssd profile] ***
skipping: [localhost]

TASK [/stigforge/roles/rhel8_cis : Limit Password Reuse: password-auth - Ensure authselect changes are applied] ***
skipping: [localhost]

TASK [/stigforge/roles/rhel8_cis : Limit Password Reuse: password-auth - Ensure the authselect custom profile is selected] ***
skipping: [localhost]

TASK [/stigforge/roles/rhel8_cis : Limit Password Reuse: password-auth - Restore the authselect features in the custom profile] ***
skipping: [localhost]

TASK [/stigforge/roles/rhel8_cis : Limit Password Reuse: password-auth - Ensure authselect changes are applied] ***
skipping: [localhost]

TASK [/stigforge/roles/rhel8_cis : Limit Password Reuse: password-auth - Change the PAM file to be edited according to the custom authselect profile] ***
skipping: [localhost]

TASK [/stigforge/roles/rhel8_cis : Limit Password Reuse: password-auth - Define a fact for control already filtered in case filters are used] ***
skipping: [localhost]

TASK [/stigforge/roles/rhel8_cis : Limit Password Reuse: password-auth - Check if expected PAM module line is present in {{ pam_file_path }}] ***
skipping: [localhost]

TASK [/stigforge/roles/rhel8_cis : Limit Password Reuse: password-auth - Check if required PAM module line is present in {{ pam_file_path }} with different control] ***
skipping: [localhost]

TASK [/stigforge/roles/rhel8_cis : Limit Password Reuse: password-auth - Ensure the correct control for the required PAM module line in {{ pam_file_path }}] ***
skipping: [localhost]

TASK [/stigforge/roles/rhel8_cis : Limit Password Reuse: password-auth - Ensure the required PAM module line is included in {{ pam_file_path }}] ***
skipping: [localhost]

TASK [/stigforge/roles/rhel8_cis : Limit Password Reuse: password-auth - Ensure authselect changes are applied] ***
skipping: [localhost]

TASK [/stigforge/roles/rhel8_cis : Limit Password Reuse: password-auth - Define a fact for control already filtered in case filters are used] ***
skipping: [localhost]

TASK [/stigforge/roles/rhel8_cis : Limit Password Reuse: password-auth - Check if the required PAM module option is present in {{ pam_file_path }}] ***
skipping: [localhost]

TASK [/stigforge/roles/rhel8_cis : Limit Password Reuse: password-auth - Ensure the "remember" PAM option for "pam_pwhistory.so" is included in {{ pam_file_path }}] ***
skipping: [localhost]

TASK [/stigforge/roles/rhel8_cis : Limit Password Reuse: password-auth - Ensure the required value for "remember" PAM option from "pam_pwhistory.so" in {{ pam_file_path }}] ***
skipping: [localhost]

TASK [/stigforge/roles/rhel8_cis : Limit Password Reuse: password-auth - Ensure authselect changes are applied] ***
skipping: [localhost]

TASK [/stigforge/roles/rhel8_cis : Limit Password Reuse: system-auth - Check if system relies on authselect tool] ***
skipping: [localhost]

TASK [/stigforge/roles/rhel8_cis : Limit Password Reuse: system-auth - Collect the available authselect features] ***
skipping: [localhost]

TASK [/stigforge/roles/rhel8_cis : Limit Password Reuse: system-auth - Check integrity of authselect current profile] ***
skipping: [localhost]

TASK [/stigforge/roles/rhel8_cis : Limit Password Reuse: system-auth - Informative message based on the authselect integrity check result] ***
skipping: [localhost]

TASK [/stigforge/roles/rhel8_cis : Limit Password Reuse: system-auth - Get authselect current features] ***
skipping: [localhost]

TASK [/stigforge/roles/rhel8_cis : Limit Password Reuse: system-auth - Ensure "with-pwhistory" feature is enabled using authselect tool] ***
skipping: [localhost]

TASK [/stigforge/roles/rhel8_cis : Limit Password Reuse: system-auth - Ensure authselect changes are applied] ***
skipping: [localhost]

TASK [/stigforge/roles/rhel8_cis : Limit Password Reuse: system-auth - Define the PAM file to be edited as a local fact] ***
skipping: [localhost]

TASK [/stigforge/roles/rhel8_cis : Limit Password Reuse: system-auth - Check if system relies on authselect tool] ***
skipping: [localhost]

TASK [/stigforge/roles/rhel8_cis : Limit Password Reuse: system-auth - Check integrity of authselect current profile] ***
skipping: [localhost]

TASK [/stigforge/roles/rhel8_cis : Limit Password Reuse: system-auth - Informative message based on the authselect integrity check result] ***
skipping: [localhost]

TASK [/stigforge/roles/rhel8_cis : Limit Password Reuse: system-auth - Get authselect current profile] ***
skipping: [localhost]

TASK [/stigforge/roles/rhel8_cis : Limit Password Reuse: system-auth - Define the current authselect profile as a local fact] ***
skipping: [localhost]

TASK [/stigforge/roles/rhel8_cis : Limit Password Reuse: system-auth - Define the new authselect custom profile as a local fact] ***
skipping: [localhost]

TASK [/stigforge/roles/rhel8_cis : Limit Password Reuse: system-auth - Get authselect current features to also enable them in the custom profile] ***
skipping: [localhost]

TASK [/stigforge/roles/rhel8_cis : Limit Password Reuse: system-auth - Check if any custom profile with the same name was already created] ***
skipping: [localhost]

TASK [/stigforge/roles/rhel8_cis : Limit Password Reuse: system-auth - Create an authselect custom profile based on the current profile] ***
skipping: [localhost]

TASK [/stigforge/roles/rhel8_cis : Limit Password Reuse: system-auth - Create an authselect custom profile based on sssd profile] ***
skipping: [localhost]

TASK [/stigforge/roles/rhel8_cis : Limit Password Reuse: system-auth - Ensure authselect changes are applied] ***
skipping: [localhost]

TASK [/stigforge/roles/rhel8_cis : Limit Password Reuse: system-auth - Ensure the authselect custom profile is selected] ***
skipping: [localhost]

TASK [/stigforge/roles/rhel8_cis : Limit Password Reuse: system-auth - Restore the authselect features in the custom profile] ***
skipping: [localhost]

TASK [/stigforge/roles/rhel8_cis : Limit Password Reuse: system-auth - Ensure authselect changes are applied] ***
skipping: [localhost]

TASK [/stigforge/roles/rhel8_cis : Limit Password Reuse: system-auth - Change the PAM file to be edited according to the custom authselect profile] ***
skipping: [localhost]

TASK [/stigforge/roles/rhel8_cis : Limit Password Reuse: system-auth - Define a fact for control already filtered in case filters are used] ***
skipping: [localhost]

TASK [/stigforge/roles/rhel8_cis : Limit Password Reuse: system-auth - Check if expected PAM module line is present in {{ pam_file_path }}] ***
skipping: [localhost]

TASK [/stigforge/roles/rhel8_cis : Limit Password Reuse: system-auth - Check if required PAM module line is present in {{ pam_file_path }} with different control] ***
skipping: [localhost]

TASK [/stigforge/roles/rhel8_cis : Limit Password Reuse: system-auth - Ensure the correct control for the required PAM module line in {{ pam_file_path }}] ***
skipping: [localhost]

TASK [/stigforge/roles/rhel8_cis : Limit Password Reuse: system-auth - Ensure the required PAM module line is included in {{ pam_file_path }}] ***
skipping: [localhost]

TASK [/stigforge/roles/rhel8_cis : Limit Password Reuse: system-auth - Ensure authselect changes are applied] ***
skipping: [localhost]

TASK [/stigforge/roles/rhel8_cis : Limit Password Reuse: system-auth - Check the presence of /etc/security/pwhistory.conf file] ***
skipping: [localhost]

TASK [/stigforge/roles/rhel8_cis : Limit Password Reuse: system-auth - Ensure the pam_pwhistory.so remember parameter in /etc/security/pwhistory.conf] ***
skipping: [localhost]

TASK [/stigforge/roles/rhel8_cis : Limit Password Reuse: system-auth - Check if /etc/pam.d/system-auth file is present] ***
skipping: [localhost]

TASK [/stigforge/roles/rhel8_cis : Limit Password Reuse: system-auth - Define the PAM file to be edited as a local fact] ***
skipping: [localhost]

TASK [/stigforge/roles/rhel8_cis : Limit Password Reuse: system-auth - Check if system relies on authselect tool] ***
skipping: [localhost]

TASK [/stigforge/roles/rhel8_cis : Limit Password Reuse: system-auth - Check integrity of authselect current profile] ***
skipping: [localhost]

TASK [/stigforge/roles/rhel8_cis : Limit Password Reuse: system-auth - Informative message based on the authselect integrity check result] ***
skipping: [localhost]

TASK [/stigforge/roles/rhel8_cis : Limit Password Reuse: system-auth - Get authselect current profile] ***
skipping: [localhost]

TASK [/stigforge/roles/rhel8_cis : Limit Password Reuse: system-auth - Define the current authselect profile as a local fact] ***
skipping: [localhost]

TASK [/stigforge/roles/rhel8_cis : Limit Password Reuse: system-auth - Define the new authselect custom profile as a local fact] ***
skipping: [localhost]

TASK [/stigforge/roles/rhel8_cis : Limit Password Reuse: system-auth - Get authselect current features to also enable them in the custom profile] ***
skipping: [localhost]

TASK [/stigforge/roles/rhel8_cis : Limit Password Reuse: system-auth - Check if any custom profile with the same name was already created] ***
skipping: [localhost]

TASK [/stigforge/roles/rhel8_cis : Limit Password Reuse: system-auth - Create an authselect custom profile based on the current profile] ***
skipping: [localhost]

TASK [/stigforge/roles/rhel8_cis : Limit Password Reuse: system-auth - Create an authselect custom profile based on sssd profile] ***
skipping: [localhost]

TASK [/stigforge/roles/rhel8_cis : Limit Password Reuse: system-auth - Ensure authselect changes are applied] ***
skipping: [localhost]

TASK [/stigforge/roles/rhel8_cis : Limit Password Reuse: system-auth - Ensure the authselect custom profile is selected] ***
skipping: [localhost]

TASK [/stigforge/roles/rhel8_cis : Limit Password Reuse: system-auth - Restore the authselect features in the custom profile] ***
skipping: [localhost]

TASK [/stigforge/roles/rhel8_cis : Limit Password Reuse: system-auth - Ensure authselect changes are applied] ***
skipping: [localhost]

TASK [/stigforge/roles/rhel8_cis : Limit Password Reuse: system-auth - Change the PAM file to be edited according to the custom authselect profile] ***
skipping: [localhost]

TASK [/stigforge/roles/rhel8_cis : Limit Password Reuse: system-auth - Define a fact for control already filtered in case filters are used] ***
skipping: [localhost]

TASK [/stigforge/roles/rhel8_cis : Limit Password Reuse: system-auth - Check if {{ pam_file_path }} file is present] ***
skipping: [localhost]

TASK [/stigforge/roles/rhel8_cis : Limit Password Reuse: system-auth - Ensure the "remember" option from "pam_pwhistory.so" is not present in {{ pam_file_path }}] ***
skipping: [localhost]

TASK [/stigforge/roles/rhel8_cis : Limit Password Reuse: system-auth - Ensure authselect changes are applied] ***
skipping: [localhost]

TASK [/stigforge/roles/rhel8_cis : Limit Password Reuse: system-auth - Define the PAM file to be edited as a local fact] ***
skipping: [localhost]

TASK [/stigforge/roles/rhel8_cis : Limit Password Reuse: system-auth - Check if system relies on authselect tool] ***
skipping: [localhost]

TASK [/stigforge/roles/rhel8_cis : Limit Password Reuse: system-auth - Check integrity of authselect current profile] ***
skipping: [localhost]

TASK [/stigforge/roles/rhel8_cis : Limit Password Reuse: system-auth - Informative message based on the authselect integrity check result] ***
skipping: [localhost]

TASK [/stigforge/roles/rhel8_cis : Limit Password Reuse: system-auth - Get authselect current profile] ***
skipping: [localhost]

TASK [/stigforge/roles/rhel8_cis : Limit Password Reuse: system-auth - Define the current authselect profile as a local fact] ***
skipping: [localhost]

TASK [/stigforge/roles/rhel8_cis : Limit Password Reuse: system-auth - Define the new authselect custom profile as a local fact] ***
skipping: [localhost]

TASK [/stigforge/roles/rhel8_cis : Limit Password Reuse: system-auth - Get authselect current features to also enable them in the custom profile] ***
skipping: [localhost]

TASK [/stigforge/roles/rhel8_cis : Limit Password Reuse: system-auth - Check if any custom profile with the same name was already created] ***
skipping: [localhost]

TASK [/stigforge/roles/rhel8_cis : Limit Password Reuse: system-auth - Create an authselect custom profile based on the current profile] ***
skipping: [localhost]

TASK [/stigforge/roles/rhel8_cis : Limit Password Reuse: system-auth - Create an authselect custom profile based on sssd profile] ***
skipping: [localhost]

TASK [/stigforge/roles/rhel8_cis : Limit Password Reuse: system-auth - Ensure authselect changes are applied] ***
skipping: [localhost]

TASK [/stigforge/roles/rhel8_cis : Limit Password Reuse: system-auth - Ensure the authselect custom profile is selected] ***
skipping: [localhost]

TASK [/stigforge/roles/rhel8_cis : Limit Password Reuse: system-auth - Restore the authselect features in the custom profile] ***
skipping: [localhost]

TASK [/stigforge/roles/rhel8_cis : Limit Password Reuse: system-auth - Ensure authselect changes are applied] ***
skipping: [localhost]

TASK [/stigforge/roles/rhel8_cis : Limit Password Reuse: system-auth - Change the PAM file to be edited according to the custom authselect profile] ***
skipping: [localhost]

TASK [/stigforge/roles/rhel8_cis : Limit Password Reuse: system-auth - Define a fact for control already filtered in case filters are used] ***
skipping: [localhost]

TASK [/stigforge/roles/rhel8_cis : Limit Password Reuse: system-auth - Check if expected PAM module line is present in {{ pam_file_path }}] ***
skipping: [localhost]

TASK [/stigforge/roles/rhel8_cis : Limit Password Reuse: system-auth - Check if required PAM module line is present in {{ pam_file_path }} with different control] ***
skipping: [localhost]

TASK [/stigforge/roles/rhel8_cis : Limit Password Reuse: system-auth - Ensure the correct control for the required PAM module line in {{ pam_file_path }}] ***
skipping: [localhost]

TASK [/stigforge/roles/rhel8_cis : Limit Password Reuse: system-auth - Ensure the required PAM module line is included in {{ pam_file_path }}] ***
skipping: [localhost]

TASK [/stigforge/roles/rhel8_cis : Limit Password Reuse: system-auth - Ensure authselect changes are applied] ***
skipping: [localhost]

TASK [/stigforge/roles/rhel8_cis : Limit Password Reuse: system-auth - Define a fact for control already filtered in case filters are used] ***
skipping: [localhost]

TASK [/stigforge/roles/rhel8_cis : Limit Password Reuse: system-auth - Check if the required PAM module option is present in {{ pam_file_path }}] ***
skipping: [localhost]

TASK [/stigforge/roles/rhel8_cis : Limit Password Reuse: system-auth - Ensure the "remember" PAM option for "pam_pwhistory.so" is included in {{ pam_file_path }}] ***
skipping: [localhost]

TASK [/stigforge/roles/rhel8_cis : Limit Password Reuse: system-auth - Ensure the required value for "remember" PAM option from "pam_pwhistory.so" in {{ pam_file_path }}] ***
skipping: [localhost]

TASK [/stigforge/roles/rhel8_cis : Limit Password Reuse: system-auth - Ensure authselect changes are applied] ***
skipping: [localhost]

TASK [/stigforge/roles/rhel8_cis : Enforce Password History with use_authtok - Check if system relies on authselect tool] ***
skipping: [localhost]

TASK [/stigforge/roles/rhel8_cis : Enforce Password History with use_authtok - Check integrity of authselect current profile] ***
skipping: [localhost]

TASK [/stigforge/roles/rhel8_cis : Enforce Password History with use_authtok - Informative message based on the authselect integrity check result] ***
skipping: [localhost]

TASK [/stigforge/roles/rhel8_cis : Enforce Password History with use_authtok - Get authselect current profile] ***
skipping: [localhost]

TASK [/stigforge/roles/rhel8_cis : Enforce Password History with use_authtok - Define the current authselect profile as a local fact] ***
skipping: [localhost]

TASK [/stigforge/roles/rhel8_cis : Enforce Password History with use_authtok - Define the new authselect custom profile as a local fact] ***
skipping: [localhost]

TASK [/stigforge/roles/rhel8_cis : Enforce Password History with use_authtok - Get authselect current features to also enable them in the custom profile] ***
skipping: [localhost]

TASK [/stigforge/roles/rhel8_cis : Enforce Password History with use_authtok - Check if any custom profile with the same name was already created] ***
skipping: [localhost]

TASK [/stigforge/roles/rhel8_cis : Enforce Password History with use_authtok - Create an authselect custom profile based on the current profile] ***
skipping: [localhost]

TASK [/stigforge/roles/rhel8_cis : Enforce Password History with use_authtok - Create an authselect custom profile based on sssd profile] ***
skipping: [localhost]

TASK [/stigforge/roles/rhel8_cis : Enforce Password History with use_authtok - Ensure authselect changes are applied] ***
skipping: [localhost]

TASK [/stigforge/roles/rhel8_cis : Enforce Password History with use_authtok - Ensure the authselect custom profile is selected] ***
skipping: [localhost]

TASK [/stigforge/roles/rhel8_cis : Enforce Password History with use_authtok - Restore the authselect features in the custom profile] ***
skipping: [localhost]

TASK [/stigforge/roles/rhel8_cis : Enforce Password History with use_authtok - Ensure authselect changes are applied] ***
skipping: [localhost]

TASK [/stigforge/roles/rhel8_cis : Enforce Password History with use_authtok - Get authselect current profile] ***
skipping: [localhost]

TASK [/stigforge/roles/rhel8_cis : Enforce Password History with use_authtok - Define the PAM profile path based on the authselect profile] ***
skipping: [localhost]

TASK [/stigforge/roles/rhel8_cis : Enforce Password History with use_authtok - Check if "use_authtok" option is present in pam_pwhistory.so in /password-auth] ***
skipping: [localhost]

TASK [/stigforge/roles/rhel8_cis : Enforce Password History with use_authtok - Ensure "use_authtok" option is added to pam_pwhistory.so in /password-auth] ***
skipping: [localhost]

TASK [/stigforge/roles/rhel8_cis : Enforce Password History with use_authtok - Check if "use_authtok" option is present in pam_pwhistory.so in /system-auth] ***
skipping: [localhost]

TASK [/stigforge/roles/rhel8_cis : Enforce Password History with use_authtok - Ensure "use_authtok" option is added to pam_pwhistory.so in /system-auth] ***
skipping: [localhost]

TASK [/stigforge/roles/rhel8_cis : Enforce Password History with use_authtok - Ensure authselect changes are applied] ***
skipping: [localhost]

TASK [/stigforge/roles/rhel8_cis : Require use_authtok for pam_unix.so - Check if system relies on authselect tool] ***
skipping: [localhost]

TASK [/stigforge/roles/rhel8_cis : Require use_authtok for pam_unix.so - Define a fact for control already filtered in case filters are used] ***
skipping: [localhost]

TASK [/stigforge/roles/rhel8_cis : Require use_authtok for pam_unix.so - Check if expected PAM module line is present in /etc/pam.d/system-auth] ***
skipping: [localhost]

TASK [/stigforge/roles/rhel8_cis : Require use_authtok for pam_unix.so - Check if required PAM module line is present in /etc/pam.d/system-auth with different control] ***
skipping: [localhost]

TASK [/stigforge/roles/rhel8_cis : Require use_authtok for pam_unix.so - Ensure the correct control for the required PAM module line in /etc/pam.d/system-auth] ***
skipping: [localhost]

TASK [/stigforge/roles/rhel8_cis : Require use_authtok for pam_unix.so - Ensure the required PAM module line is included in /etc/pam.d/system-auth] ***
skipping: [localhost]

TASK [/stigforge/roles/rhel8_cis : Require use_authtok for pam_unix.so - Ensure authselect changes are applied] ***
skipping: [localhost]

TASK [/stigforge/roles/rhel8_cis : Require use_authtok for pam_unix.so - Define a fact for control already filtered in case filters are used] ***
skipping: [localhost]

TASK [/stigforge/roles/rhel8_cis : Require use_authtok for pam_unix.so - Check if the required PAM module option is present in /etc/pam.d/system-auth] ***
skipping: [localhost]

TASK [/stigforge/roles/rhel8_cis : Require use_authtok for pam_unix.so - Ensure the "use_authtok" PAM option for "pam_unix.so" is included in /etc/pam.d/system-auth] ***
skipping: [localhost]

TASK [/stigforge/roles/rhel8_cis : Require use_authtok for pam_unix.so - Define a fact for control already filtered in case filters are used] ***
skipping: [localhost]

TASK [/stigforge/roles/rhel8_cis : Require use_authtok for pam_unix.so - Check if expected PAM module line is present in /etc/pam.d/password-auth] ***
skipping: [localhost]

TASK [/stigforge/roles/rhel8_cis : Require use_authtok for pam_unix.so - Check if required PAM module line is present in /etc/pam.d/password-auth with different control] ***
skipping: [localhost]

TASK [/stigforge/roles/rhel8_cis : Require use_authtok for pam_unix.so - Ensure the correct control for the required PAM module line in /etc/pam.d/password-auth] ***
skipping: [localhost]

TASK [/stigforge/roles/rhel8_cis : Require use_authtok for pam_unix.so - Ensure the required PAM module line is included in /etc/pam.d/password-auth] ***
skipping: [localhost]

TASK [/stigforge/roles/rhel8_cis : Require use_authtok for pam_unix.so - Ensure authselect changes are applied] ***
skipping: [localhost]

TASK [/stigforge/roles/rhel8_cis : Require use_authtok for pam_unix.so - Define a fact for control already filtered in case filters are used] ***
skipping: [localhost]

TASK [/stigforge/roles/rhel8_cis : Require use_authtok for pam_unix.so - Check if the required PAM module option is present in /etc/pam.d/password-auth] ***
skipping: [localhost]

TASK [/stigforge/roles/rhel8_cis : Require use_authtok for pam_unix.so - Ensure the "use_authtok" PAM option for "pam_unix.so" is included in /etc/pam.d/password-auth] ***
skipping: [localhost]

TASK [/stigforge/roles/rhel8_cis : Lock Accounts After Failed Password Attempts - Check if system relies on authselect tool] ***
skipping: [localhost]

TASK [/stigforge/roles/rhel8_cis : Lock Accounts After Failed Password Attempts - Check integrity of authselect current profile] ***
skipping: [localhost]

TASK [/stigforge/roles/rhel8_cis : Lock Accounts After Failed Password Attempts - Informative message based on the authselect integrity check result] ***
skipping: [localhost]

TASK [/stigforge/roles/rhel8_cis : Lock Accounts After Failed Password Attempts - Get authselect current features] ***
skipping: [localhost]

TASK [/stigforge/roles/rhel8_cis : Lock Accounts After Failed Password Attempts - Ensure "with-faillock" feature is enabled using authselect tool] ***
skipping: [localhost]

TASK [/stigforge/roles/rhel8_cis : Lock Accounts After Failed Password Attempts - Ensure authselect changes are applied] ***
skipping: [localhost]

TASK [/stigforge/roles/rhel8_cis : Lock Accounts After Failed Password Attempts - Check if pam_faillock.so is already enabled] ***
skipping: [localhost]

TASK [/stigforge/roles/rhel8_cis : Lock Accounts After Failed Password Attempts - Enable pam_faillock.so preauth editing PAM files] ***
skipping: [localhost] => (item=/etc/pam.d/system-auth) 
skipping: [localhost] => (item=/etc/pam.d/password-auth) 
skipping: [localhost]

TASK [/stigforge/roles/rhel8_cis : Lock Accounts After Failed Password Attempts - Enable pam_faillock.so authfail editing PAM files] ***
skipping: [localhost] => (item=/etc/pam.d/system-auth) 
skipping: [localhost] => (item=/etc/pam.d/password-auth) 
skipping: [localhost]

TASK [/stigforge/roles/rhel8_cis : Lock Accounts After Failed Password Attempts - Enable pam_faillock.so account section editing PAM files] ***
skipping: [localhost] => (item=/etc/pam.d/system-auth) 
skipping: [localhost] => (item=/etc/pam.d/password-auth) 
skipping: [localhost]

TASK [/stigforge/roles/rhel8_cis : Lock Accounts After Failed Password Attempts - Check the presence of /etc/security/faillock.conf file] ***
skipping: [localhost]

TASK [/stigforge/roles/rhel8_cis : Lock Accounts After Failed Password Attempts - Ensure the pam_faillock.so deny parameter in /etc/security/faillock.conf] ***
skipping: [localhost]

TASK [/stigforge/roles/rhel8_cis : Lock Accounts After Failed Password Attempts - Check if /etc/pam.d/system-auth file is present] ***
skipping: [localhost]

TASK [/stigforge/roles/rhel8_cis : Lock Accounts After Failed Password Attempts - Define the PAM file to be edited as a local fact] ***
skipping: [localhost]

TASK [/stigforge/roles/rhel8_cis : Lock Accounts After Failed Password Attempts - Check if system relies on authselect tool] ***
skipping: [localhost]

TASK [/stigforge/roles/rhel8_cis : Lock Accounts After Failed Password Attempts - Check integrity of authselect current profile] ***
skipping: [localhost]

TASK [/stigforge/roles/rhel8_cis : Lock Accounts After Failed Password Attempts - Informative message based on the authselect integrity check result] ***
skipping: [localhost]

TASK [/stigforge/roles/rhel8_cis : Lock Accounts After Failed Password Attempts - Get authselect current profile] ***
skipping: [localhost]

TASK [/stigforge/roles/rhel8_cis : Lock Accounts After Failed Password Attempts - Define the current authselect profile as a local fact] ***
skipping: [localhost]

TASK [/stigforge/roles/rhel8_cis : Lock Accounts After Failed Password Attempts - Define the new authselect custom profile as a local fact] ***
skipping: [localhost]

TASK [/stigforge/roles/rhel8_cis : Lock Accounts After Failed Password Attempts - Get authselect current features to also enable them in the custom profile] ***
skipping: [localhost]

TASK [/stigforge/roles/rhel8_cis : Lock Accounts After Failed Password Attempts - Check if any custom profile with the same name was already created] ***
skipping: [localhost]

TASK [/stigforge/roles/rhel8_cis : Lock Accounts After Failed Password Attempts - Create an authselect custom profile based on the current profile] ***
skipping: [localhost]

TASK [/stigforge/roles/rhel8_cis : Lock Accounts After Failed Password Attempts - Create an authselect custom profile based on sssd profile] ***
skipping: [localhost]

TASK [/stigforge/roles/rhel8_cis : Lock Accounts After Failed Password Attempts - Ensure authselect changes are applied] ***
skipping: [localhost]

TASK [/stigforge/roles/rhel8_cis : Lock Accounts After Failed Password Attempts - Ensure the authselect custom profile is selected] ***
skipping: [localhost]

TASK [/stigforge/roles/rhel8_cis : Lock Accounts After Failed Password Attempts - Restore the authselect features in the custom profile] ***
skipping: [localhost]

TASK [/stigforge/roles/rhel8_cis : Lock Accounts After Failed Password Attempts - Ensure authselect changes are applied] ***
skipping: [localhost]

TASK [/stigforge/roles/rhel8_cis : Lock Accounts After Failed Password Attempts - Change the PAM file to be edited according to the custom authselect profile] ***
skipping: [localhost]

TASK [/stigforge/roles/rhel8_cis : Lock Accounts After Failed Password Attempts - Define a fact for control already filtered in case filters are used] ***
skipping: [localhost]

TASK [/stigforge/roles/rhel8_cis : Lock Accounts After Failed Password Attempts - Check if {{ pam_file_path }} file is present] ***
skipping: [localhost]

TASK [/stigforge/roles/rhel8_cis : Lock Accounts After Failed Password Attempts - Ensure the "deny" option from "pam_faillock.so" is not present in {{ pam_file_path }}] ***
skipping: [localhost]

TASK [/stigforge/roles/rhel8_cis : Lock Accounts After Failed Password Attempts - Ensure authselect changes are applied] ***
skipping: [localhost]

TASK [/stigforge/roles/rhel8_cis : Lock Accounts After Failed Password Attempts - Check if /etc/pam.d/password-auth file is present] ***
skipping: [localhost]

TASK [/stigforge/roles/rhel8_cis : Lock Accounts After Failed Password Attempts - Define the PAM file to be edited as a local fact] ***
skipping: [localhost]

TASK [/stigforge/roles/rhel8_cis : Lock Accounts After Failed Password Attempts - Check if system relies on authselect tool] ***
skipping: [localhost]

TASK [/stigforge/roles/rhel8_cis : Lock Accounts After Failed Password Attempts - Check integrity of authselect current profile] ***
skipping: [localhost]

TASK [/stigforge/roles/rhel8_cis : Lock Accounts After Failed Password Attempts - Informative message based on the authselect integrity check result] ***
skipping: [localhost]

TASK [/stigforge/roles/rhel8_cis : Lock Accounts After Failed Password Attempts - Get authselect current profile] ***
skipping: [localhost]

TASK [/stigforge/roles/rhel8_cis : Lock Accounts After Failed Password Attempts - Define the current authselect profile as a local fact] ***
skipping: [localhost]

TASK [/stigforge/roles/rhel8_cis : Lock Accounts After Failed Password Attempts - Define the new authselect custom profile as a local fact] ***
skipping: [localhost]

TASK [/stigforge/roles/rhel8_cis : Lock Accounts After Failed Password Attempts - Get authselect current features to also enable them in the custom profile] ***
skipping: [localhost]

TASK [/stigforge/roles/rhel8_cis : Lock Accounts After Failed Password Attempts - Check if any custom profile with the same name was already created] ***
skipping: [localhost]

TASK [/stigforge/roles/rhel8_cis : Lock Accounts After Failed Password Attempts - Create an authselect custom profile based on the current profile] ***
skipping: [localhost]

TASK [/stigforge/roles/rhel8_cis : Lock Accounts After Failed Password Attempts - Create an authselect custom profile based on sssd profile] ***
skipping: [localhost]

TASK [/stigforge/roles/rhel8_cis : Lock Accounts After Failed Password Attempts - Ensure authselect changes are applied] ***
skipping: [localhost]

TASK [/stigforge/roles/rhel8_cis : Lock Accounts After Failed Password Attempts - Ensure the authselect custom profile is selected] ***
skipping: [localhost]

TASK [/stigforge/roles/rhel8_cis : Lock Accounts After Failed Password Attempts - Restore the authselect features in the custom profile] ***
skipping: [localhost]

TASK [/stigforge/roles/rhel8_cis : Lock Accounts After Failed Password Attempts - Ensure authselect changes are applied] ***
skipping: [localhost]

TASK [/stigforge/roles/rhel8_cis : Lock Accounts After Failed Password Attempts - Change the PAM file to be edited according to the custom authselect profile] ***
skipping: [localhost]

TASK [/stigforge/roles/rhel8_cis : Lock Accounts After Failed Password Attempts - Define a fact for control already filtered in case filters are used] ***
skipping: [localhost]

TASK [/stigforge/roles/rhel8_cis : Lock Accounts After Failed Password Attempts - Check if {{ pam_file_path }} file is present] ***
skipping: [localhost]

TASK [/stigforge/roles/rhel8_cis : Lock Accounts After Failed Password Attempts - Ensure the "deny" option from "pam_faillock.so" is not present in {{ pam_file_path }}] ***
skipping: [localhost]

TASK [/stigforge/roles/rhel8_cis : Lock Accounts After Failed Password Attempts - Ensure authselect changes are applied] ***
skipping: [localhost]

TASK [/stigforge/roles/rhel8_cis : Lock Accounts After Failed Password Attempts - Check if pam_faillock.so deny parameter is already enabled in pam files] ***
skipping: [localhost]

TASK [/stigforge/roles/rhel8_cis : Lock Accounts After Failed Password Attempts - Ensure the inclusion of pam_faillock.so preauth deny parameter in auth section] ***
skipping: [localhost] => (item=/etc/pam.d/system-auth) 
skipping: [localhost] => (item=/etc/pam.d/password-auth) 
skipping: [localhost]

TASK [/stigforge/roles/rhel8_cis : Lock Accounts After Failed Password Attempts - Ensure the inclusion of pam_faillock.so authfail deny parameter in auth section] ***
skipping: [localhost] => (item=/etc/pam.d/system-auth) 
skipping: [localhost] => (item=/etc/pam.d/password-auth) 
skipping: [localhost]

TASK [/stigforge/roles/rhel8_cis : Lock Accounts After Failed Password Attempts - Ensure the desired value for pam_faillock.so preauth deny parameter in auth section] ***
skipping: [localhost] => (item=/etc/pam.d/system-auth) 
skipping: [localhost] => (item=/etc/pam.d/password-auth) 
skipping: [localhost]

TASK [/stigforge/roles/rhel8_cis : Lock Accounts After Failed Password Attempts - Ensure the desired value for pam_faillock.so authfail deny parameter in auth section] ***
skipping: [localhost] => (item=/etc/pam.d/system-auth) 
skipping: [localhost] => (item=/etc/pam.d/password-auth) 
skipping: [localhost]

TASK [/stigforge/roles/rhel8_cis : Ensure Root Account Lockout on Failed Password Attempts - Check if system relies on authselect tool] ***
skipping: [localhost]

TASK [/stigforge/roles/rhel8_cis : Ensure Root Account Lockout on Failed Password Attempts - Check integrity of authselect current profile] ***
skipping: [localhost]

TASK [/stigforge/roles/rhel8_cis : Ensure Root Account Lockout on Failed Password Attempts - Informative message based on the authselect integrity check result] ***
skipping: [localhost]

TASK [/stigforge/roles/rhel8_cis : Ensure Root Account Lockout on Failed Password Attempts - Get authselect current features] ***
skipping: [localhost]

TASK [/stigforge/roles/rhel8_cis : Ensure Root Account Lockout on Failed Password Attempts - Ensure "with-faillock" feature is enabled using authselect tool] ***
skipping: [localhost]

TASK [/stigforge/roles/rhel8_cis : Ensure Root Account Lockout on Failed Password Attempts - Ensure authselect changes are applied] ***
skipping: [localhost]

TASK [/stigforge/roles/rhel8_cis : Ensure Root Account Lockout on Failed Password Attempts - Check if pam_faillock.so is already enabled] ***
skipping: [localhost]

TASK [/stigforge/roles/rhel8_cis : Ensure Root Account Lockout on Failed Password Attempts - Enable pam_faillock.so preauth editing PAM files] ***
skipping: [localhost] => (item=/etc/pam.d/system-auth) 
skipping: [localhost] => (item=/etc/pam.d/password-auth) 
skipping: [localhost]

TASK [/stigforge/roles/rhel8_cis : Ensure Root Account Lockout on Failed Password Attempts - Enable pam_faillock.so authfail editing PAM files] ***
skipping: [localhost] => (item=/etc/pam.d/system-auth) 
skipping: [localhost] => (item=/etc/pam.d/password-auth) 
skipping: [localhost]

TASK [/stigforge/roles/rhel8_cis : Ensure Root Account Lockout on Failed Password Attempts - Enable pam_faillock.so account section editing PAM files] ***
skipping: [localhost] => (item=/etc/pam.d/system-auth) 
skipping: [localhost] => (item=/etc/pam.d/password-auth) 
skipping: [localhost]

TASK [/stigforge/roles/rhel8_cis : Ensure Root Account Lockout on Failed Password Attempts - Check the presence of /etc/security/faillock.conf file] ***
skipping: [localhost]

TASK [/stigforge/roles/rhel8_cis : Ensure Root Account Lockout on Failed Password Attempts - Ensure the pam_faillock.so even_deny_root parameter in /etc/security/faillock.conf] ***
skipping: [localhost]

TASK [/stigforge/roles/rhel8_cis : Ensure Root Account Lockout on Failed Password Attempts - Check if /etc/pam.d/system-auth file is present] ***
skipping: [localhost]

TASK [/stigforge/roles/rhel8_cis : Ensure Root Account Lockout on Failed Password Attempts - Define the PAM file to be edited as a local fact] ***
skipping: [localhost]

TASK [/stigforge/roles/rhel8_cis : Ensure Root Account Lockout on Failed Password Attempts - Check if system relies on authselect tool] ***
skipping: [localhost]

TASK [/stigforge/roles/rhel8_cis : Ensure Root Account Lockout on Failed Password Attempts - Check integrity of authselect current profile] ***
skipping: [localhost]

TASK [/stigforge/roles/rhel8_cis : Ensure Root Account Lockout on Failed Password Attempts - Informative message based on the authselect integrity check result] ***
skipping: [localhost]

TASK [/stigforge/roles/rhel8_cis : Ensure Root Account Lockout on Failed Password Attempts - Get authselect current profile] ***
skipping: [localhost]

TASK [/stigforge/roles/rhel8_cis : Ensure Root Account Lockout on Failed Password Attempts - Define the current authselect profile as a local fact] ***
skipping: [localhost]

TASK [/stigforge/roles/rhel8_cis : Ensure Root Account Lockout on Failed Password Attempts - Define the new authselect custom profile as a local fact] ***
skipping: [localhost]

TASK [/stigforge/roles/rhel8_cis : Ensure Root Account Lockout on Failed Password Attempts - Get authselect current features to also enable them in the custom profile] ***
skipping: [localhost]

TASK [/stigforge/roles/rhel8_cis : Ensure Root Account Lockout on Failed Password Attempts - Check if any custom profile with the same name was already created] ***
skipping: [localhost]

TASK [/stigforge/roles/rhel8_cis : Ensure Root Account Lockout on Failed Password Attempts - Create an authselect custom profile based on the current profile] ***
skipping: [localhost]

TASK [/stigforge/roles/rhel8_cis : Ensure Root Account Lockout on Failed Password Attempts - Create an authselect custom profile based on sssd profile] ***
skipping: [localhost]

TASK [/stigforge/roles/rhel8_cis : Ensure Root Account Lockout on Failed Password Attempts - Ensure authselect changes are applied] ***
skipping: [localhost]

TASK [/stigforge/roles/rhel8_cis : Ensure Root Account Lockout on Failed Password Attempts - Ensure the authselect custom profile is selected] ***
skipping: [localhost]

TASK [/stigforge/roles/rhel8_cis : Ensure Root Account Lockout on Failed Password Attempts - Restore the authselect features in the custom profile] ***
skipping: [localhost]

TASK [/stigforge/roles/rhel8_cis : Ensure Root Account Lockout on Failed Password Attempts - Ensure authselect changes are applied] ***
skipping: [localhost]

TASK [/stigforge/roles/rhel8_cis : Ensure Root Account Lockout on Failed Password Attempts - Change the PAM file to be edited according to the custom authselect profile] ***
skipping: [localhost]

TASK [/stigforge/roles/rhel8_cis : Ensure Root Account Lockout on Failed Password Attempts - Define a fact for control already filtered in case filters are used] ***
skipping: [localhost]

TASK [/stigforge/roles/rhel8_cis : Ensure Root Account Lockout on Failed Password Attempts - Check if {{ pam_file_path }} file is present] ***
skipping: [localhost]

TASK [/stigforge/roles/rhel8_cis : Ensure Root Account Lockout on Failed Password Attempts - Ensure the "even_deny_root" option from "pam_faillock.so" is not present in {{ pam_file_path }}] ***
skipping: [localhost]

TASK [/stigforge/roles/rhel8_cis : Ensure Root Account Lockout on Failed Password Attempts - Ensure authselect changes are applied] ***
skipping: [localhost]

TASK [/stigforge/roles/rhel8_cis : Ensure Root Account Lockout on Failed Password Attempts - Check if /etc/pam.d/password-auth file is present] ***
skipping: [localhost]

TASK [/stigforge/roles/rhel8_cis : Ensure Root Account Lockout on Failed Password Attempts - Define the PAM file to be edited as a local fact] ***
skipping: [localhost]

TASK [/stigforge/roles/rhel8_cis : Ensure Root Account Lockout on Failed Password Attempts - Check if system relies on authselect tool] ***
skipping: [localhost]

TASK [/stigforge/roles/rhel8_cis : Ensure Root Account Lockout on Failed Password Attempts - Check integrity of authselect current profile] ***
skipping: [localhost]

TASK [/stigforge/roles/rhel8_cis : Ensure Root Account Lockout on Failed Password Attempts - Informative message based on the authselect integrity check result] ***
skipping: [localhost]

TASK [/stigforge/roles/rhel8_cis : Ensure Root Account Lockout on Failed Password Attempts - Get authselect current profile] ***
skipping: [localhost]

TASK [/stigforge/roles/rhel8_cis : Ensure Root Account Lockout on Failed Password Attempts - Define the current authselect profile as a local fact] ***
skipping: [localhost]

TASK [/stigforge/roles/rhel8_cis : Ensure Root Account Lockout on Failed Password Attempts - Define the new authselect custom profile as a local fact] ***
skipping: [localhost]

TASK [/stigforge/roles/rhel8_cis : Ensure Root Account Lockout on Failed Password Attempts - Get authselect current features to also enable them in the custom profile] ***
skipping: [localhost]

TASK [/stigforge/roles/rhel8_cis : Ensure Root Account Lockout on Failed Password Attempts - Check if any custom profile with the same name was already created] ***
skipping: [localhost]

TASK [/stigforge/roles/rhel8_cis : Ensure Root Account Lockout on Failed Password Attempts - Create an authselect custom profile based on the current profile] ***
skipping: [localhost]

TASK [/stigforge/roles/rhel8_cis : Ensure Root Account Lockout on Failed Password Attempts - Create an authselect custom profile based on sssd profile] ***
skipping: [localhost]

TASK [/stigforge/roles/rhel8_cis : Ensure Root Account Lockout on Failed Password Attempts - Ensure authselect changes are applied] ***
skipping: [localhost]

TASK [/stigforge/roles/rhel8_cis : Ensure Root Account Lockout on Failed Password Attempts - Ensure the authselect custom profile is selected] ***
skipping: [localhost]

TASK [/stigforge/roles/rhel8_cis : Ensure Root Account Lockout on Failed Password Attempts - Restore the authselect features in the custom profile] ***
skipping: [localhost]

TASK [/stigforge/roles/rhel8_cis : Ensure Root Account Lockout on Failed Password Attempts - Ensure authselect changes are applied] ***
skipping: [localhost]

TASK [/stigforge/roles/rhel8_cis : Ensure Root Account Lockout on Failed Password Attempts - Change the PAM file to be edited according to the custom authselect profile] ***
skipping: [localhost]

TASK [/stigforge/roles/rhel8_cis : Ensure Root Account Lockout on Failed Password Attempts - Define a fact for control already filtered in case filters are used] ***
skipping: [localhost]

TASK [/stigforge/roles/rhel8_cis : Ensure Root Account Lockout on Failed Password Attempts - Check if {{ pam_file_path }} file is present] ***
skipping: [localhost]

TASK [/stigforge/roles/rhel8_cis : Ensure Root Account Lockout on Failed Password Attempts - Ensure the "even_deny_root" option from "pam_faillock.so" is not present in {{ pam_file_path }}] ***
skipping: [localhost]

TASK [/stigforge/roles/rhel8_cis : Ensure Root Account Lockout on Failed Password Attempts - Ensure authselect changes are applied] ***
skipping: [localhost]

TASK [/stigforge/roles/rhel8_cis : Ensure Root Account Lockout on Failed Password Attempts - Check if pam_faillock.so even_deny_root parameter is already enabled in pam files] ***
skipping: [localhost]

TASK [/stigforge/roles/rhel8_cis : Ensure Root Account Lockout on Failed Password Attempts - Ensure the inclusion of pam_faillock.so preauth even_deny_root parameter in auth section] ***
skipping: [localhost] => (item=/etc/pam.d/system-auth) 
skipping: [localhost] => (item=/etc/pam.d/password-auth) 
skipping: [localhost]

TASK [/stigforge/roles/rhel8_cis : Ensure Root Account Lockout on Failed Password Attempts - Ensure the inclusion of pam_faillock.so authfail even_deny_root parameter in auth section] ***
skipping: [localhost] => (item=/etc/pam.d/system-auth) 
skipping: [localhost] => (item=/etc/pam.d/password-auth) 
skipping: [localhost]

TASK [/stigforge/roles/rhel8_cis : Set Lockout Time for Failed Password Attempts - Check if system relies on authselect tool] ***
skipping: [localhost]

TASK [/stigforge/roles/rhel8_cis : Set Lockout Time for Failed Password Attempts - Check integrity of authselect current profile] ***
skipping: [localhost]

TASK [/stigforge/roles/rhel8_cis : Set Lockout Time for Failed Password Attempts - Informative message based on the authselect integrity check result] ***
skipping: [localhost]

TASK [/stigforge/roles/rhel8_cis : Set Lockout Time for Failed Password Attempts - Get authselect current features] ***
skipping: [localhost]

TASK [/stigforge/roles/rhel8_cis : Set Lockout Time for Failed Password Attempts - Ensure "with-faillock" feature is enabled using authselect tool] ***
skipping: [localhost]

TASK [/stigforge/roles/rhel8_cis : Set Lockout Time for Failed Password Attempts - Ensure authselect changes are applied] ***
skipping: [localhost]

TASK [/stigforge/roles/rhel8_cis : Set Lockout Time for Failed Password Attempts - Check if pam_faillock.so is already enabled] ***
skipping: [localhost]

TASK [/stigforge/roles/rhel8_cis : Set Lockout Time for Failed Password Attempts - Enable pam_faillock.so preauth editing PAM files] ***
skipping: [localhost] => (item=/etc/pam.d/system-auth) 
skipping: [localhost] => (item=/etc/pam.d/password-auth) 
skipping: [localhost]

TASK [/stigforge/roles/rhel8_cis : Set Lockout Time for Failed Password Attempts - Enable pam_faillock.so authfail editing PAM files] ***
skipping: [localhost] => (item=/etc/pam.d/system-auth) 
skipping: [localhost] => (item=/etc/pam.d/password-auth) 
skipping: [localhost]

TASK [/stigforge/roles/rhel8_cis : Set Lockout Time for Failed Password Attempts - Enable pam_faillock.so account section editing PAM files] ***
skipping: [localhost] => (item=/etc/pam.d/system-auth) 
skipping: [localhost] => (item=/etc/pam.d/password-auth) 
skipping: [localhost]

TASK [/stigforge/roles/rhel8_cis : Set Lockout Time for Failed Password Attempts - Check the presence of /etc/security/faillock.conf file] ***
skipping: [localhost]

TASK [/stigforge/roles/rhel8_cis : Set Lockout Time for Failed Password Attempts - Ensure the pam_faillock.so unlock_time parameter in /etc/security/faillock.conf] ***
skipping: [localhost]

TASK [/stigforge/roles/rhel8_cis : Set Lockout Time for Failed Password Attempts - Check if /etc/pam.d/system-auth file is present] ***
skipping: [localhost]

TASK [/stigforge/roles/rhel8_cis : Set Lockout Time for Failed Password Attempts - Define the PAM file to be edited as a local fact] ***
skipping: [localhost]

TASK [/stigforge/roles/rhel8_cis : Set Lockout Time for Failed Password Attempts - Check if system relies on authselect tool] ***
skipping: [localhost]

TASK [/stigforge/roles/rhel8_cis : Set Lockout Time for Failed Password Attempts - Check integrity of authselect current profile] ***
skipping: [localhost]

TASK [/stigforge/roles/rhel8_cis : Set Lockout Time for Failed Password Attempts - Informative message based on the authselect integrity check result] ***
skipping: [localhost]

TASK [/stigforge/roles/rhel8_cis : Set Lockout Time for Failed Password Attempts - Get authselect current profile] ***
skipping: [localhost]

TASK [/stigforge/roles/rhel8_cis : Set Lockout Time for Failed Password Attempts - Define the current authselect profile as a local fact] ***
skipping: [localhost]

TASK [/stigforge/roles/rhel8_cis : Set Lockout Time for Failed Password Attempts - Define the new authselect custom profile as a local fact] ***
skipping: [localhost]

TASK [/stigforge/roles/rhel8_cis : Set Lockout Time for Failed Password Attempts - Get authselect current features to also enable them in the custom profile] ***
skipping: [localhost]

TASK [/stigforge/roles/rhel8_cis : Set Lockout Time for Failed Password Attempts - Check if any custom profile with the same name was already created] ***
skipping: [localhost]

TASK [/stigforge/roles/rhel8_cis : Set Lockout Time for Failed Password Attempts - Create an authselect custom profile based on the current profile] ***
skipping: [localhost]

TASK [/stigforge/roles/rhel8_cis : Set Lockout Time for Failed Password Attempts - Create an authselect custom profile based on sssd profile] ***
skipping: [localhost]

TASK [/stigforge/roles/rhel8_cis : Set Lockout Time for Failed Password Attempts - Ensure authselect changes are applied] ***
skipping: [localhost]

TASK [/stigforge/roles/rhel8_cis : Set Lockout Time for Failed Password Attempts - Ensure the authselect custom profile is selected] ***
skipping: [localhost]

TASK [/stigforge/roles/rhel8_cis : Set Lockout Time for Failed Password Attempts - Restore the authselect features in the custom profile] ***
skipping: [localhost]

TASK [/stigforge/roles/rhel8_cis : Set Lockout Time for Failed Password Attempts - Ensure authselect changes are applied] ***
skipping: [localhost]

TASK [/stigforge/roles/rhel8_cis : Set Lockout Time for Failed Password Attempts - Change the PAM file to be edited according to the custom authselect profile] ***
skipping: [localhost]

TASK [/stigforge/roles/rhel8_cis : Set Lockout Time for Failed Password Attempts - Define a fact for control already filtered in case filters are used] ***
skipping: [localhost]

TASK [/stigforge/roles/rhel8_cis : Set Lockout Time for Failed Password Attempts - Check if {{ pam_file_path }} file is present] ***
skipping: [localhost]

TASK [/stigforge/roles/rhel8_cis : Set Lockout Time for Failed Password Attempts - Ensure the "unlock_time" option from "pam_faillock.so" is not present in {{ pam_file_path }}] ***
skipping: [localhost]

TASK [/stigforge/roles/rhel8_cis : Set Lockout Time for Failed Password Attempts - Ensure authselect changes are applied] ***
skipping: [localhost]

TASK [/stigforge/roles/rhel8_cis : Set Lockout Time for Failed Password Attempts - Check if /etc/pam.d/password-auth file is present] ***
skipping: [localhost]

TASK [/stigforge/roles/rhel8_cis : Set Lockout Time for Failed Password Attempts - Define the PAM file to be edited as a local fact] ***
skipping: [localhost]

TASK [/stigforge/roles/rhel8_cis : Set Lockout Time for Failed Password Attempts - Check if system relies on authselect tool] ***
skipping: [localhost]

TASK [/stigforge/roles/rhel8_cis : Set Lockout Time for Failed Password Attempts - Check integrity of authselect current profile] ***
skipping: [localhost]

TASK [/stigforge/roles/rhel8_cis : Set Lockout Time for Failed Password Attempts - Informative message based on the authselect integrity check result] ***
skipping: [localhost]

TASK [/stigforge/roles/rhel8_cis : Set Lockout Time for Failed Password Attempts - Get authselect current profile] ***
skipping: [localhost]

TASK [/stigforge/roles/rhel8_cis : Set Lockout Time for Failed Password Attempts - Define the current authselect profile as a local fact] ***
skipping: [localhost]

TASK [/stigforge/roles/rhel8_cis : Set Lockout Time for Failed Password Attempts - Define the new authselect custom profile as a local fact] ***
skipping: [localhost]

TASK [/stigforge/roles/rhel8_cis : Set Lockout Time for Failed Password Attempts - Get authselect current features to also enable them in the custom profile] ***
skipping: [localhost]

TASK [/stigforge/roles/rhel8_cis : Set Lockout Time for Failed Password Attempts - Check if any custom profile with the same name was already created] ***
skipping: [localhost]

TASK [/stigforge/roles/rhel8_cis : Set Lockout Time for Failed Password Attempts - Create an authselect custom profile based on the current profile] ***
skipping: [localhost]

TASK [/stigforge/roles/rhel8_cis : Set Lockout Time for Failed Password Attempts - Create an authselect custom profile based on sssd profile] ***
skipping: [localhost]

TASK [/stigforge/roles/rhel8_cis : Set Lockout Time for Failed Password Attempts - Ensure authselect changes are applied] ***
skipping: [localhost]

TASK [/stigforge/roles/rhel8_cis : Set Lockout Time for Failed Password Attempts - Ensure the authselect custom profile is selected] ***
skipping: [localhost]

TASK [/stigforge/roles/rhel8_cis : Set Lockout Time for Failed Password Attempts - Restore the authselect features in the custom profile] ***
skipping: [localhost]

TASK [/stigforge/roles/rhel8_cis : Set Lockout Time for Failed Password Attempts - Ensure authselect changes are applied] ***
skipping: [localhost]

TASK [/stigforge/roles/rhel8_cis : Set Lockout Time for Failed Password Attempts - Change the PAM file to be edited according to the custom authselect profile] ***
skipping: [localhost]

TASK [/stigforge/roles/rhel8_cis : Set Lockout Time for Failed Password Attempts - Define a fact for control already filtered in case filters are used] ***
skipping: [localhost]

TASK [/stigforge/roles/rhel8_cis : Set Lockout Time for Failed Password Attempts - Check if {{ pam_file_path }} file is present] ***
skipping: [localhost]

TASK [/stigforge/roles/rhel8_cis : Set Lockout Time for Failed Password Attempts - Ensure the "unlock_time" option from "pam_faillock.so" is not present in {{ pam_file_path }}] ***
skipping: [localhost]

TASK [/stigforge/roles/rhel8_cis : Set Lockout Time for Failed Password Attempts - Ensure authselect changes are applied] ***
skipping: [localhost]

TASK [/stigforge/roles/rhel8_cis : Set Lockout Time for Failed Password Attempts - Check if pam_faillock.so unlock_time parameter is already enabled in pam files] ***
skipping: [localhost]

TASK [/stigforge/roles/rhel8_cis : Set Lockout Time for Failed Password Attempts - Ensure the inclusion of pam_faillock.so preauth unlock_time parameter in auth section] ***
skipping: [localhost] => (item=/etc/pam.d/system-auth) 
skipping: [localhost] => (item=/etc/pam.d/password-auth) 
skipping: [localhost]

TASK [/stigforge/roles/rhel8_cis : Set Lockout Time for Failed Password Attempts - Ensure the inclusion of pam_faillock.so authfail unlock_time parameter in auth section] ***
skipping: [localhost] => (item=/etc/pam.d/system-auth) 
skipping: [localhost] => (item=/etc/pam.d/password-auth) 
skipping: [localhost]

TASK [/stigforge/roles/rhel8_cis : Set Lockout Time for Failed Password Attempts - Ensure the desired value for pam_faillock.so preauth unlock_time parameter in auth section] ***
skipping: [localhost] => (item=/etc/pam.d/system-auth) 
skipping: [localhost] => (item=/etc/pam.d/password-auth) 
skipping: [localhost]

TASK [/stigforge/roles/rhel8_cis : Set Lockout Time for Failed Password Attempts - Ensure the desired value for pam_faillock.so authfail unlock_time parameter in auth section] ***
skipping: [localhost] => (item=/etc/pam.d/system-auth) 
skipping: [localhost] => (item=/etc/pam.d/password-auth) 
skipping: [localhost]

TASK [/stigforge/roles/rhel8_cis : Ensure PAM Enforces Password Requirements - Prevent the Use of Dictionary Words - Find pwquality.conf.d files] ***
skipping: [localhost]

TASK [/stigforge/roles/rhel8_cis : Ensure PAM Enforces Password Requirements - Prevent the Use of Dictionary Words - Ensure dictcheck is not set in pwquality.conf.d] ***
skipping: [localhost]

TASK [/stigforge/roles/rhel8_cis : Ensure PAM Enforces Password Requirements - Prevent the Use of Dictionary Words - Ensure PAM variable dictcheck is set accordingly] ***
skipping: [localhost]

TASK [/stigforge/roles/rhel8_cis : Ensure PAM Enforces Password Requirements - Minimum Different Characters - Find pwquality.conf.d files] ***
skipping: [localhost]

TASK [/stigforge/roles/rhel8_cis : Ensure PAM Enforces Password Requirements - Minimum Different Characters - Ensure difok is not set in pwquality.conf.d] ***
skipping: [localhost]

TASK [/stigforge/roles/rhel8_cis : Ensure PAM Enforces Password Requirements - Minimum Different Characters - Ensure PAM variable difok is set accordingly] ***
skipping: [localhost]

TASK [/stigforge/roles/rhel8_cis : Set Password Maximum Consecutive Repeating Characters - Find pwquality.conf.d files] ***
skipping: [localhost]

TASK [/stigforge/roles/rhel8_cis : Set Password Maximum Consecutive Repeating Characters - Ensure maxrepeat is not set in pwquality.conf.d] ***
skipping: [localhost]

TASK [/stigforge/roles/rhel8_cis : Set Password Maximum Consecutive Repeating Characters - Ensure PAM variable maxrepeat is set accordingly] ***
skipping: [localhost]

TASK [/stigforge/roles/rhel8_cis : Limit the maximum number of sequential characters in passwords - Find pwquality.conf.d files] ***
skipping: [localhost]

TASK [/stigforge/roles/rhel8_cis : Limit the maximum number of sequential characters in passwords - Ensure maxsequence is not set in pwquality.conf.d] ***
skipping: [localhost]

TASK [/stigforge/roles/rhel8_cis : Limit the maximum number of sequential characters in passwords - Ensure PAM variable maxsequence is set accordingly] ***
skipping: [localhost]

TASK [/stigforge/roles/rhel8_cis : Ensure PAM Enforces Password Requirements - Minimum Length - Find pwquality.conf.d files] ***
skipping: [localhost]

TASK [/stigforge/roles/rhel8_cis : Ensure PAM Enforces Password Requirements - Minimum Length - Ensure minlen is not set in pwquality.conf.d] ***
skipping: [localhost]

TASK [/stigforge/roles/rhel8_cis : Ensure PAM Enforces Password Requirements - Minimum Length - Ensure PAM variable minlen is set accordingly] ***
skipping: [localhost]

TASK [/stigforge/roles/rhel8_cis : Ensure PAM password complexity module is enabled in password-auth - Check if /etc/pam.d/password-auth file is present] ***
skipping: [localhost]

TASK [/stigforge/roles/rhel8_cis : Ensure PAM password complexity module is enabled in password-auth - Define the PAM file to be edited as a local fact] ***
skipping: [localhost]

TASK [/stigforge/roles/rhel8_cis : Ensure PAM password complexity module is enabled in password-auth - Check if system relies on authselect tool] ***
skipping: [localhost]

TASK [/stigforge/roles/rhel8_cis : Ensure PAM password complexity module is enabled in password-auth - Check integrity of authselect current profile] ***
skipping: [localhost]

TASK [/stigforge/roles/rhel8_cis : Ensure PAM password complexity module is enabled in password-auth - Informative message based on the authselect integrity check result] ***
skipping: [localhost]

TASK [/stigforge/roles/rhel8_cis : Ensure PAM password complexity module is enabled in password-auth - Get authselect current profile] ***
skipping: [localhost]

TASK [/stigforge/roles/rhel8_cis : Ensure PAM password complexity module is enabled in password-auth - Define the current authselect profile as a local fact] ***
skipping: [localhost]

TASK [/stigforge/roles/rhel8_cis : Ensure PAM password complexity module is enabled in password-auth - Define the new authselect custom profile as a local fact] ***
skipping: [localhost]

TASK [/stigforge/roles/rhel8_cis : Ensure PAM password complexity module is enabled in password-auth - Get authselect current features to also enable them in the custom profile] ***
skipping: [localhost]

TASK [/stigforge/roles/rhel8_cis : Ensure PAM password complexity module is enabled in password-auth - Check if any custom profile with the same name was already created] ***
skipping: [localhost]

TASK [/stigforge/roles/rhel8_cis : Ensure PAM password complexity module is enabled in password-auth - Create an authselect custom profile based on the current profile] ***
skipping: [localhost]

TASK [/stigforge/roles/rhel8_cis : Ensure PAM password complexity module is enabled in password-auth - Create an authselect custom profile based on sssd profile] ***
skipping: [localhost]

TASK [/stigforge/roles/rhel8_cis : Ensure PAM password complexity module is enabled in password-auth - Ensure authselect changes are applied] ***
skipping: [localhost]

TASK [/stigforge/roles/rhel8_cis : Ensure PAM password complexity module is enabled in password-auth - Ensure the authselect custom profile is selected] ***
skipping: [localhost]

TASK [/stigforge/roles/rhel8_cis : Ensure PAM password complexity module is enabled in password-auth - Restore the authselect features in the custom profile] ***
skipping: [localhost]

TASK [/stigforge/roles/rhel8_cis : Ensure PAM password complexity module is enabled in password-auth - Ensure authselect changes are applied] ***
skipping: [localhost]

TASK [/stigforge/roles/rhel8_cis : Ensure PAM password complexity module is enabled in password-auth - Change the PAM file to be edited according to the custom authselect profile] ***
skipping: [localhost]

TASK [/stigforge/roles/rhel8_cis : Ensure PAM password complexity module is enabled in password-auth - Define a fact for control already filtered in case filters are used] ***
skipping: [localhost]

TASK [/stigforge/roles/rhel8_cis : Ensure PAM password complexity module is enabled in password-auth - Check if expected PAM module line is present in {{ pam_file_path }}] ***
skipping: [localhost]

TASK [/stigforge/roles/rhel8_cis : Ensure PAM password complexity module is enabled in password-auth - Check if required PAM module line is present in {{ pam_file_path }} with different control] ***
skipping: [localhost]

TASK [/stigforge/roles/rhel8_cis : Ensure PAM password complexity module is enabled in password-auth - Ensure the correct control for the required PAM module line in {{ pam_file_path }}] ***
skipping: [localhost]

TASK [/stigforge/roles/rhel8_cis : Ensure PAM password complexity module is enabled in password-auth - Ensure the required PAM module line is included in {{ pam_file_path }}] ***
skipping: [localhost]

TASK [/stigforge/roles/rhel8_cis : Ensure PAM password complexity module is enabled in password-auth - Ensure authselect changes are applied] ***
skipping: [localhost]

TASK [/stigforge/roles/rhel8_cis : Ensure PAM password complexity module is enabled in password-auth - Ensure authselect changes are applied] ***
skipping: [localhost]

TASK [/stigforge/roles/rhel8_cis : Ensure PAM password complexity module is enabled in system-auth - Check if /etc/pam.d/system-auth file is present] ***
skipping: [localhost]

TASK [/stigforge/roles/rhel8_cis : Ensure PAM password complexity module is enabled in system-auth - Define the PAM file to be edited as a local fact] ***
skipping: [localhost]

TASK [/stigforge/roles/rhel8_cis : Ensure PAM password complexity module is enabled in system-auth - Check if system relies on authselect tool] ***
skipping: [localhost]

TASK [/stigforge/roles/rhel8_cis : Ensure PAM password complexity module is enabled in system-auth - Check integrity of authselect current profile] ***
skipping: [localhost]

TASK [/stigforge/roles/rhel8_cis : Ensure PAM password complexity module is enabled in system-auth - Informative message based on the authselect integrity check result] ***
skipping: [localhost]

TASK [/stigforge/roles/rhel8_cis : Ensure PAM password complexity module is enabled in system-auth - Get authselect current profile] ***
skipping: [localhost]

TASK [/stigforge/roles/rhel8_cis : Ensure PAM password complexity module is enabled in system-auth - Define the current authselect profile as a local fact] ***
skipping: [localhost]

TASK [/stigforge/roles/rhel8_cis : Ensure PAM password complexity module is enabled in system-auth - Define the new authselect custom profile as a local fact] ***
skipping: [localhost]

TASK [/stigforge/roles/rhel8_cis : Ensure PAM password complexity module is enabled in system-auth - Get authselect current features to also enable them in the custom profile] ***
skipping: [localhost]

TASK [/stigforge/roles/rhel8_cis : Ensure PAM password complexity module is enabled in system-auth - Check if any custom profile with the same name was already created] ***
skipping: [localhost]

TASK [/stigforge/roles/rhel8_cis : Ensure PAM password complexity module is enabled in system-auth - Create an authselect custom profile based on the current profile] ***
skipping: [localhost]

TASK [/stigforge/roles/rhel8_cis : Ensure PAM password complexity module is enabled in system-auth - Create an authselect custom profile based on sssd profile] ***
skipping: [localhost]

TASK [/stigforge/roles/rhel8_cis : Ensure PAM password complexity module is enabled in system-auth - Ensure authselect changes are applied] ***
skipping: [localhost]

TASK [/stigforge/roles/rhel8_cis : Ensure PAM password complexity module is enabled in system-auth - Ensure the authselect custom profile is selected] ***
skipping: [localhost]

TASK [/stigforge/roles/rhel8_cis : Ensure PAM password complexity module is enabled in system-auth - Restore the authselect features in the custom profile] ***
skipping: [localhost]

TASK [/stigforge/roles/rhel8_cis : Ensure PAM password complexity module is enabled in system-auth - Ensure authselect changes are applied] ***
skipping: [localhost]

TASK [/stigforge/roles/rhel8_cis : Ensure PAM password complexity module is enabled in system-auth - Change the PAM file to be edited according to the custom authselect profile] ***
skipping: [localhost]

TASK [/stigforge/roles/rhel8_cis : Ensure PAM password complexity module is enabled in system-auth - Define a fact for control already filtered in case filters are used] ***
skipping: [localhost]

TASK [/stigforge/roles/rhel8_cis : Ensure PAM password complexity module is enabled in system-auth - Check if expected PAM module line is present in {{ pam_file_path }}] ***
skipping: [localhost]

TASK [/stigforge/roles/rhel8_cis : Ensure PAM password complexity module is enabled in system-auth - Check if required PAM module line is present in {{ pam_file_path }} with different control] ***
skipping: [localhost]

TASK [/stigforge/roles/rhel8_cis : Ensure PAM password complexity module is enabled in system-auth - Ensure the correct control for the required PAM module line in {{ pam_file_path }}] ***
skipping: [localhost]

TASK [/stigforge/roles/rhel8_cis : Ensure PAM password complexity module is enabled in system-auth - Ensure the required PAM module line is included in {{ pam_file_path }}] ***
skipping: [localhost]

TASK [/stigforge/roles/rhel8_cis : Ensure PAM password complexity module is enabled in system-auth - Ensure authselect changes are applied] ***
skipping: [localhost]

TASK [/stigforge/roles/rhel8_cis : Ensure PAM password complexity module is enabled in system-auth - Ensure authselect changes are applied] ***
skipping: [localhost]

TASK [/stigforge/roles/rhel8_cis : Set Password Hashing Algorithm in /etc/login.defs] ***
skipping: [localhost]

TASK [/stigforge/roles/rhel8_cis : Set PAM Password Hashing Algorithm - password-auth - Check if /etc/pam.d/password-auth file is present] ***
skipping: [localhost]

TASK [/stigforge/roles/rhel8_cis : Set PAM Password Hashing Algorithm - password-auth - Define the PAM file to be edited as a local fact] ***
skipping: [localhost]

TASK [/stigforge/roles/rhel8_cis : Set PAM Password Hashing Algorithm - password-auth - Check if system relies on authselect tool] ***
skipping: [localhost]

TASK [/stigforge/roles/rhel8_cis : Set PAM Password Hashing Algorithm - password-auth - Check integrity of authselect current profile] ***
skipping: [localhost]

TASK [/stigforge/roles/rhel8_cis : Set PAM Password Hashing Algorithm - password-auth - Informative message based on the authselect integrity check result] ***
skipping: [localhost]

TASK [/stigforge/roles/rhel8_cis : Set PAM Password Hashing Algorithm - password-auth - Get authselect current profile] ***
skipping: [localhost]

TASK [/stigforge/roles/rhel8_cis : Set PAM Password Hashing Algorithm - password-auth - Define the current authselect profile as a local fact] ***
skipping: [localhost]

TASK [/stigforge/roles/rhel8_cis : Set PAM Password Hashing Algorithm - password-auth - Define the new authselect custom profile as a local fact] ***
skipping: [localhost]

TASK [/stigforge/roles/rhel8_cis : Set PAM Password Hashing Algorithm - password-auth - Get authselect current features to also enable them in the custom profile] ***
skipping: [localhost]

TASK [/stigforge/roles/rhel8_cis : Set PAM Password Hashing Algorithm - password-auth - Check if any custom profile with the same name was already created] ***
skipping: [localhost]

TASK [/stigforge/roles/rhel8_cis : Set PAM Password Hashing Algorithm - password-auth - Create an authselect custom profile based on the current profile] ***
skipping: [localhost]

TASK [/stigforge/roles/rhel8_cis : Set PAM Password Hashing Algorithm - password-auth - Create an authselect custom profile based on sssd profile] ***
skipping: [localhost]

TASK [/stigforge/roles/rhel8_cis : Set PAM Password Hashing Algorithm - password-auth - Ensure authselect changes are applied] ***
skipping: [localhost]

TASK [/stigforge/roles/rhel8_cis : Set PAM Password Hashing Algorithm - password-auth - Ensure the authselect custom profile is selected] ***
skipping: [localhost]

TASK [/stigforge/roles/rhel8_cis : Set PAM Password Hashing Algorithm - password-auth - Restore the authselect features in the custom profile] ***
skipping: [localhost]

TASK [/stigforge/roles/rhel8_cis : Set PAM Password Hashing Algorithm - password-auth - Ensure authselect changes are applied] ***
skipping: [localhost]

TASK [/stigforge/roles/rhel8_cis : Set PAM Password Hashing Algorithm - password-auth - Change the PAM file to be edited according to the custom authselect profile] ***
skipping: [localhost]

TASK [/stigforge/roles/rhel8_cis : Set PAM Password Hashing Algorithm - password-auth - Define a fact for control already filtered in case filters are used] ***
skipping: [localhost]

TASK [/stigforge/roles/rhel8_cis : Set PAM Password Hashing Algorithm - password-auth - Check if expected PAM module line is present in {{ pam_file_path }}] ***
skipping: [localhost]

TASK [/stigforge/roles/rhel8_cis : Set PAM Password Hashing Algorithm - password-auth - Check if required PAM module line is present in {{ pam_file_path }} with different control] ***
skipping: [localhost]

TASK [/stigforge/roles/rhel8_cis : Set PAM Password Hashing Algorithm - password-auth - Ensure the correct control for the required PAM module line in {{ pam_file_path }}] ***
skipping: [localhost]

TASK [/stigforge/roles/rhel8_cis : Set PAM Password Hashing Algorithm - password-auth - Ensure the required PAM module line is included in {{ pam_file_path }}] ***
skipping: [localhost]

TASK [/stigforge/roles/rhel8_cis : Set PAM Password Hashing Algorithm - password-auth - Ensure authselect changes are applied] ***
skipping: [localhost]

TASK [/stigforge/roles/rhel8_cis : Set PAM Password Hashing Algorithm - password-auth - Define a fact for control already filtered in case filters are used] ***
skipping: [localhost]

TASK [/stigforge/roles/rhel8_cis : Set PAM Password Hashing Algorithm - password-auth - Check if the required PAM module option is present in {{ pam_file_path }}] ***
skipping: [localhost]

TASK [/stigforge/roles/rhel8_cis : Set PAM Password Hashing Algorithm - password-auth - Ensure the "{{ var_password_hashing_algorithm_pam.split("|")[0] }}" PAM option for "pam_unix.so" is included in {{ pam_file_path }}] ***
skipping: [localhost]

TASK [/stigforge/roles/rhel8_cis : Set PAM Password Hashing Algorithm - password-auth - Ensure authselect changes are applied] ***
skipping: [localhost]

TASK [/stigforge/roles/rhel8_cis : Set PAM Password Hashing Algorithm - password-auth - Check if /etc/pam.d/password-auth File is Present] ***
skipping: [localhost]

TASK [/stigforge/roles/rhel8_cis : Set PAM Password Hashing Algorithm - password-auth - Define the PAM file to be edited as a local fact] ***
skipping: [localhost]

TASK [/stigforge/roles/rhel8_cis : Set PAM Password Hashing Algorithm - password-auth - Check if system relies on authselect tool] ***
skipping: [localhost]

TASK [/stigforge/roles/rhel8_cis : Set PAM Password Hashing Algorithm - password-auth - Check integrity of authselect current profile] ***
skipping: [localhost]

TASK [/stigforge/roles/rhel8_cis : Set PAM Password Hashing Algorithm - password-auth - Informative message based on the authselect integrity check result] ***
skipping: [localhost]

TASK [/stigforge/roles/rhel8_cis : Set PAM Password Hashing Algorithm - password-auth - Get authselect current profile] ***
skipping: [localhost]

TASK [/stigforge/roles/rhel8_cis : Set PAM Password Hashing Algorithm - password-auth - Define the current authselect profile as a local fact] ***
skipping: [localhost]

TASK [/stigforge/roles/rhel8_cis : Set PAM Password Hashing Algorithm - password-auth - Define the new authselect custom profile as a local fact] ***
skipping: [localhost]

TASK [/stigforge/roles/rhel8_cis : Set PAM Password Hashing Algorithm - password-auth - Get authselect current features to also enable them in the custom profile] ***
skipping: [localhost]

TASK [/stigforge/roles/rhel8_cis : Set PAM Password Hashing Algorithm - password-auth - Check if any custom profile with the same name was already created] ***
skipping: [localhost]

TASK [/stigforge/roles/rhel8_cis : Set PAM Password Hashing Algorithm - password-auth - Create an authselect custom profile based on the current profile] ***
skipping: [localhost]

TASK [/stigforge/roles/rhel8_cis : Set PAM Password Hashing Algorithm - password-auth - Create an authselect custom profile based on sssd profile] ***
skipping: [localhost]

TASK [/stigforge/roles/rhel8_cis : Set PAM Password Hashing Algorithm - password-auth - Ensure authselect changes are applied] ***
skipping: [localhost]

TASK [/stigforge/roles/rhel8_cis : Set PAM Password Hashing Algorithm - password-auth - Ensure the authselect custom profile is selected] ***
skipping: [localhost]

TASK [/stigforge/roles/rhel8_cis : Set PAM Password Hashing Algorithm - password-auth - Restore the authselect features in the custom profile] ***
skipping: [localhost]

TASK [/stigforge/roles/rhel8_cis : Set PAM Password Hashing Algorithm - password-auth - Ensure authselect changes are applied] ***
skipping: [localhost]

TASK [/stigforge/roles/rhel8_cis : Set PAM Password Hashing Algorithm - password-auth - Change the PAM file to be edited according to the custom authselect profile] ***
skipping: [localhost]

TASK [/stigforge/roles/rhel8_cis : Set PAM Password Hashing Algorithm - password-auth - Check if "{{ pam_file_path }}" File is Present] ***
skipping: [localhost]

TASK [/stigforge/roles/rhel8_cis : Set PAM Password Hashing Algorithm - password-auth - Ensure That Only the Correct Hashing Algorithm Option For pam_unix.so Is Used in {{ pam_file_path }}] ***
skipping: [localhost] => (item=sha512) 
skipping: [localhost] => (item=yescrypt) 
skipping: [localhost] => (item=gost_yescrypt) 
skipping: [localhost] => (item=blowfish) 
skipping: [localhost] => (item=sha256) 
skipping: [localhost] => (item=md5) 
skipping: [localhost] => (item=bigcrypt) 
skipping: [localhost]

TASK [/stigforge/roles/rhel8_cis : Set PAM Password Hashing Algorithm - password-auth - Ensure authselect changes are applied] ***
skipping: [localhost]

TASK [/stigforge/roles/rhel8_cis : Set PAM Password Hashing Algorithm - system-auth - Check if /etc/pam.d/system-auth file is present] ***
skipping: [localhost]

TASK [/stigforge/roles/rhel8_cis : Set PAM Password Hashing Algorithm - system-auth - Define the PAM file to be edited as a local fact] ***
skipping: [localhost]

TASK [/stigforge/roles/rhel8_cis : Set PAM Password Hashing Algorithm - system-auth - Check if system relies on authselect tool] ***
skipping: [localhost]

TASK [/stigforge/roles/rhel8_cis : Set PAM Password Hashing Algorithm - system-auth - Check integrity of authselect current profile] ***
skipping: [localhost]

TASK [/stigforge/roles/rhel8_cis : Set PAM Password Hashing Algorithm - system-auth - Informative message based on the authselect integrity check result] ***
skipping: [localhost]

TASK [/stigforge/roles/rhel8_cis : Set PAM Password Hashing Algorithm - system-auth - Get authselect current profile] ***
skipping: [localhost]

TASK [/stigforge/roles/rhel8_cis : Set PAM Password Hashing Algorithm - system-auth - Define the current authselect profile as a local fact] ***
skipping: [localhost]

TASK [/stigforge/roles/rhel8_cis : Set PAM Password Hashing Algorithm - system-auth - Define the new authselect custom profile as a local fact] ***
skipping: [localhost]

TASK [/stigforge/roles/rhel8_cis : Set PAM Password Hashing Algorithm - system-auth - Get authselect current features to also enable them in the custom profile] ***
skipping: [localhost]

TASK [/stigforge/roles/rhel8_cis : Set PAM Password Hashing Algorithm - system-auth - Check if any custom profile with the same name was already created] ***
skipping: [localhost]

TASK [/stigforge/roles/rhel8_cis : Set PAM Password Hashing Algorithm - system-auth - Create an authselect custom profile based on the current profile] ***
skipping: [localhost]

TASK [/stigforge/roles/rhel8_cis : Set PAM Password Hashing Algorithm - system-auth - Create an authselect custom profile based on sssd profile] ***
skipping: [localhost]

TASK [/stigforge/roles/rhel8_cis : Set PAM Password Hashing Algorithm - system-auth - Ensure authselect changes are applied] ***
skipping: [localhost]

TASK [/stigforge/roles/rhel8_cis : Set PAM Password Hashing Algorithm - system-auth - Ensure the authselect custom profile is selected] ***
skipping: [localhost]

TASK [/stigforge/roles/rhel8_cis : Set PAM Password Hashing Algorithm - system-auth - Restore the authselect features in the custom profile] ***
skipping: [localhost]

TASK [/stigforge/roles/rhel8_cis : Set PAM Password Hashing Algorithm - system-auth - Ensure authselect changes are applied] ***
skipping: [localhost]

TASK [/stigforge/roles/rhel8_cis : Set PAM Password Hashing Algorithm - system-auth - Change the PAM file to be edited according to the custom authselect profile] ***
skipping: [localhost]

TASK [/stigforge/roles/rhel8_cis : Set PAM Password Hashing Algorithm - system-auth - Define a fact for control already filtered in case filters are used] ***
skipping: [localhost]

TASK [/stigforge/roles/rhel8_cis : Set PAM Password Hashing Algorithm - system-auth - Check if expected PAM module line is present in {{ pam_file_path }}] ***
skipping: [localhost]

TASK [/stigforge/roles/rhel8_cis : Set PAM Password Hashing Algorithm - system-auth - Check if required PAM module line is present in {{ pam_file_path }} with different control] ***
skipping: [localhost]

TASK [/stigforge/roles/rhel8_cis : Set PAM Password Hashing Algorithm - system-auth - Ensure the correct control for the required PAM module line in {{ pam_file_path }}] ***
skipping: [localhost]

TASK [/stigforge/roles/rhel8_cis : Set PAM Password Hashing Algorithm - system-auth - Ensure the required PAM module line is included in {{ pam_file_path }}] ***
skipping: [localhost]

TASK [/stigforge/roles/rhel8_cis : Set PAM Password Hashing Algorithm - system-auth - Ensure authselect changes are applied] ***
skipping: [localhost]

TASK [/stigforge/roles/rhel8_cis : Set PAM Password Hashing Algorithm - system-auth - Define a fact for control already filtered in case filters are used] ***
skipping: [localhost]

TASK [/stigforge/roles/rhel8_cis : Set PAM Password Hashing Algorithm - system-auth - Check if the required PAM module option is present in {{ pam_file_path }}] ***
skipping: [localhost]

TASK [/stigforge/roles/rhel8_cis : Set PAM Password Hashing Algorithm - system-auth - Ensure the "{{ var_password_hashing_algorithm_pam.split("|")[0] }}" PAM option for "pam_unix.so" is included in {{ pam_file_path }}] ***
skipping: [localhost]

TASK [/stigforge/roles/rhel8_cis : Set PAM Password Hashing Algorithm - system-auth - Ensure authselect changes are applied] ***
skipping: [localhost]

TASK [/stigforge/roles/rhel8_cis : Set PAM Password Hashing Algorithm - system-auth - Check if /etc/pam.d/system-auth File is Present] ***
skipping: [localhost]

TASK [/stigforge/roles/rhel8_cis : Set PAM Password Hashing Algorithm - system-auth - Define the PAM file to be edited as a local fact] ***
skipping: [localhost]

TASK [/stigforge/roles/rhel8_cis : Set PAM Password Hashing Algorithm - system-auth - Check if system relies on authselect tool] ***
skipping: [localhost]

TASK [/stigforge/roles/rhel8_cis : Set PAM Password Hashing Algorithm - system-auth - Check integrity of authselect current profile] ***
skipping: [localhost]

TASK [/stigforge/roles/rhel8_cis : Set PAM Password Hashing Algorithm - system-auth - Informative message based on the authselect integrity check result] ***
skipping: [localhost]

TASK [/stigforge/roles/rhel8_cis : Set PAM Password Hashing Algorithm - system-auth - Get authselect current profile] ***
skipping: [localhost]

TASK [/stigforge/roles/rhel8_cis : Set PAM Password Hashing Algorithm - system-auth - Define the current authselect profile as a local fact] ***
skipping: [localhost]

TASK [/stigforge/roles/rhel8_cis : Set PAM Password Hashing Algorithm - system-auth - Define the new authselect custom profile as a local fact] ***
skipping: [localhost]

TASK [/stigforge/roles/rhel8_cis : Set PAM Password Hashing Algorithm - system-auth - Get authselect current features to also enable them in the custom profile] ***
skipping: [localhost]

TASK [/stigforge/roles/rhel8_cis : Set PAM Password Hashing Algorithm - system-auth - Check if any custom profile with the same name was already created] ***
skipping: [localhost]

TASK [/stigforge/roles/rhel8_cis : Set PAM Password Hashing Algorithm - system-auth - Create an authselect custom profile based on the current profile] ***
skipping: [localhost]

TASK [/stigforge/roles/rhel8_cis : Set PAM Password Hashing Algorithm - system-auth - Create an authselect custom profile based on sssd profile] ***
skipping: [localhost]

TASK [/stigforge/roles/rhel8_cis : Set PAM Password Hashing Algorithm - system-auth - Ensure authselect changes are applied] ***
skipping: [localhost]

TASK [/stigforge/roles/rhel8_cis : Set PAM Password Hashing Algorithm - system-auth - Ensure the authselect custom profile is selected] ***
skipping: [localhost]

TASK [/stigforge/roles/rhel8_cis : Set PAM Password Hashing Algorithm - system-auth - Restore the authselect features in the custom profile] ***
skipping: [localhost]

TASK [/stigforge/roles/rhel8_cis : Set PAM Password Hashing Algorithm - system-auth - Ensure authselect changes are applied] ***
skipping: [localhost]

TASK [/stigforge/roles/rhel8_cis : Set PAM Password Hashing Algorithm - system-auth - Change the PAM file to be edited according to the custom authselect profile] ***
skipping: [localhost]

TASK [/stigforge/roles/rhel8_cis : Set PAM Password Hashing Algorithm - system-auth - Check if "{{ pam_file_path }}" File is Present] ***
skipping: [localhost]

TASK [/stigforge/roles/rhel8_cis : Set PAM Password Hashing Algorithm - system-auth - Ensure That Only the Correct Hashing Algorithm Option For pam_unix.so Is Used in {{ pam_file_path }}] ***
skipping: [localhost] => (item=sha512) 
skipping: [localhost] => (item=yescrypt) 
skipping: [localhost] => (item=gost_yescrypt) 
skipping: [localhost] => (item=blowfish) 
skipping: [localhost] => (item=sha256) 
skipping: [localhost] => (item=md5) 
skipping: [localhost] => (item=bigcrypt) 
skipping: [localhost]

TASK [/stigforge/roles/rhel8_cis : Set PAM Password Hashing Algorithm - system-auth - Ensure authselect changes are applied] ***
skipping: [localhost]

TASK [/stigforge/roles/rhel8_cis : Set Account Expiration Following Inactivity] ***
skipping: [localhost]

TASK [/stigforge/roles/rhel8_cis : Set Password Maximum Age] *******************
skipping: [localhost]

TASK [/stigforge/roles/rhel8_cis : Collect users with not correct maximum time period between password changes] ***
skipping: [localhost]

TASK [/stigforge/roles/rhel8_cis : Change the maximum time period between password changes] ***
skipping: [localhost]

TASK [/stigforge/roles/rhel8_cis : Set Existing Passwords Warning Age - Collect Users With Incorrect Number of Days of Warning Before Password Expires] ***
skipping: [localhost]

TASK [/stigforge/roles/rhel8_cis : Set Existing Passwords Warning Age - Ensure the Number of Days of Warning Before Password Expires] ***
skipping: [localhost]

TASK [/stigforge/roles/rhel8_cis : Set Password Warning Age] *******************
skipping: [localhost]

TASK [/stigforge/roles/rhel8_cis : Collect users with not correct INACTIVE parameter set] ***
skipping: [localhost]

TASK [/stigforge/roles/rhel8_cis : Change the period of inactivity] ************
skipping: [localhost]

TASK [/stigforge/roles/rhel8_cis : Avoid using remember in pam_unix module - Check if /etc/pam.d/system-auth file is present] ***
ok: [localhost]

TASK [/stigforge/roles/rhel8_cis : Avoid using remember in pam_unix module - Define the PAM file to be edited as a local fact] ***
ok: [localhost]

TASK [/stigforge/roles/rhel8_cis : Avoid using remember in pam_unix module - Check if system relies on authselect tool] ***
ok: [localhost]

TASK [/stigforge/roles/rhel8_cis : Avoid using remember in pam_unix module - Check integrity of authselect current profile] ***
ok: [localhost]

TASK [/stigforge/roles/rhel8_cis : Avoid using remember in pam_unix module - Informative message based on the authselect integrity check result] ***
fatal: [localhost]: FAILED! => {
    "assertion": "ansible_check_mode or result_authselect_check_cmd.rc == 0",
    "changed": false,
    "evaluated_to": false,
    "msg": [
        "authselect integrity check failed. Remediation aborted!",
        "This remediation could not be applied because an authselect profile was not selected or the selected profile is not intact.",
        "It is not recommended to manually edit the PAM files when authselect tool is available.",
        "In cases where the default authselect profile does not cover a specific demand, a custom authselect profile is recommended."
    ]
}

TASK [/stigforge/roles/rhel8_cis : StigForge: continue after error in 'Avoid using remember in pam_unix module - Check the proper remediation for the system' (OpenSCAP is the score gate)] ***
ok: [localhost] => {
    "msg": "StigForge: 'Avoid using remember in pam_unix module - Check the proper remediation for the system' raised an error (module or templating) and was skipped; continuing so later rules still run. OpenSCAP evaluates the resulting system state independently."
}

TASK [/stigforge/roles/rhel8_cis : Avoid using remember in pam_unix module - Check if /etc/pam.d/password-auth file is present] ***
ok: [localhost]

TASK [/stigforge/roles/rhel8_cis : Avoid using remember in pam_unix module - Define the PAM file to be edited as a local fact] ***
ok: [localhost]

TASK [/stigforge/roles/rhel8_cis : Avoid using remember in pam_unix module - Check if system relies on authselect tool] ***
ok: [localhost]

TASK [/stigforge/roles/rhel8_cis : Avoid using remember in pam_unix module - Check integrity of authselect current profile] ***
ok: [localhost]

TASK [/stigforge/roles/rhel8_cis : Avoid using remember in pam_unix module - Informative message based on the authselect integrity check result] ***
fatal: [localhost]: FAILED! => {
    "assertion": "ansible_check_mode or result_authselect_check_cmd.rc == 0",
    "changed": false,
    "evaluated_to": false,
    "msg": [
        "authselect integrity check failed. Remediation aborted!",
        "This remediation could not be applied because an authselect profile was not selected or the selected profile is not intact.",
        "It is not recommended to manually edit the PAM files when authselect tool is available.",
        "In cases where the default authselect profile does not cover a specific demand, a custom authselect profile is recommended."
    ]
}

TASK [/stigforge/roles/rhel8_cis : StigForge: continue after error in 'Avoid using remember in pam_unix module - Check the proper remediation for the system' (OpenSCAP is the score gate)] ***
ok: [localhost] => {
    "msg": "StigForge: 'Avoid using remember in pam_unix module - Check the proper remediation for the system' raised an error (module or templating) and was skipped; continuing so later rules still run. OpenSCAP evaluates the resulting system state independently."
}

TASK [/stigforge/roles/rhel8_cis : Prevent Login to Accounts With Empty Password - Check if system relies on authselect] ***
skipping: [localhost]

TASK [/stigforge/roles/rhel8_cis : Prevent Login to Accounts With Empty Password - Check integrity of authselect current profile] ***
skipping: [localhost]

TASK [/stigforge/roles/rhel8_cis : Prevent Login to Accounts With Empty Password - Informative message based on the authselect integrity check result] ***
skipping: [localhost]

TASK [/stigforge/roles/rhel8_cis : Prevent Login to Accounts With Empty Password - Get authselect current features] ***
skipping: [localhost]

TASK [/stigforge/roles/rhel8_cis : Prevent Login to Accounts With Empty Password - Ensure "without-nullok" feature is enabled using authselect tool] ***
skipping: [localhost]

TASK [/stigforge/roles/rhel8_cis : Prevent Login to Accounts With Empty Password - Ensure authselect changes are applied] ***
skipping: [localhost]

TASK [/stigforge/roles/rhel8_cis : Prevent Login to Accounts With Empty Password - Remediate directly editing PAM files] ***
skipping: [localhost] => (item=/etc/pam.d/system-auth) 
skipping: [localhost] => (item=/etc/pam.d/password-auth) 
skipping: [localhost]

TASK [/stigforge/roles/rhel8_cis : Collect users with no password] *************
skipping: [localhost]

TASK [/stigforge/roles/rhel8_cis : Lock users with no password] ****************
skipping: [localhost]

TASK [/stigforge/roles/rhel8_cis : Get all /etc/passwd file entries] ***********
skipping: [localhost]

TASK [/stigforge/roles/rhel8_cis : Lock the password of the user accounts other than root with uid 0] ***
skipping: [localhost]

TASK [/stigforge/roles/rhel8_cis : Ensure the Group Used by pam_wheel.so Module Exists on System and is Empty - Ensure sugroup Group Exists] ***
skipping: [localhost]

TASK [/stigforge/roles/rhel8_cis : Ensure the Group Used by pam_wheel.so Module Exists on System and is Empty - Ensure sugroup Group is Empty] ***
skipping: [localhost]

TASK [/stigforge/roles/rhel8_cis : Ensure that System Accounts Are Locked - Get All Local Users From /etc/passwd] ***
skipping: [localhost]

TASK [/stigforge/roles/rhel8_cis : Ensure that System Accounts Are Locked - Create local_users Variable From getent_passwd Facts] ***
skipping: [localhost]

TASK [/stigforge/roles/rhel8_cis : Ensure that System Accounts Are Locked - Lock System Accounts] ***
skipping: [localhost]

TASK [/stigforge/roles/rhel8_cis : Ensure that System Accounts Do Not Run a Shell Upon Login - Get All Local Users From /etc/passwd] ***
skipping: [localhost]

TASK [/stigforge/roles/rhel8_cis : Ensure that System Accounts Do Not Run a Shell Upon Login - Create local_users Variable From getent_passwd Facts] ***
skipping: [localhost]

TASK [/stigforge/roles/rhel8_cis : Ensure that System Accounts Do Not Run a Shell Upon Login -  Disable Login Shell for System Accounts] ***
skipping: [localhost]

TASK [/stigforge/roles/rhel8_cis : Correct any occurrence of TMOUT in /etc/profile] ***
skipping: [localhost]

TASK [/stigforge/roles/rhel8_cis : Set Interactive Session Timeout] ************
skipping: [localhost]

TASK [/stigforge/roles/rhel8_cis : User Initialization Files Must Be Group-Owned By The Primary Group - Get interactive users from passwd file] ***
skipping: [localhost]

TASK [/stigforge/roles/rhel8_cis : User Initialization Files Must Be Group-Owned By The Primary Group - Create list of interactive users with GID and home directory] ***
skipping: [localhost]

TASK [/stigforge/roles/rhel8_cis : User Initialization Files Must Be Group-Owned By The Primary Group - Find dot files in interactive user home directories] ***
skipping: [localhost]

TASK [/stigforge/roles/rhel8_cis : User Initialization Files Must Be Group-Owned By The Primary Group - Set correct group ownership for user initialization files] ***
skipping: [localhost]

TASK [/stigforge/roles/rhel8_cis : User Initialization Files Must Be Owned By the Primary User - Get interactive users from passwd file] ***
skipping: [localhost]

TASK [/stigforge/roles/rhel8_cis : User Initialization Files Must Be Owned By the Primary User - Create list of interactive users with UID and home directory] ***
skipping: [localhost]

TASK [/stigforge/roles/rhel8_cis : User Initialization Files Must Be Owned By the Primary User - Find dot files in interactive user home directories] ***
skipping: [localhost]

TASK [/stigforge/roles/rhel8_cis : User Initialization Files Must Be Owned By the Primary User - Set correct ownership for user initialization files] ***
skipping: [localhost]

TASK [/stigforge/roles/rhel8_cis : Get all local users from /etc/passwd] *******
skipping: [localhost]

TASK [/stigforge/roles/rhel8_cis : Create local_users variable from the getent output] ***
skipping: [localhost]

TASK [/stigforge/roles/rhel8_cis : Ensure interactive users have a home directory exists] ***
skipping: [localhost]

TASK [/stigforge/roles/rhel8_cis : Get all local users from /etc/passwd] *******
ok: [localhost]

TASK [/stigforge/roles/rhel8_cis : Create local_users variable from the getent output] ***
ok: [localhost]

TASK [/stigforge/roles/rhel8_cis : Test for existence of home directories to avoid creating them, but only fixing ownership] ***
skipping: [localhost] => (item={'key': 'root', 'value': ['x', '0', '0', 'root', '/root', '/bin/bash']}) 
skipping: [localhost] => (item={'key': 'bin', 'value': ['x', '1', '1', 'bin', '/bin', '/sbin/nologin']}) 
skipping: [localhost] => (item={'key': 'daemon', 'value': ['x', '2', '2', 'daemon', '/sbin', '/sbin/nologin']}) 
skipping: [localhost] => (item={'key': 'adm', 'value': ['x', '3', '4', 'adm', '/var/adm', '/sbin/nologin']}) 
skipping: [localhost] => (item={'key': 'lp', 'value': ['x', '4', '7', 'lp', '/var/spool/lpd', '/sbin/nologin']}) 
skipping: [localhost] => (item={'key': 'sync', 'value': ['x', '5', '0', 'sync', '/sbin', '/bin/sync']}) 
skipping: [localhost] => (item={'key': 'shutdown', 'value': ['x', '6', '0', 'shutdown', '/sbin', '/sbin/shutdown']}) 
skipping: [localhost] => (item={'key': 'halt', 'value': ['x', '7', '0', 'halt', '/sbin', '/sbin/halt']}) 
skipping: [localhost] => (item={'key': 'mail', 'value': ['x', '8', '12', 'mail', '/var/spool/mail', '/sbin/nologin']}) 
skipping: [localhost] => (item={'key': 'operator', 'value': ['x', '11', '0', 'operator', '/root', '/sbin/nologin']}) 
skipping: [localhost] => (item={'key': 'games', 'value': ['x', '12', '100', 'games', '/usr/games', '/sbin/nologin']}) 
skipping: [localhost] => (item={'key': 'ftp', 'value': ['x', '14', '50', 'FTP User', '/var/ftp', '/sbin/nologin']}) 
skipping: [localhost] => (item={'key': 'nobody', 'value': ['x', '65534', '65534', 'Kernel Overflow User', '/', '/sbin/nologin']}) 
skipping: [localhost] => (item={'key': 'tss', 'value': ['x', '59', '59', 'Account used for TPM access', '/dev/null', '/sbin/nologin']}) 
skipping: [localhost] => (item={'key': 'dbus', 'value': ['x', '81', '81', 'System message bus', '/', '/sbin/nologin']}) 
skipping: [localhost] => (item={'key': 'systemd-coredump', 'value': ['x', '999', '997', 'systemd Core Dumper', '/', '/sbin/nologin']}) 
skipping: [localhost] => (item={'key': 'systemd-resolve', 'value': ['x', '193', '193', 'systemd Resolver', '/', '/sbin/nologin']}) 
skipping: [localhost]

TASK [/stigforge/roles/rhel8_cis : Ensure interactive local users are the owners of their respective home directories] ***
skipping: [localhost] => (item=[{'key': 'root', 'value': ['x', '0', '0', 'root', '/root', '/bin/bash']}, {'changed': False, 'skipped': True, 'skip_reason': 'Conditional result was False', 'false_condition': 'item.value[1]|int >= 1000', 'item': {'key': 'root', 'value': ['x', '0', '0', 'root', '/root', '/bin/bash']}, 'ansible_loop_var': 'item'}]) 
skipping: [localhost] => (item=[{'key': 'bin', 'value': ['x', '1', '1', 'bin', '/bin', '/sbin/nologin']}, {'changed': False, 'skipped': True, 'skip_reason': 'Conditional result was False', 'false_condition': 'item.value[1]|int >= 1000', 'item': {'key': 'bin', 'value': ['x', '1', '1', 'bin', '/bin', '/sbin/nologin']}, 'ansible_loop_var': 'item'}]) 
skipping: [localhost] => (item=[{'key': 'daemon', 'value': ['x', '2', '2', 'daemon', '/sbin', '/sbin/nologin']}, {'changed': False, 'skipped': True, 'skip_reason': 'Conditional result was False', 'false_condition': 'item.value[1]|int >= 1000', 'item': {'key': 'daemon', 'value': ['x', '2', '2', 'daemon', '/sbin', '/sbin/nologin']}, 'ansible_loop_var': 'item'}]) 
skipping: [localhost] => (item=[{'key': 'adm', 'value': ['x', '3', '4', 'adm', '/var/adm', '/sbin/nologin']}, {'changed': False, 'skipped': True, 'skip_reason': 'Conditional result was False', 'false_condition': 'item.value[1]|int >= 1000', 'item': {'key': 'adm', 'value': ['x', '3', '4', 'adm', '/var/adm', '/sbin/nologin']}, 'ansible_loop_var': 'item'}]) 
skipping: [localhost] => (item=[{'key': 'lp', 'value': ['x', '4', '7', 'lp', '/var/spool/lpd', '/sbin/nologin']}, {'changed': False, 'skipped': True, 'skip_reason': 'Conditional result was False', 'false_condition': 'item.value[1]|int >= 1000', 'item': {'key': 'lp', 'value': ['x', '4', '7', 'lp', '/var/spool/lpd', '/sbin/nologin']}, 'ansible_loop_var': 'item'}]) 
skipping: [localhost] => (item=[{'key': 'sync', 'value': ['x', '5', '0', 'sync', '/sbin', '/bin/sync']}, {'changed': False, 'skipped': True, 'skip_reason': 'Conditional result was False', 'false_condition': 'item.value[1]|int >= 1000', 'item': {'key': 'sync', 'value': ['x', '5', '0', 'sync', '/sbin', '/bin/sync']}, 'ansible_loop_var': 'item'}]) 
skipping: [localhost] => (item=[{'key': 'shutdown', 'value': ['x', '6', '0', 'shutdown', '/sbin', '/sbin/shutdown']}, {'changed': False, 'skipped': True, 'skip_reason': 'Conditional result was False', 'false_condition': 'item.value[1]|int >= 1000', 'item': {'key': 'shutdown', 'value': ['x', '6', '0', 'shutdown', '/sbin', '/sbin/shutdown']}, 'ansible_loop_var': 'item'}]) 
skipping: [localhost] => (item=[{'key': 'halt', 'value': ['x', '7', '0', 'halt', '/sbin', '/sbin/halt']}, {'changed': False, 'skipped': True, 'skip_reason': 'Conditional result was False', 'false_condition': 'item.value[1]|int >= 1000', 'item': {'key': 'halt', 'value': ['x', '7', '0', 'halt', '/sbin', '/sbin/halt']}, 'ansible_loop_var': 'item'}]) 
skipping: [localhost] => (item=[{'key': 'mail', 'value': ['x', '8', '12', 'mail', '/var/spool/mail', '/sbin/nologin']}, {'changed': False, 'skipped': True, 'skip_reason': 'Conditional result was False', 'false_condition': 'item.value[1]|int >= 1000', 'item': {'key': 'mail', 'value': ['x', '8', '12', 'mail', '/var/spool/mail', '/sbin/nologin']}, 'ansible_loop_var': 'item'}]) 
skipping: [localhost] => (item=[{'key': 'operator', 'value': ['x', '11', '0', 'operator', '/root', '/sbin/nologin']}, {'changed': False, 'skipped': True, 'skip_reason': 'Conditional result was False', 'false_condition': 'item.value[1]|int >= 1000', 'item': {'key': 'operator', 'value': ['x', '11', '0', 'operator', '/root', '/sbin/nologin']}, 'ansible_loop_var': 'item'}]) 
skipping: [localhost] => (item=[{'key': 'games', 'value': ['x', '12', '100', 'games', '/usr/games', '/sbin/nologin']}, {'changed': False, 'skipped': True, 'skip_reason': 'Conditional result was False', 'false_condition': 'item.value[1]|int >= 1000', 'item': {'key': 'games', 'value': ['x', '12', '100', 'games', '/usr/games', '/sbin/nologin']}, 'ansible_loop_var': 'item'}]) 
skipping: [localhost] => (item=[{'key': 'ftp', 'value': ['x', '14', '50', 'FTP User', '/var/ftp', '/sbin/nologin']}, {'changed': False, 'skipped': True, 'skip_reason': 'Conditional result was False', 'false_condition': 'item.value[1]|int >= 1000', 'item': {'key': 'ftp', 'value': ['x', '14', '50', 'FTP User', '/var/ftp', '/sbin/nologin']}, 'ansible_loop_var': 'item'}]) 
skipping: [localhost] => (item=[{'key': 'nobody', 'value': ['x', '65534', '65534', 'Kernel Overflow User', '/', '/sbin/nologin']}, {'changed': False, 'skipped': True, 'skip_reason': 'Conditional result was False', 'false_condition': 'item.value[1]|int != 65534', 'item': {'key': 'nobody', 'value': ['x', '65534', '65534', 'Kernel Overflow User', '/', '/sbin/nologin']}, 'ansible_loop_var': 'item'}]) 
skipping: [localhost] => (item=[{'key': 'tss', 'value': ['x', '59', '59', 'Account used for TPM access', '/dev/null', '/sbin/nologin']}, {'changed': False, 'skipped': True, 'skip_reason': 'Conditional result was False', 'false_condition': 'item.value[1]|int >= 1000', 'item': {'key': 'tss', 'value': ['x', '59', '59', 'Account used for TPM access', '/dev/null', '/sbin/nologin']}, 'ansible_loop_var': 'item'}]) 
skipping: [localhost] => (item=[{'key': 'dbus', 'value': ['x', '81', '81', 'System message bus', '/', '/sbin/nologin']}, {'changed': False, 'skipped': True, 'skip_reason': 'Conditional result was False', 'false_condition': 'item.value[1]|int >= 1000', 'item': {'key': 'dbus', 'value': ['x', '81', '81', 'System message bus', '/', '/sbin/nologin']}, 'ansible_loop_var': 'item'}]) 
skipping: [localhost] => (item=[{'key': 'systemd-coredump', 'value': ['x', '999', '997', 'systemd Core Dumper', '/', '/sbin/nologin']}, {'changed': False, 'skipped': True, 'skip_reason': 'Conditional result was False', 'false_condition': 'item.value[1]|int >= 1000', 'item': {'key': 'systemd-coredump', 'value': ['x', '999', '997', 'systemd Core Dumper', '/', '/sbin/nologin']}, 'ansible_loop_var': 'item'}]) 
skipping: [localhost] => (item=[{'key': 'systemd-resolve', 'value': ['x', '193', '193', 'systemd Resolver', '/', '/sbin/nologin']}, {'changed': False, 'skipped': True, 'skip_reason': 'Conditional result was False', 'false_condition': 'item.value[1]|int >= 1000', 'item': {'key': 'systemd-resolve', 'value': ['x', '193', '193', 'systemd Resolver', '/', '/sbin/nologin']}, 'ansible_loop_var': 'item'}]) 
skipping: [localhost]

TASK [/stigforge/roles/rhel8_cis : Ensure User Bash History File Has Correct Permissions - Gather User Info] ***
ok: [localhost]

TASK [/stigforge/roles/rhel8_cis : Ensure User Bash History File Has Correct Permissions - Check Bash History Files Existence] ***
skipping: [localhost] => (item={'key': 'root', 'value': ['x', '0', '0', 'root', '/root', '/bin/bash']}) 
skipping: [localhost] => (item={'key': 'bin', 'value': ['x', '1', '1', 'bin', '/bin', '/sbin/nologin']}) 
skipping: [localhost] => (item={'key': 'daemon', 'value': ['x', '2', '2', 'daemon', '/sbin', '/sbin/nologin']}) 
skipping: [localhost] => (item={'key': 'adm', 'value': ['x', '3', '4', 'adm', '/var/adm', '/sbin/nologin']}) 
skipping: [localhost] => (item={'key': 'lp', 'value': ['x', '4', '7', 'lp', '/var/spool/lpd', '/sbin/nologin']}) 
skipping: [localhost] => (item={'key': 'sync', 'value': ['x', '5', '0', 'sync', '/sbin', '/bin/sync']}) 
skipping: [localhost] => (item={'key': 'shutdown', 'value': ['x', '6', '0', 'shutdown', '/sbin', '/sbin/shutdown']}) 
skipping: [localhost] => (item={'key': 'halt', 'value': ['x', '7', '0', 'halt', '/sbin', '/sbin/halt']}) 
skipping: [localhost] => (item={'key': 'mail', 'value': ['x', '8', '12', 'mail', '/var/spool/mail', '/sbin/nologin']}) 
skipping: [localhost] => (item={'key': 'operator', 'value': ['x', '11', '0', 'operator', '/root', '/sbin/nologin']}) 
skipping: [localhost] => (item={'key': 'games', 'value': ['x', '12', '100', 'games', '/usr/games', '/sbin/nologin']}) 
skipping: [localhost] => (item={'key': 'ftp', 'value': ['x', '14', '50', 'FTP User', '/var/ftp', '/sbin/nologin']}) 
skipping: [localhost] => (item={'key': 'nobody', 'value': ['x', '65534', '65534', 'Kernel Overflow User', '/', '/sbin/nologin']}) 
skipping: [localhost] => (item={'key': 'tss', 'value': ['x', '59', '59', 'Account used for TPM access', '/dev/null', '/sbin/nologin']}) 
skipping: [localhost] => (item={'key': 'dbus', 'value': ['x', '81', '81', 'System message bus', '/', '/sbin/nologin']}) 
skipping: [localhost] => (item={'key': 'systemd-coredump', 'value': ['x', '999', '997', 'systemd Core Dumper', '/', '/sbin/nologin']}) 
skipping: [localhost] => (item={'key': 'systemd-resolve', 'value': ['x', '193', '193', 'systemd Resolver', '/', '/sbin/nologin']}) 
skipping: [localhost]

TASK [/stigforge/roles/rhel8_cis : Ensure User Bash History File Has Correct Permissions - Fix Bash History Files Permissions] ***
skipping: [localhost] => (item={'changed': False, 'skipped': True, 'skip_reason': 'Conditional result was False', 'false_condition': 'item.value[1] | int >= 1000', 'item': {'key': 'root', 'value': ['x', '0', '0', 'root', '/root', '/bin/bash']}, 'ansible_loop_var': 'item'}) 
skipping: [localhost] => (item={'changed': False, 'skipped': True, 'skip_reason': 'Conditional result was False', 'false_condition': 'item.value[1] | int >= 1000', 'item': {'key': 'bin', 'value': ['x', '1', '1', 'bin', '/bin', '/sbin/nologin']}, 'ansible_loop_var': 'item'}) 
skipping: [localhost] => (item={'changed': False, 'skipped': True, 'skip_reason': 'Conditional result was False', 'false_condition': 'item.value[1] | int >= 1000', 'item': {'key': 'daemon', 'value': ['x', '2', '2', 'daemon', '/sbin', '/sbin/nologin']}, 'ansible_loop_var': 'item'}) 
skipping: [localhost] => (item={'changed': False, 'skipped': True, 'skip_reason': 'Conditional result was False', 'false_condition': 'item.value[1] | int >= 1000', 'item': {'key': 'adm', 'value': ['x', '3', '4', 'adm', '/var/adm', '/sbin/nologin']}, 'ansible_loop_var': 'item'}) 
skipping: [localhost] => (item={'changed': False, 'skipped': True, 'skip_reason': 'Conditional result was False', 'false_condition': 'item.value[1] | int >= 1000', 'item': {'key': 'lp', 'value': ['x', '4', '7', 'lp', '/var/spool/lpd', '/sbin/nologin']}, 'ansible_loop_var': 'item'}) 
skipping: [localhost] => (item={'changed': False, 'skipped': True, 'skip_reason': 'Conditional result was False', 'false_condition': 'item.value[1] | int >= 1000', 'item': {'key': 'sync', 'value': ['x', '5', '0', 'sync', '/sbin', '/bin/sync']}, 'ansible_loop_var': 'item'}) 
skipping: [localhost] => (item={'changed': False, 'skipped': True, 'skip_reason': 'Conditional result was False', 'false_condition': 'item.value[1] | int >= 1000', 'item': {'key': 'shutdown', 'value': ['x', '6', '0', 'shutdown', '/sbin', '/sbin/shutdown']}, 'ansible_loop_var': 'item'}) 
skipping: [localhost] => (item={'changed': False, 'skipped': True, 'skip_reason': 'Conditional result was False', 'false_condition': 'item.value[1] | int >= 1000', 'item': {'key': 'halt', 'value': ['x', '7', '0', 'halt', '/sbin', '/sbin/halt']}, 'ansible_loop_var': 'item'}) 
skipping: [localhost] => (item={'changed': False, 'skipped': True, 'skip_reason': 'Conditional result was False', 'false_condition': 'item.value[1] | int >= 1000', 'item': {'key': 'mail', 'value': ['x', '8', '12', 'mail', '/var/spool/mail', '/sbin/nologin']}, 'ansible_loop_var': 'item'}) 
skipping: [localhost] => (item={'changed': False, 'skipped': True, 'skip_reason': 'Conditional result was False', 'false_condition': 'item.value[1] | int >= 1000', 'item': {'key': 'operator', 'value': ['x', '11', '0', 'operator', '/root', '/sbin/nologin']}, 'ansible_loop_var': 'item'}) 
skipping: [localhost] => (item={'changed': False, 'skipped': True, 'skip_reason': 'Conditional result was False', 'false_condition': 'item.value[1] | int >= 1000', 'item': {'key': 'games', 'value': ['x', '12', '100', 'games', '/usr/games', '/sbin/nologin']}, 'ansible_loop_var': 'item'}) 
skipping: [localhost] => (item={'changed': False, 'skipped': True, 'skip_reason': 'Conditional result was False', 'false_condition': 'item.value[1] | int >= 1000', 'item': {'key': 'ftp', 'value': ['x', '14', '50', 'FTP User', '/var/ftp', '/sbin/nologin']}, 'ansible_loop_var': 'item'}) 
skipping: [localhost] => (item={'changed': False, 'skipped': True, 'skip_reason': 'Conditional result was False', 'false_condition': 'item.key not in ["nobody", "nfsnobody"]', 'item': {'key': 'nobody', 'value': ['x', '65534', '65534', 'Kernel Overflow User', '/', '/sbin/nologin']}, 'ansible_loop_var': 'item'}) 
skipping: [localhost] => (item={'changed': False, 'skipped': True, 'skip_reason': 'Conditional result was False', 'false_condition': 'item.value[1] | int >= 1000', 'item': {'key': 'tss', 'value': ['x', '59', '59', 'Account used for TPM access', '/dev/null', '/sbin/nologin']}, 'ansible_loop_var': 'item'}) 
skipping: [localhost] => (item={'changed': False, 'skipped': True, 'skip_reason': 'Conditional result was False', 'false_condition': 'item.value[1] | int >= 1000', 'item': {'key': 'dbus', 'value': ['x', '81', '81', 'System message bus', '/', '/sbin/nologin']}, 'ansible_loop_var': 'item'}) 
skipping: [localhost] => (item={'changed': False, 'skipped': True, 'skip_reason': 'Conditional result was False', 'false_condition': 'item.value[1] | int >= 1000', 'item': {'key': 'systemd-coredump', 'value': ['x', '999', '997', 'systemd Core Dumper', '/', '/sbin/nologin']}, 'ansible_loop_var': 'item'}) 
skipping: [localhost] => (item={'changed': False, 'skipped': True, 'skip_reason': 'Conditional result was False', 'false_condition': 'item.value[1] | int >= 1000', 'item': {'key': 'systemd-resolve', 'value': ['x', '193', '193', 'systemd Resolver', '/', '/sbin/nologin']}, 'ansible_loop_var': 'item'}) 
skipping: [localhost]

TASK [/stigforge/roles/rhel8_cis : Ensure All User Initialization Files Have Mode 0740 Or Less Permissive - Gather User Info] ***
ok: [localhost]

TASK [/stigforge/roles/rhel8_cis : Ensure All User Initialization Files Have Mode 0740 Or Less Permissive - Find Init Files] ***
skipping: [localhost] => (item={'key': 'root', 'value': ['x', '0', '0', 'root', '/root', '/bin/bash']}) 
skipping: [localhost] => (item={'key': 'bin', 'value': ['x', '1', '1', 'bin', '/bin', '/sbin/nologin']}) 
skipping: [localhost] => (item={'key': 'daemon', 'value': ['x', '2', '2', 'daemon', '/sbin', '/sbin/nologin']}) 
skipping: [localhost] => (item={'key': 'adm', 'value': ['x', '3', '4', 'adm', '/var/adm', '/sbin/nologin']}) 
skipping: [localhost] => (item={'key': 'lp', 'value': ['x', '4', '7', 'lp', '/var/spool/lpd', '/sbin/nologin']}) 
skipping: [localhost] => (item={'key': 'sync', 'value': ['x', '5', '0', 'sync', '/sbin', '/bin/sync']}) 
skipping: [localhost] => (item={'key': 'shutdown', 'value': ['x', '6', '0', 'shutdown', '/sbin', '/sbin/shutdown']}) 
skipping: [localhost] => (item={'key': 'halt', 'value': ['x', '7', '0', 'halt', '/sbin', '/sbin/halt']}) 
skipping: [localhost] => (item={'key': 'mail', 'value': ['x', '8', '12', 'mail', '/var/spool/mail', '/sbin/nologin']}) 
skipping: [localhost] => (item={'key': 'operator', 'value': ['x', '11', '0', 'operator', '/root', '/sbin/nologin']}) 
skipping: [localhost] => (item={'key': 'games', 'value': ['x', '12', '100', 'games', '/usr/games', '/sbin/nologin']}) 
skipping: [localhost] => (item={'key': 'ftp', 'value': ['x', '14', '50', 'FTP User', '/var/ftp', '/sbin/nologin']}) 
skipping: [localhost] => (item={'key': 'nobody', 'value': ['x', '65534', '65534', 'Kernel Overflow User', '/', '/sbin/nologin']}) 
skipping: [localhost] => (item={'key': 'tss', 'value': ['x', '59', '59', 'Account used for TPM access', '/dev/null', '/sbin/nologin']}) 
skipping: [localhost] => (item={'key': 'dbus', 'value': ['x', '81', '81', 'System message bus', '/', '/sbin/nologin']}) 
skipping: [localhost] => (item={'key': 'systemd-coredump', 'value': ['x', '999', '997', 'systemd Core Dumper', '/', '/sbin/nologin']}) 
skipping: [localhost] => (item={'key': 'systemd-resolve', 'value': ['x', '193', '193', 'systemd Resolver', '/', '/sbin/nologin']}) 
skipping: [localhost]

TASK [/stigforge/roles/rhel8_cis : Ensure All User Initialization Files Have Mode 0740 Or Less Permissive - Fix Init Files Permissions] ***
skipping: [localhost]

TASK [/stigforge/roles/rhel8_cis : Get all local users from /etc/passwd] *******
ok: [localhost]

TASK [/stigforge/roles/rhel8_cis : Create local_users variable from the getent output] ***
ok: [localhost]

TASK [/stigforge/roles/rhel8_cis : Test for existence home directories to avoid creating them.] ***
skipping: [localhost] => (item={'key': 'root', 'value': ['x', '0', '0', 'root', '/root', '/bin/bash']}) 
skipping: [localhost] => (item={'key': 'bin', 'value': ['x', '1', '1', 'bin', '/bin', '/sbin/nologin']}) 
skipping: [localhost] => (item={'key': 'daemon', 'value': ['x', '2', '2', 'daemon', '/sbin', '/sbin/nologin']}) 
skipping: [localhost] => (item={'key': 'adm', 'value': ['x', '3', '4', 'adm', '/var/adm', '/sbin/nologin']}) 
skipping: [localhost] => (item={'key': 'lp', 'value': ['x', '4', '7', 'lp', '/var/spool/lpd', '/sbin/nologin']}) 
skipping: [localhost] => (item={'key': 'sync', 'value': ['x', '5', '0', 'sync', '/sbin', '/bin/sync']}) 
skipping: [localhost] => (item={'key': 'shutdown', 'value': ['x', '6', '0', 'shutdown', '/sbin', '/sbin/shutdown']}) 
skipping: [localhost] => (item={'key': 'halt', 'value': ['x', '7', '0', 'halt', '/sbin', '/sbin/halt']}) 
skipping: [localhost] => (item={'key': 'mail', 'value': ['x', '8', '12', 'mail', '/var/spool/mail', '/sbin/nologin']}) 
skipping: [localhost] => (item={'key': 'operator', 'value': ['x', '11', '0', 'operator', '/root', '/sbin/nologin']}) 
skipping: [localhost] => (item={'key': 'games', 'value': ['x', '12', '100', 'games', '/usr/games', '/sbin/nologin']}) 
skipping: [localhost] => (item={'key': 'ftp', 'value': ['x', '14', '50', 'FTP User', '/var/ftp', '/sbin/nologin']}) 
skipping: [localhost] => (item={'key': 'nobody', 'value': ['x', '65534', '65534', 'Kernel Overflow User', '/', '/sbin/nologin']}) 
skipping: [localhost] => (item={'key': 'tss', 'value': ['x', '59', '59', 'Account used for TPM access', '/dev/null', '/sbin/nologin']}) 
skipping: [localhost] => (item={'key': 'dbus', 'value': ['x', '81', '81', 'System message bus', '/', '/sbin/nologin']}) 
skipping: [localhost] => (item={'key': 'systemd-coredump', 'value': ['x', '999', '997', 'systemd Core Dumper', '/', '/sbin/nologin']}) 
skipping: [localhost] => (item={'key': 'systemd-resolve', 'value': ['x', '193', '193', 'systemd Resolver', '/', '/sbin/nologin']}) 
skipping: [localhost]

TASK [/stigforge/roles/rhel8_cis : Ensure interactive local users have proper permissions on their respective home directories] ***
skipping: [localhost] => (item=[{'key': 'root', 'value': ['x', '0', '0', 'root', '/root', '/bin/bash']}, {'changed': False, 'skipped': True, 'skip_reason': 'Conditional result was False', 'false_condition': 'item.value[1]|int >= 1000', 'item': {'key': 'root', 'value': ['x', '0', '0', 'root', '/root', '/bin/bash']}, 'ansible_loop_var': 'item'}]) 
skipping: [localhost] => (item=[{'key': 'bin', 'value': ['x', '1', '1', 'bin', '/bin', '/sbin/nologin']}, {'changed': False, 'skipped': True, 'skip_reason': 'Conditional result was False', 'false_condition': 'item.value[1]|int >= 1000', 'item': {'key': 'bin', 'value': ['x', '1', '1', 'bin', '/bin', '/sbin/nologin']}, 'ansible_loop_var': 'item'}]) 
skipping: [localhost] => (item=[{'key': 'daemon', 'value': ['x', '2', '2', 'daemon', '/sbin', '/sbin/nologin']}, {'changed': False, 'skipped': True, 'skip_reason': 'Conditional result was False', 'false_condition': 'item.value[1]|int >= 1000', 'item': {'key': 'daemon', 'value': ['x', '2', '2', 'daemon', '/sbin', '/sbin/nologin']}, 'ansible_loop_var': 'item'}]) 
skipping: [localhost] => (item=[{'key': 'adm', 'value': ['x', '3', '4', 'adm', '/var/adm', '/sbin/nologin']}, {'changed': False, 'skipped': True, 'skip_reason': 'Conditional result was False', 'false_condition': 'item.value[1]|int >= 1000', 'item': {'key': 'adm', 'value': ['x', '3', '4', 'adm', '/var/adm', '/sbin/nologin']}, 'ansible_loop_var': 'item'}]) 
skipping: [localhost] => (item=[{'key': 'lp', 'value': ['x', '4', '7', 'lp', '/var/spool/lpd', '/sbin/nologin']}, {'changed': False, 'skipped': True, 'skip_reason': 'Conditional result was False', 'false_condition': 'item.value[1]|int >= 1000', 'item': {'key': 'lp', 'value': ['x', '4', '7', 'lp', '/var/spool/lpd', '/sbin/nologin']}, 'ansible_loop_var': 'item'}]) 
skipping: [localhost] => (item=[{'key': 'sync', 'value': ['x', '5', '0', 'sync', '/sbin', '/bin/sync']}, {'changed': False, 'skipped': True, 'skip_reason': 'Conditional result was False', 'false_condition': 'item.value[1]|int >= 1000', 'item': {'key': 'sync', 'value': ['x', '5', '0', 'sync', '/sbin', '/bin/sync']}, 'ansible_loop_var': 'item'}]) 
skipping: [localhost] => (item=[{'key': 'shutdown', 'value': ['x', '6', '0', 'shutdown', '/sbin', '/sbin/shutdown']}, {'changed': False, 'skipped': True, 'skip_reason': 'Conditional result was False', 'false_condition': 'item.value[1]|int >= 1000', 'item': {'key': 'shutdown', 'value': ['x', '6', '0', 'shutdown', '/sbin', '/sbin/shutdown']}, 'ansible_loop_var': 'item'}]) 
skipping: [localhost] => (item=[{'key': 'halt', 'value': ['x', '7', '0', 'halt', '/sbin', '/sbin/halt']}, {'changed': False, 'skipped': True, 'skip_reason': 'Conditional result was False', 'false_condition': 'item.value[1]|int >= 1000', 'item': {'key': 'halt', 'value': ['x', '7', '0', 'halt', '/sbin', '/sbin/halt']}, 'ansible_loop_var': 'item'}]) 
skipping: [localhost] => (item=[{'key': 'mail', 'value': ['x', '8', '12', 'mail', '/var/spool/mail', '/sbin/nologin']}, {'changed': False, 'skipped': True, 'skip_reason': 'Conditional result was False', 'false_condition': 'item.value[1]|int >= 1000', 'item': {'key': 'mail', 'value': ['x', '8', '12', 'mail', '/var/spool/mail', '/sbin/nologin']}, 'ansible_loop_var': 'item'}]) 
skipping: [localhost] => (item=[{'key': 'operator', 'value': ['x', '11', '0', 'operator', '/root', '/sbin/nologin']}, {'changed': False, 'skipped': True, 'skip_reason': 'Conditional result was False', 'false_condition': 'item.value[1]|int >= 1000', 'item': {'key': 'operator', 'value': ['x', '11', '0', 'operator', '/root', '/sbin/nologin']}, 'ansible_loop_var': 'item'}]) 
skipping: [localhost] => (item=[{'key': 'games', 'value': ['x', '12', '100', 'games', '/usr/games', '/sbin/nologin']}, {'changed': False, 'skipped': True, 'skip_reason': 'Conditional result was False', 'false_condition': 'item.value[1]|int >= 1000', 'item': {'key': 'games', 'value': ['x', '12', '100', 'games', '/usr/games', '/sbin/nologin']}, 'ansible_loop_var': 'item'}]) 
skipping: [localhost] => (item=[{'key': 'ftp', 'value': ['x', '14', '50', 'FTP User', '/var/ftp', '/sbin/nologin']}, {'changed': False, 'skipped': True, 'skip_reason': 'Conditional result was False', 'false_condition': 'item.value[1]|int >= 1000', 'item': {'key': 'ftp', 'value': ['x', '14', '50', 'FTP User', '/var/ftp', '/sbin/nologin']}, 'ansible_loop_var': 'item'}]) 
skipping: [localhost] => (item=[{'key': 'nobody', 'value': ['x', '65534', '65534', 'Kernel Overflow User', '/', '/sbin/nologin']}, {'changed': False, 'skipped': True, 'skip_reason': 'Conditional result was False', 'false_condition': 'item.value[1]|int != 65534', 'item': {'key': 'nobody', 'value': ['x', '65534', '65534', 'Kernel Overflow User', '/', '/sbin/nologin']}, 'ansible_loop_var': 'item'}]) 
skipping: [localhost] => (item=[{'key': 'tss', 'value': ['x', '59', '59', 'Account used for TPM access', '/dev/null', '/sbin/nologin']}, {'changed': False, 'skipped': True, 'skip_reason': 'Conditional result was False', 'false_condition': 'item.value[1]|int >= 1000', 'item': {'key': 'tss', 'value': ['x', '59', '59', 'Account used for TPM access', '/dev/null', '/sbin/nologin']}, 'ansible_loop_var': 'item'}]) 
skipping: [localhost] => (item=[{'key': 'dbus', 'value': ['x', '81', '81', 'System message bus', '/', '/sbin/nologin']}, {'changed': False, 'skipped': True, 'skip_reason': 'Conditional result was False', 'false_condition': 'item.value[1]|int >= 1000', 'item': {'key': 'dbus', 'value': ['x', '81', '81', 'System message bus', '/', '/sbin/nologin']}, 'ansible_loop_var': 'item'}]) 
skipping: [localhost] => (item=[{'key': 'systemd-coredump', 'value': ['x', '999', '997', 'systemd Core Dumper', '/', '/sbin/nologin']}, {'changed': False, 'skipped': True, 'skip_reason': 'Conditional result was False', 'false_condition': 'item.value[1]|int >= 1000', 'item': {'key': 'systemd-coredump', 'value': ['x', '999', '997', 'systemd Core Dumper', '/', '/sbin/nologin']}, 'ansible_loop_var': 'item'}]) 
skipping: [localhost] => (item=[{'key': 'systemd-resolve', 'value': ['x', '193', '193', 'systemd Resolver', '/', '/sbin/nologin']}, {'changed': False, 'skipped': True, 'skip_reason': 'Conditional result was False', 'false_condition': 'item.value[1]|int >= 1000', 'item': {'key': 'systemd-resolve', 'value': ['x', '193', '193', 'systemd Resolver', '/', '/sbin/nologin']}, 'ansible_loop_var': 'item'}]) 
skipping: [localhost]

TASK [/stigforge/roles/rhel8_cis : Get root paths which are not symbolic links] ***
ok: [localhost] => (item=/usr/local/sbin)
ok: [localhost] => (item=/usr/local/bin)
ok: [localhost] => (item=/usr/sbin)
ok: [localhost] => (item=/usr/bin)
ok: [localhost] => (item=/sbin)
ok: [localhost] => (item=/bin)

TASK [/stigforge/roles/rhel8_cis : Disable writability to root directories] ****
ok: [localhost] => (item={'changed': False, 'stat': {'exists': True, 'path': '/usr/local/sbin', 'mode': '0755', 'isdir': True, 'ischr': False, 'isblk': False, 'isreg': False, 'isfifo': False, 'islnk': False, 'issock': False, 'uid': 0, 'gid': 0, 'size': 4096, 'inode': 7100996, 'dev': 93, 'nlink': 2, 'atime': 1784107718.181031, 'mtime': 1633913311.0, 'ctime': 1784107718.1650307, 'wusr': True, 'rusr': True, 'xusr': True, 'wgrp': False, 'rgrp': True, 'xgrp': True, 'woth': False, 'roth': True, 'xoth': True, 'isuid': False, 'isgid': False, 'blocks': 8, 'block_size': 4096, 'device_type': 0, 'readable': True, 'writeable': True, 'executable': True, 'pw_name': 'root', 'gr_name': 'root', 'mimetype': 'unknown', 'charset': 'unknown', 'version': None, 'attributes': [], 'attr_flags': ''}, 'invocation': {'module_args': {'path': '/usr/local/sbin', 'follow': False, 'get_md5': False, 'get_checksum': True, 'get_mime': True, 'get_attributes': True, 'checksum_algorithm': 'sha1'}}, 'failed': False, 'failed_when_result': False, 'item': '/usr/local/sbin', 'ansible_loop_var': 'item'})
ok: [localhost] => (item={'changed': False, 'stat': {'exists': True, 'path': '/usr/local/bin', 'mode': '0755', 'isdir': True, 'ischr': False, 'isblk': False, 'isreg': False, 'isfifo': False, 'islnk': False, 'issock': False, 'uid': 0, 'gid': 0, 'size': 4096, 'inode': 13915814, 'dev': 93, 'nlink': 1, 'atime': 1785319202.7607534, 'mtime': 1785235072.0, 'ctime': 1785319202.7407532, 'wusr': True, 'rusr': True, 'xusr': True, 'wgrp': False, 'rgrp': True, 'xgrp': True, 'woth': False, 'roth': True, 'xoth': True, 'isuid': False, 'isgid': False, 'blocks': 8, 'block_size': 4096, 'device_type': 0, 'readable': True, 'writeable': True, 'executable': True, 'pw_name': 'root', 'gr_name': 'root', 'mimetype': 'unknown', 'charset': 'unknown', 'version': None, 'attributes': [], 'attr_flags': ''}, 'invocation': {'module_args': {'path': '/usr/local/bin', 'follow': False, 'get_md5': False, 'get_checksum': True, 'get_mime': True, 'get_attributes': True, 'checksum_algorithm': 'sha1'}}, 'failed': False, 'failed_when_result': False, 'item': '/usr/local/bin', 'ansible_loop_var': 'item'})
ok: [localhost] => (item={'changed': False, 'stat': {'exists': True, 'path': '/usr/sbin', 'mode': '0555', 'isdir': True, 'ischr': False, 'isblk': False, 'isreg': False, 'isfifo': False, 'islnk': False, 'issock': False, 'uid': 0, 'gid': 0, 'size': 4096, 'inode': 13919378, 'dev': 93, 'nlink': 1, 'atime': 1785319202.7687535, 'mtime': 1785235066.0, 'ctime': 1785319202.7467532, 'wusr': False, 'rusr': True, 'xusr': True, 'wgrp': False, 'rgrp': True, 'xgrp': True, 'woth': False, 'roth': True, 'xoth': True, 'isuid': False, 'isgid': False, 'blocks': 8, 'block_size': 4096, 'device_type': 0, 'readable': True, 'writeable': True, 'executable': True, 'pw_name': 'root', 'gr_name': 'root', 'mimetype': 'unknown', 'charset': 'unknown', 'version': None, 'attributes': [], 'attr_flags': ''}, 'invocation': {'module_args': {'path': '/usr/sbin', 'follow': False, 'get_md5': False, 'get_checksum': True, 'get_mime': True, 'get_attributes': True, 'checksum_algorithm': 'sha1'}}, 'failed': False, 'failed_when_result': False, 'item': '/usr/sbin', 'ansible_loop_var': 'item'})
ok: [localhost] => (item={'changed': False, 'stat': {'exists': True, 'path': '/usr/bin', 'mode': '0555', 'isdir': True, 'ischr': False, 'isblk': False, 'isreg': False, 'isfifo': False, 'islnk': False, 'issock': False, 'uid': 0, 'gid': 0, 'size': 4096, 'inode': 13912199, 'dev': 93, 'nlink': 1, 'atime': 1785319202.7487533, 'mtime': 1785235067.0, 'ctime': 1785319202.7383325, 'wusr': False, 'rusr': True, 'xusr': True, 'wgrp': False, 'rgrp': True, 'xgrp': True, 'woth': False, 'roth': True, 'xoth': True, 'isuid': False, 'isgid': False, 'blocks': 8, 'block_size': 4096, 'device_type': 0, 'readable': True, 'writeable': True, 'executable': True, 'pw_name': 'root', 'gr_name': 'root', 'mimetype': 'unknown', 'charset': 'unknown', 'version': None, 'attributes': [], 'attr_flags': ''}, 'invocation': {'module_args': {'path': '/usr/bin', 'follow': False, 'get_md5': False, 'get_checksum': True, 'get_mime': True, 'get_attributes': True, 'checksum_algorithm': 'sha1'}}, 'failed': False, 'failed_when_result': False, 'item': '/usr/bin', 'ansible_loop_var': 'item'})
skipping: [localhost] => (item={'changed': False, 'stat': {'exists': True, 'path': '/sbin', 'mode': '0777', 'isdir': False, 'ischr': False, 'isblk': False, 'isreg': False, 'isfifo': False, 'islnk': True, 'issock': False, 'uid': 0, 'gid': 0, 'size': 8, 'inode': 7095425, 'dev': 93, 'nlink': 1, 'atime': 1633913311.0, 'mtime': 1633913311.0, 'ctime': 1784107717.2052104, 'wusr': True, 'rusr': True, 'xusr': True, 'wgrp': True, 'rgrp': True, 'xgrp': True, 'woth': True, 'roth': True, 'xoth': True, 'isuid': False, 'isgid': False, 'blocks': 0, 'block_size': 4096, 'device_type': 0, 'readable': True, 'writeable': True, 'executable': True, 'lnk_source': '/usr/sbin', 'lnk_target': 'usr/sbin', 'pw_name': 'root', 'gr_name': 'root', 'mimetype': 'unknown', 'charset': 'unknown', 'version': None, 'attributes': [], 'attr_flags': ''}, 'invocation': {'module_args': {'path': '/sbin', 'follow': False, 'get_md5': False, 'get_checksum': True, 'get_mime': True, 'get_attributes': True, 'checksum_algorithm': 'sha1'}}, 'failed': False, 'failed_when_result': False, 'item': '/sbin', 'ansible_loop_var': 'item'}) 
skipping: [localhost] => (item={'changed': False, 'stat': {'exists': True, 'path': '/bin', 'mode': '0777', 'isdir': False, 'ischr': False, 'isblk': False, 'isreg': False, 'isfifo': False, 'islnk': True, 'issock': False, 'uid': 0, 'gid': 0, 'size': 7, 'inode': 7093077, 'dev': 93, 'nlink': 1, 'atime': 1633913311.0, 'mtime': 1633913311.0, 'ctime': 1784107717.1600764, 'wusr': True, 'rusr': True, 'xusr': True, 'wgrp': True, 'rgrp': True, 'xgrp': True, 'woth': True, 'roth': True, 'xoth': True, 'isuid': False, 'isgid': False, 'blocks': 0, 'block_size': 4096, 'device_type': 0, 'readable': True, 'writeable': True, 'executable': True, 'lnk_source': '/usr/bin', 'lnk_target': 'usr/bin', 'pw_name': 'root', 'gr_name': 'root', 'mimetype': 'unknown', 'charset': 'unknown', 'version': None, 'attributes': [], 'attr_flags': ''}, 'invocation': {'module_args': {'path': '/bin', 'follow': False, 'get_md5': False, 'get_checksum': True, 'get_mime': True, 'get_attributes': True, 'checksum_algorithm': 'sha1'}}, 'failed': False, 'failed_when_result': False, 'item': '/bin', 'ansible_loop_var': 'item'}) 

TASK [/stigforge/roles/rhel8_cis : Check if umask in /etc/bashrc is already set] ***
ok: [localhost]

TASK [/stigforge/roles/rhel8_cis : Replace user umask in /etc/bashrc] **********
changed: [localhost]

TASK [/stigforge/roles/rhel8_cis : Ensure the Default umask is Appended Correctly] ***
skipping: [localhost]

TASK [/stigforge/roles/rhel8_cis : Set default umask] **************************
skipping: [localhost]

TASK [/stigforge/roles/rhel8_cis : Replace user UMASK in /etc/login.defs] ******
skipping: [localhost]

TASK [/stigforge/roles/rhel8_cis : Ensure the Default UMASK is Appended Correctly] ***
skipping: [localhost]

TASK [/stigforge/roles/rhel8_cis : Ensure the Default Umask is Set Correctly in /etc/profile - Locate Profile Configuration Files Where umask Is Defined] ***
ok: [localhost]

TASK [/stigforge/roles/rhel8_cis : Ensure the Default Umask is Set Correctly in /etc/profile - Replace Existing umask Value in Files From /etc/profile.d] ***
skipping: [localhost]

TASK [/stigforge/roles/rhel8_cis : Ensure the Default Umask is Set Correctly in /etc/profile - Ensure umask Is Set in /etc/profile if Not Already Set Elsewhere] ***
changed: [localhost]

TASK [/stigforge/roles/rhel8_cis : Ensure the Default Umask is Set Correctly in /etc/profile - Ensure umask Value For All Existing umask Definition in /etc/profile] ***
changed: [localhost]

TASK [/stigforge/roles/rhel8_cis : Set the file_groupowner_grub2_cfg_newgroup variable if represented by gid] ***
skipping: [localhost]

TASK [/stigforge/roles/rhel8_cis : Test for existence /boot/grub2/grub.cfg] ****
skipping: [localhost]

TASK [/stigforge/roles/rhel8_cis : Ensure group owner on /boot/grub2/grub.cfg] ***
skipping: [localhost]

TASK [/stigforge/roles/rhel8_cis : Set the file_groupowner_user_cfg_newgroup variable if represented by gid] ***
skipping: [localhost]

TASK [/stigforge/roles/rhel8_cis : Test for existence /boot/grub2/user.cfg] ****
skipping: [localhost]

TASK [/stigforge/roles/rhel8_cis : Ensure group owner on /boot/grub2/user.cfg] ***
skipping: [localhost]

TASK [/stigforge/roles/rhel8_cis : Set the file_owner_grub2_cfg_newown variable if represented by uid] ***
skipping: [localhost]

TASK [/stigforge/roles/rhel8_cis : Test for existence /boot/grub2/grub.cfg] ****
skipping: [localhost]

TASK [/stigforge/roles/rhel8_cis : Ensure owner on /boot/grub2/grub.cfg] *******
skipping: [localhost]

TASK [/stigforge/roles/rhel8_cis : Set the file_owner_user_cfg_newown variable if represented by uid] ***
skipping: [localhost]

TASK [/stigforge/roles/rhel8_cis : Test for existence /boot/grub2/user.cfg] ****
skipping: [localhost]

TASK [/stigforge/roles/rhel8_cis : Ensure owner on /boot/grub2/user.cfg] *******
skipping: [localhost]

TASK [/stigforge/roles/rhel8_cis : Test for existence /boot/grub2/grub.cfg] ****
skipping: [localhost]

TASK [/stigforge/roles/rhel8_cis : Ensure permission u-xs,g-xwrs,o-xwrt on /boot/grub2/grub.cfg] ***
skipping: [localhost]

TASK [/stigforge/roles/rhel8_cis : Test for existence /boot/grub2/user.cfg] ****
skipping: [localhost]

TASK [/stigforge/roles/rhel8_cis : Ensure permission u-xs,g-xwrs,o-xwrt on /boot/grub2/user.cfg] ***
skipping: [localhost]

TASK [/stigforge/roles/rhel8_cis : Set the file_groupowner_efi_grub2_cfg_newgroup variable if represented by gid] ***
skipping: [localhost]

TASK [/stigforge/roles/rhel8_cis : Test for existence /boot/efi/EFI/redhat/grub.cfg] ***
skipping: [localhost]

TASK [/stigforge/roles/rhel8_cis : Ensure group owner on /boot/efi/EFI/redhat/grub.cfg] ***
skipping: [localhost]

TASK [/stigforge/roles/rhel8_cis : Set the file_groupowner_efi_user_cfg_newgroup variable if represented by gid] ***
skipping: [localhost]

TASK [/stigforge/roles/rhel8_cis : Test for existence /boot/efi/EFI/redhat/user.cfg] ***
skipping: [localhost]

TASK [/stigforge/roles/rhel8_cis : Ensure group owner on /boot/efi/EFI/redhat/user.cfg] ***
skipping: [localhost]

TASK [/stigforge/roles/rhel8_cis : Set the file_owner_efi_grub2_cfg_newown variable if represented by uid] ***
skipping: [localhost]

TASK [/stigforge/roles/rhel8_cis : Test for existence /boot/efi/EFI/redhat/grub.cfg] ***
skipping: [localhost]

TASK [/stigforge/roles/rhel8_cis : Ensure owner on /boot/efi/EFI/redhat/grub.cfg] ***
skipping: [localhost]

TASK [/stigforge/roles/rhel8_cis : Set the file_owner_efi_user_cfg_newown variable if represented by uid] ***
skipping: [localhost]

TASK [/stigforge/roles/rhel8_cis : Test for existence /boot/efi/EFI/redhat/user.cfg] ***
skipping: [localhost]

TASK [/stigforge/roles/rhel8_cis : Ensure owner on /boot/efi/EFI/redhat/user.cfg] ***
skipping: [localhost]

TASK [/stigforge/roles/rhel8_cis : Test for existence /boot/efi/EFI/redhat/grub.cfg] ***
skipping: [localhost]

TASK [/stigforge/roles/rhel8_cis : Ensure permission u-s,g-xwrs,o-xwrt on /boot/efi/EFI/redhat/grub.cfg] ***
skipping: [localhost]

TASK [/stigforge/roles/rhel8_cis : Test for existence /boot/efi/EFI/redhat/user.cfg] ***
skipping: [localhost]

TASK [/stigforge/roles/rhel8_cis : Ensure permission u-s,g-xwrs,o-xwrt on /boot/efi/EFI/redhat/user.cfg] ***
skipping: [localhost]

TASK [/stigforge/roles/rhel8_cis : Ensure rsyslog Default File Permissions Configured - Search for $FileCreateMode Parameter in rsyslog Main Config File] ***
skipping: [localhost]

TASK [/stigforge/roles/rhel8_cis : Ensure rsyslog Default File Permissions Configured - Search for $FileCreateMode Parameter in rsyslog Include Files] ***
skipping: [localhost]

TASK [/stigforge/roles/rhel8_cis : Ensure rsyslog Default File Permissions Configured - Assemble List of rsyslog Configuration Files with $FileCreateMode Parameter] ***
skipping: [localhost]

TASK [/stigforge/roles/rhel8_cis : Ensure rsyslog Default File Permissions Configured - Remove $FileCreateMode Parameter from Multiple Files to Avoid Conflicts] ***
skipping: [localhost]

TASK [/stigforge/roles/rhel8_cis : Ensure rsyslog Default File Permissions Configured - Add $FileCreateMode Parameter and Expected Value] ***
skipping: [localhost]

TASK [/stigforge/roles/rhel8_cis : Ensure rsyslog Default File Permissions Configured - Ensure Correct Value of Existing $FileCreateMode Parameter] ***
skipping: [localhost]

TASK [/stigforge/roles/rhel8_cis : Ensure rsyslog Default File Permissions Configured - Restart rsyslog to Apply New $FileCreateMode Setting] ***
skipping: [localhost]

TASK [/stigforge/roles/rhel8_cis : Ensure Log Files Are Owned By Appropriate Group - Set rsyslog logfile configuration facts] ***
skipping: [localhost]

TASK [/stigforge/roles/rhel8_cis : Ensure Log Files Are Owned By Appropriate Group - Get IncludeConfig directive] ***
skipping: [localhost]

TASK [/stigforge/roles/rhel8_cis : Ensure Log Files Are Owned By Appropriate Group - Get include files directives] ***
skipping: [localhost]

TASK [/stigforge/roles/rhel8_cis : Ensure Log Files Are Owned By Appropriate Group - Aggregate rsyslog includes] ***
skipping: [localhost]

TASK [/stigforge/roles/rhel8_cis : Ensure Log Files Are Owned By Appropriate Group - List all config files] ***
skipping: [localhost]

TASK [/stigforge/roles/rhel8_cis : Ensure Log Files Are Owned By Appropriate Group - Extract log files old format] ***
skipping: [localhost]

TASK [/stigforge/roles/rhel8_cis : Ensure Log Files Are Owned By Appropriate Group - Extract log files new format] ***
skipping: [localhost]

TASK [/stigforge/roles/rhel8_cis : Ensure Log Files Are Owned By Appropriate Group - Sum all log files found] ***
skipping: [localhost]

TASK [/stigforge/roles/rhel8_cis : Ensure Log Files Are Owned By Appropriate Group -Setup log files attribute] ***
skipping: [localhost]

TASK [/stigforge/roles/rhel8_cis : Ensure Log Files Are Owned By Appropriate User - Set rsyslog logfile configuration facts] ***
skipping: [localhost]

TASK [/stigforge/roles/rhel8_cis : Ensure Log Files Are Owned By Appropriate User - Get IncludeConfig directive] ***
skipping: [localhost]

TASK [/stigforge/roles/rhel8_cis : Ensure Log Files Are Owned By Appropriate User - Get include files directives] ***
skipping: [localhost]

TASK [/stigforge/roles/rhel8_cis : Ensure Log Files Are Owned By Appropriate User - Aggregate rsyslog includes] ***
skipping: [localhost]

TASK [/stigforge/roles/rhel8_cis : Ensure Log Files Are Owned By Appropriate User - List all config files] ***
skipping: [localhost]

TASK [/stigforge/roles/rhel8_cis : Ensure Log Files Are Owned By Appropriate User - Extract log files old format] ***
skipping: [localhost]

TASK [/stigforge/roles/rhel8_cis : Ensure Log Files Are Owned By Appropriate User - Extract log files new format] ***
skipping: [localhost]

TASK [/stigforge/roles/rhel8_cis : Ensure Log Files Are Owned By Appropriate User - Sum all log files found] ***
skipping: [localhost]

TASK [/stigforge/roles/rhel8_cis : Ensure Log Files Are Owned By Appropriate User -Setup log files attribute] ***
skipping: [localhost]

TASK [/stigforge/roles/rhel8_cis : Ensure System Log Files Have Correct Permissions - Set rsyslog logfile configuration facts] ***
skipping: [localhost]

TASK [/stigforge/roles/rhel8_cis : Ensure System Log Files Have Correct Permissions - Get IncludeConfig directive] ***
skipping: [localhost]

TASK [/stigforge/roles/rhel8_cis : Ensure System Log Files Have Correct Permissions - Get include files directives] ***
skipping: [localhost]

TASK [/stigforge/roles/rhel8_cis : Ensure System Log Files Have Correct Permissions - Aggregate rsyslog includes] ***
skipping: [localhost]

TASK [/stigforge/roles/rhel8_cis : Ensure System Log Files Have Correct Permissions - List all config files] ***
skipping: [localhost]

TASK [/stigforge/roles/rhel8_cis : Ensure System Log Files Have Correct Permissions - Extract log files old format] ***
skipping: [localhost]

TASK [/stigforge/roles/rhel8_cis : Ensure System Log Files Have Correct Permissions - Extract log files new format] ***
skipping: [localhost]

TASK [/stigforge/roles/rhel8_cis : Ensure System Log Files Have Correct Permissions - Sum all log files found] ***
skipping: [localhost]

TASK [/stigforge/roles/rhel8_cis : Ensure System Log Files Have Correct Permissions -Setup log files attribute] ***
skipping: [localhost]

TASK [/stigforge/roles/rhel8_cis : Ensure journald is configured to compress large log files - Search for a section in files] ***
skipping: [localhost] => (item={'path': '/etc/systemd', 'pattern': 'journald\\.conf'}) 
skipping: [localhost] => (item={'path': '/etc/systemd/journald.conf.d', 'pattern': '.*\\.conf'}) 
skipping: [localhost]

TASK [/stigforge/roles/rhel8_cis : Ensure journald is configured to compress large log files - Count number of files which contain the correct section] ***
skipping: [localhost]

TASK [/stigforge/roles/rhel8_cis : Ensure journald is configured to compress large log files - Add missing configuration to correct section] ***
skipping: [localhost]

TASK [/stigforge/roles/rhel8_cis : Ensure journald is configured to compress large log files - Add configuration to new remediation file] ***
skipping: [localhost]

TASK [/stigforge/roles/rhel8_cis : Ensure journald ForwardToSyslog is disabled - Search for a section in files] ***
skipping: [localhost] => (item={'path': '/etc/systemd', 'pattern': 'journald\\.conf'}) 
skipping: [localhost] => (item={'path': '/etc/systemd/journald.conf.d', 'pattern': '.*\\.conf'}) 
skipping: [localhost]

TASK [/stigforge/roles/rhel8_cis : Ensure journald ForwardToSyslog is disabled - Count number of files which contain the correct section] ***
skipping: [localhost]

TASK [/stigforge/roles/rhel8_cis : Ensure journald ForwardToSyslog is disabled - Add missing configuration to correct section] ***
skipping: [localhost]

TASK [/stigforge/roles/rhel8_cis : Ensure journald ForwardToSyslog is disabled - Add configuration to new remediation file] ***
skipping: [localhost]

TASK [/stigforge/roles/rhel8_cis : Ensure journald is configured to write log files to persistent disk - Search for a section in files] ***
skipping: [localhost] => (item={'path': '/etc/systemd', 'pattern': 'journald\\.conf'}) 
skipping: [localhost] => (item={'path': '/etc/systemd/journald.conf.d', 'pattern': '.*\\.conf'}) 
skipping: [localhost]

TASK [/stigforge/roles/rhel8_cis : Ensure journald is configured to write log files to persistent disk - Count number of files which contain the correct section] ***
skipping: [localhost]

TASK [/stigforge/roles/rhel8_cis : Ensure journald is configured to write log files to persistent disk - Add missing configuration to correct section] ***
skipping: [localhost]

TASK [/stigforge/roles/rhel8_cis : Ensure journald is configured to write log files to persistent disk - Add configuration to new remediation file] ***
skipping: [localhost]

TASK [/stigforge/roles/rhel8_cis : Disable systemd-journal-remote Socket - Collect systemd Socket Units Present in the System] ***
skipping: [localhost]

TASK [/stigforge/roles/rhel8_cis : Disable systemd-journal-remote Socket - Ensure systemd-journal-remote.socket is Masked] ***
skipping: [localhost]

TASK [/stigforge/roles/rhel8_cis : Ensure rsyslog Does Not Accept Remote Messages Unless Acting As Log Server - Define Rsyslog Config Lines Regex in Legacy Syntax] ***
skipping: [localhost]

TASK [/stigforge/roles/rhel8_cis : Ensure rsyslog Does Not Accept Remote Messages Unless Acting As Log Server - Search for Legacy Config Lines in Rsyslog Main Config File] ***
skipping: [localhost]

TASK [/stigforge/roles/rhel8_cis : Ensure rsyslog Does Not Accept Remote Messages Unless Acting As Log Server - Search for Legacy Config Lines in Rsyslog Include Files] ***
skipping: [localhost]

TASK [/stigforge/roles/rhel8_cis : Ensure rsyslog Does Not Accept Remote Messages Unless Acting As Log Server - Assemble List of Config Files With Listen Lines in Legacy Syntax] ***
skipping: [localhost]

TASK [/stigforge/roles/rhel8_cis : Ensure rsyslog Does Not Accept Remote Messages Unless Acting As Log Server - Comment Listen Config Lines Wherever Defined Using Legacy Syntax] ***
skipping: [localhost]

TASK [/stigforge/roles/rhel8_cis : Ensure rsyslog Does Not Accept Remote Messages Unless Acting As Log Server - Define Rsyslog Config Lines Regex in RainerScript Syntax] ***
skipping: [localhost]

TASK [/stigforge/roles/rhel8_cis : Ensure rsyslog Does Not Accept Remote Messages Unless Acting As Log Server - Search for RainerScript Config Lines in Rsyslog Main Config File] ***
skipping: [localhost]

TASK [/stigforge/roles/rhel8_cis : Ensure rsyslog Does Not Accept Remote Messages Unless Acting As Log Server - Search for RainerScript Config Lines in Rsyslog Include Files] ***
skipping: [localhost]

TASK [/stigforge/roles/rhel8_cis : Ensure rsyslog Does Not Accept Remote Messages Unless Acting As Log Server - Assemble List of Config Files With Listen Lines in RainerScript] ***
skipping: [localhost]

TASK [/stigforge/roles/rhel8_cis : Ensure rsyslog Does Not Accept Remote Messages Unless Acting As Log Server - Comment Listen Config Lines Wherever Defined Using RainerScript] ***
skipping: [localhost]

TASK [/stigforge/roles/rhel8_cis : Ensure rsyslog Does Not Accept Remote Messages Unless Acting As Log Server - Restart Rsyslog if Any Line Were Commented Out] ***
skipping: [localhost]

TASK [/stigforge/roles/rhel8_cis : Check for duplicate values] *****************
skipping: [localhost]

TASK [/stigforge/roles/rhel8_cis : Deduplicate values from /etc/firewalld/firewalld.conf] ***
skipping: [localhost]

TASK [/stigforge/roles/rhel8_cis : Insert correct line to /etc/firewalld/firewalld.conf] ***
skipping: [localhost]

TASK [/stigforge/roles/rhel8_cis : Configure Accepting Router Advertisements on All IPv6 Interfaces - Set fact for sysctl paths] ***
skipping: [localhost]

TASK [/stigforge/roles/rhel8_cis : Configure Accepting Router Advertisements on All IPv6 Interfaces - Find all files that contain net.ipv6.conf.all.accept_ra] ***
skipping: [localhost]

TASK [/stigforge/roles/rhel8_cis : Configure Accepting Router Advertisements on All IPv6 Interfaces - Find all files that set net.ipv6.conf.all.accept_ra to correct value] ***
skipping: [localhost]

TASK [/stigforge/roles/rhel8_cis : Configure Accepting Router Advertisements on All IPv6 Interfaces - Comment out any occurrences of net.ipv6.conf.all.accept_ra from config files] ***
skipping: [localhost]

TASK [/stigforge/roles/rhel8_cis : Configure Accepting Router Advertisements on All IPv6 Interfaces - Comment out any occurrences of net.ipv6.conf.all.accept_ra from /etc/sysctl.conf] ***
skipping: [localhost] => (item=/etc/sysctl.conf) 
skipping: [localhost]

TASK [/stigforge/roles/rhel8_cis : Configure Accepting Router Advertisements on All IPv6 Interfaces - Ensure sysctl net.ipv6.conf.all.accept_ra is set] ***
skipping: [localhost]

TASK [/stigforge/roles/rhel8_cis : Disable Accepting ICMP Redirects for All IPv6 Interfaces - Set fact for sysctl paths] ***
skipping: [localhost]

TASK [/stigforge/roles/rhel8_cis : Disable Accepting ICMP Redirects for All IPv6 Interfaces - Find all files that contain net.ipv6.conf.all.accept_redirects] ***
skipping: [localhost]

TASK [/stigforge/roles/rhel8_cis : Disable Accepting ICMP Redirects for All IPv6 Interfaces - Find all files that set net.ipv6.conf.all.accept_redirects to correct value] ***
skipping: [localhost]

TASK [/stigforge/roles/rhel8_cis : Disable Accepting ICMP Redirects for All IPv6 Interfaces - Comment out any occurrences of net.ipv6.conf.all.accept_redirects from config files] ***
skipping: [localhost]

TASK [/stigforge/roles/rhel8_cis : Disable Accepting ICMP Redirects for All IPv6 Interfaces - Comment out any occurrences of net.ipv6.conf.all.accept_redirects from /etc/sysctl.conf] ***
skipping: [localhost] => (item=/etc/sysctl.conf) 
skipping: [localhost]

TASK [/stigforge/roles/rhel8_cis : Disable Accepting ICMP Redirects for All IPv6 Interfaces - Ensure sysctl net.ipv6.conf.all.accept_redirects is set] ***
skipping: [localhost]

TASK [/stigforge/roles/rhel8_cis : Disable Kernel Parameter for Accepting Source-Routed Packets on all IPv6 Interfaces - Set fact for sysctl paths] ***
skipping: [localhost]

TASK [/stigforge/roles/rhel8_cis : Disable Kernel Parameter for Accepting Source-Routed Packets on all IPv6 Interfaces - Find all files that contain net.ipv6.conf.all.accept_source_route] ***
skipping: [localhost]

TASK [/stigforge/roles/rhel8_cis : Disable Kernel Parameter for Accepting Source-Routed Packets on all IPv6 Interfaces - Find all files that set net.ipv6.conf.all.accept_source_route to correct value] ***
skipping: [localhost]

TASK [/stigforge/roles/rhel8_cis : Disable Kernel Parameter for Accepting Source-Routed Packets on all IPv6 Interfaces - Comment out any occurrences of net.ipv6.conf.all.accept_source_route from config files] ***
skipping: [localhost]

TASK [/stigforge/roles/rhel8_cis : Disable Kernel Parameter for Accepting Source-Routed Packets on all IPv6 Interfaces - Comment out any occurrences of net.ipv6.conf.all.accept_source_route from /etc/sysctl.conf] ***
skipping: [localhost] => (item=/etc/sysctl.conf) 
skipping: [localhost]

TASK [/stigforge/roles/rhel8_cis : Disable Kernel Parameter for Accepting Source-Routed Packets on all IPv6 Interfaces - Ensure sysctl net.ipv6.conf.all.accept_source_route is set] ***
skipping: [localhost]

TASK [/stigforge/roles/rhel8_cis : Disable Kernel Parameter for IPv6 Forwarding - Set fact for sysctl paths] ***
skipping: [localhost]

TASK [/stigforge/roles/rhel8_cis : Disable Kernel Parameter for IPv6 Forwarding - Find all files that contain net.ipv6.conf.all.forwarding] ***
skipping: [localhost]

TASK [/stigforge/roles/rhel8_cis : Disable Kernel Parameter for IPv6 Forwarding - Find all files that set net.ipv6.conf.all.forwarding to correct value] ***
skipping: [localhost]

TASK [/stigforge/roles/rhel8_cis : Disable Kernel Parameter for IPv6 Forwarding - Comment out any occurrences of net.ipv6.conf.all.forwarding from config files] ***
skipping: [localhost]

TASK [/stigforge/roles/rhel8_cis : Disable Kernel Parameter for IPv6 Forwarding - Comment out any occurrences of net.ipv6.conf.all.forwarding from /etc/sysctl.conf] ***
skipping: [localhost] => (item=/etc/sysctl.conf) 
skipping: [localhost]

TASK [/stigforge/roles/rhel8_cis : Disable Kernel Parameter for IPv6 Forwarding - Ensure sysctl net.ipv6.conf.all.forwarding is set] ***
skipping: [localhost]

TASK [/stigforge/roles/rhel8_cis : Disable Accepting Router Advertisements on all IPv6 Interfaces by Default - Set fact for sysctl paths] ***
skipping: [localhost]

TASK [/stigforge/roles/rhel8_cis : Disable Accepting Router Advertisements on all IPv6 Interfaces by Default - Find all files that contain net.ipv6.conf.default.accept_ra] ***
skipping: [localhost]

TASK [/stigforge/roles/rhel8_cis : Disable Accepting Router Advertisements on all IPv6 Interfaces by Default - Find all files that set net.ipv6.conf.default.accept_ra to correct value] ***
skipping: [localhost]

TASK [/stigforge/roles/rhel8_cis : Disable Accepting Router Advertisements on all IPv6 Interfaces by Default - Comment out any occurrences of net.ipv6.conf.default.accept_ra from config files] ***
skipping: [localhost]

TASK [/stigforge/roles/rhel8_cis : Disable Accepting Router Advertisements on all IPv6 Interfaces by Default - Comment out any occurrences of net.ipv6.conf.default.accept_ra from /etc/sysctl.conf] ***
skipping: [localhost] => (item=/etc/sysctl.conf) 
skipping: [localhost]

TASK [/stigforge/roles/rhel8_cis : Disable Accepting Router Advertisements on all IPv6 Interfaces by Default - Ensure sysctl net.ipv6.conf.default.accept_ra is set] ***
skipping: [localhost]

TASK [/stigforge/roles/rhel8_cis : Disable Kernel Parameter for Accepting ICMP Redirects by Default on IPv6 Interfaces - Set fact for sysctl paths] ***
skipping: [localhost]

TASK [/stigforge/roles/rhel8_cis : Disable Kernel Parameter for Accepting ICMP Redirects by Default on IPv6 Interfaces - Find all files that contain net.ipv6.conf.default.accept_redirects] ***
skipping: [localhost]

TASK [/stigforge/roles/rhel8_cis : Disable Kernel Parameter for Accepting ICMP Redirects by Default on IPv6 Interfaces - Find all files that set net.ipv6.conf.default.accept_redirects to correct value] ***
skipping: [localhost]

TASK [/stigforge/roles/rhel8_cis : Disable Kernel Parameter for Accepting ICMP Redirects by Default on IPv6 Interfaces - Comment out any occurrences of net.ipv6.conf.default.accept_redirects from config files] ***
skipping: [localhost]

TASK [/stigforge/roles/rhel8_cis : Disable Kernel Parameter for Accepting ICMP Redirects by Default on IPv6 Interfaces - Comment out any occurrences of net.ipv6.conf.default.accept_redirects from /etc/sysctl.conf] ***
skipping: [localhost] => (item=/etc/sysctl.conf) 
skipping: [localhost]

TASK [/stigforge/roles/rhel8_cis : Disable Kernel Parameter for Accepting ICMP Redirects by Default on IPv6 Interfaces - Ensure sysctl net.ipv6.conf.default.accept_redirects is set] ***
skipping: [localhost]

TASK [/stigforge/roles/rhel8_cis : Disable Kernel Parameter for Accepting Source-Routed Packets on IPv6 Interfaces by Default - Set fact for sysctl paths] ***
skipping: [localhost]

TASK [/stigforge/roles/rhel8_cis : Disable Kernel Parameter for Accepting Source-Routed Packets on IPv6 Interfaces by Default - Find all files that contain net.ipv6.conf.default.accept_source_route] ***
skipping: [localhost]

TASK [/stigforge/roles/rhel8_cis : Disable Kernel Parameter for Accepting Source-Routed Packets on IPv6 Interfaces by Default - Find all files that set net.ipv6.conf.default.accept_source_route to correct value] ***
skipping: [localhost]

TASK [/stigforge/roles/rhel8_cis : Disable Kernel Parameter for Accepting Source-Routed Packets on IPv6 Interfaces by Default - Comment out any occurrences of net.ipv6.conf.default.accept_source_route from config files] ***
skipping: [localhost]

TASK [/stigforge/roles/rhel8_cis : Disable Kernel Parameter for Accepting Source-Routed Packets on IPv6 Interfaces by Default - Comment out any occurrences of net.ipv6.conf.default.accept_source_route from /etc/sysctl.conf] ***
skipping: [localhost] => (item=/etc/sysctl.conf) 
skipping: [localhost]

TASK [/stigforge/roles/rhel8_cis : Disable Kernel Parameter for Accepting Source-Routed Packets on IPv6 Interfaces by Default - Ensure sysctl net.ipv6.conf.default.accept_source_route is set] ***
skipping: [localhost]

TASK [/stigforge/roles/rhel8_cis : Disable Kernel Parameter for IPv6 Forwarding by default - Set fact for sysctl paths] ***
skipping: [localhost]

TASK [/stigforge/roles/rhel8_cis : Disable Kernel Parameter for IPv6 Forwarding by default - Find all files that contain net.ipv6.conf.default.forwarding] ***
skipping: [localhost]

TASK [/stigforge/roles/rhel8_cis : Disable Kernel Parameter for IPv6 Forwarding by default - Find all files that set net.ipv6.conf.default.forwarding to correct value] ***
skipping: [localhost]

TASK [/stigforge/roles/rhel8_cis : Disable Kernel Parameter for IPv6 Forwarding by default - Comment out any occurrences of net.ipv6.conf.default.forwarding from config files] ***
skipping: [localhost]

TASK [/stigforge/roles/rhel8_cis : Disable Kernel Parameter for IPv6 Forwarding by default - Comment out any occurrences of net.ipv6.conf.default.forwarding from /etc/sysctl.conf] ***
skipping: [localhost] => (item=/etc/sysctl.conf) 
skipping: [localhost]

TASK [/stigforge/roles/rhel8_cis : Disable Kernel Parameter for IPv6 Forwarding by default - Ensure sysctl net.ipv6.conf.default.forwarding is set] ***
skipping: [localhost]

TASK [/stigforge/roles/rhel8_cis : Disable Accepting ICMP Redirects for All IPv4 Interfaces - Set fact for sysctl paths] ***
skipping: [localhost]

TASK [/stigforge/roles/rhel8_cis : Disable Accepting ICMP Redirects for All IPv4 Interfaces - Find all files that contain net.ipv4.conf.all.accept_redirects] ***
skipping: [localhost]

TASK [/stigforge/roles/rhel8_cis : Disable Accepting ICMP Redirects for All IPv4 Interfaces - Find all files that set net.ipv4.conf.all.accept_redirects to correct value] ***
skipping: [localhost]

TASK [/stigforge/roles/rhel8_cis : Disable Accepting ICMP Redirects for All IPv4 Interfaces - Comment out any occurrences of net.ipv4.conf.all.accept_redirects from config files] ***
skipping: [localhost]

TASK [/stigforge/roles/rhel8_cis : Disable Accepting ICMP Redirects for All IPv4 Interfaces - Comment out any occurrences of net.ipv4.conf.all.accept_redirects from /etc/sysctl.conf] ***
skipping: [localhost] => (item=/etc/sysctl.conf) 
skipping: [localhost]

TASK [/stigforge/roles/rhel8_cis : Disable Accepting ICMP Redirects for All IPv4 Interfaces - Ensure sysctl net.ipv4.conf.all.accept_redirects is set] ***
skipping: [localhost]

TASK [/stigforge/roles/rhel8_cis : Disable Kernel Parameter for Accepting Source-Routed Packets on all IPv4 Interfaces - Set fact for sysctl paths] ***
skipping: [localhost]

TASK [/stigforge/roles/rhel8_cis : Disable Kernel Parameter for Accepting Source-Routed Packets on all IPv4 Interfaces - Find all files that contain net.ipv4.conf.all.accept_source_route] ***
skipping: [localhost]

TASK [/stigforge/roles/rhel8_cis : Disable Kernel Parameter for Accepting Source-Routed Packets on all IPv4 Interfaces - Find all files that set net.ipv4.conf.all.accept_source_route to correct value] ***
skipping: [localhost]

TASK [/stigforge/roles/rhel8_cis : Disable Kernel Parameter for Accepting Source-Routed Packets on all IPv4 Interfaces - Comment out any occurrences of net.ipv4.conf.all.accept_source_route from config files] ***
skipping: [localhost]

TASK [/stigforge/roles/rhel8_cis : Disable Kernel Parameter for Accepting Source-Routed Packets on all IPv4 Interfaces - Comment out any occurrences of net.ipv4.conf.all.accept_source_route from /etc/sysctl.conf] ***
skipping: [localhost] => (item=/etc/sysctl.conf) 
skipping: [localhost]

TASK [/stigforge/roles/rhel8_cis : Disable Kernel Parameter for Accepting Source-Routed Packets on all IPv4 Interfaces - Ensure sysctl net.ipv4.conf.all.accept_source_route is set] ***
skipping: [localhost]

TASK [/stigforge/roles/rhel8_cis : Disable Kernel Parameter for IPv4 Forwarding on all IPv4 Interfaces - Set fact for sysctl paths] ***
skipping: [localhost]

TASK [/stigforge/roles/rhel8_cis : Disable Kernel Parameter for IPv4 Forwarding on all IPv4 Interfaces - Find all files that contain net.ipv4.conf.all.forwarding] ***
skipping: [localhost]

TASK [/stigforge/roles/rhel8_cis : Disable Kernel Parameter for IPv4 Forwarding on all IPv4 Interfaces - Find all files that set net.ipv4.conf.all.forwarding to correct value] ***
skipping: [localhost]

TASK [/stigforge/roles/rhel8_cis : Disable Kernel Parameter for IPv4 Forwarding on all IPv4 Interfaces - Comment out any occurrences of net.ipv4.conf.all.forwarding from config files] ***
skipping: [localhost]

TASK [/stigforge/roles/rhel8_cis : Disable Kernel Parameter for IPv4 Forwarding on all IPv4 Interfaces - Comment out any occurrences of net.ipv4.conf.all.forwarding from /etc/sysctl.conf] ***
skipping: [localhost] => (item=/etc/sysctl.conf) 
skipping: [localhost]

TASK [/stigforge/roles/rhel8_cis : Disable Kernel Parameter for IPv4 Forwarding on all IPv4 Interfaces - Ensure sysctl net.ipv4.conf.all.forwarding is set] ***
skipping: [localhost]

TASK [/stigforge/roles/rhel8_cis : Enable Kernel Parameter to Log Martian Packets on all IPv4 Interfaces - Set fact for sysctl paths] ***
skipping: [localhost]

TASK [/stigforge/roles/rhel8_cis : Enable Kernel Parameter to Log Martian Packets on all IPv4 Interfaces - Find all files that contain net.ipv4.conf.all.log_martians] ***
skipping: [localhost]

TASK [/stigforge/roles/rhel8_cis : Enable Kernel Parameter to Log Martian Packets on all IPv4 Interfaces - Find all files that set net.ipv4.conf.all.log_martians to correct value] ***
skipping: [localhost]

TASK [/stigforge/roles/rhel8_cis : Enable Kernel Parameter to Log Martian Packets on all IPv4 Interfaces - Comment out any occurrences of net.ipv4.conf.all.log_martians from config files] ***
skipping: [localhost]

TASK [/stigforge/roles/rhel8_cis : Enable Kernel Parameter to Log Martian Packets on all IPv4 Interfaces - Comment out any occurrences of net.ipv4.conf.all.log_martians from /etc/sysctl.conf] ***
skipping: [localhost] => (item=/etc/sysctl.conf) 
skipping: [localhost]

TASK [/stigforge/roles/rhel8_cis : Enable Kernel Parameter to Log Martian Packets on all IPv4 Interfaces - Ensure sysctl net.ipv4.conf.all.log_martians is set] ***
skipping: [localhost]

TASK [/stigforge/roles/rhel8_cis : Enable Kernel Parameter to Use Reverse Path Filtering on all IPv4 Interfaces - Set fact for sysctl paths] ***
skipping: [localhost]

TASK [/stigforge/roles/rhel8_cis : Enable Kernel Parameter to Use Reverse Path Filtering on all IPv4 Interfaces - Find all files that contain net.ipv4.conf.all.rp_filter] ***
skipping: [localhost]

TASK [/stigforge/roles/rhel8_cis : Enable Kernel Parameter to Use Reverse Path Filtering on all IPv4 Interfaces - Find all files that set net.ipv4.conf.all.rp_filter to correct value] ***
skipping: [localhost]

TASK [/stigforge/roles/rhel8_cis : Enable Kernel Parameter to Use Reverse Path Filtering on all IPv4 Interfaces - Comment out any occurrences of net.ipv4.conf.all.rp_filter from config files] ***
skipping: [localhost]

TASK [/stigforge/roles/rhel8_cis : Enable Kernel Parameter to Use Reverse Path Filtering on all IPv4 Interfaces - Comment out any occurrences of net.ipv4.conf.all.rp_filter from /etc/sysctl.conf] ***
skipping: [localhost] => (item=/etc/sysctl.conf) 
skipping: [localhost]

TASK [/stigforge/roles/rhel8_cis : Enable Kernel Parameter to Use Reverse Path Filtering on all IPv4 Interfaces - Ensure sysctl net.ipv4.conf.all.rp_filter is set] ***
skipping: [localhost]

TASK [/stigforge/roles/rhel8_cis : Disable Kernel Parameter for Accepting Secure ICMP Redirects on all IPv4 Interfaces - Set fact for sysctl paths] ***
skipping: [localhost]

TASK [/stigforge/roles/rhel8_cis : Disable Kernel Parameter for Accepting Secure ICMP Redirects on all IPv4 Interfaces - Find all files that contain net.ipv4.conf.all.secure_redirects] ***
skipping: [localhost]

TASK [/stigforge/roles/rhel8_cis : Disable Kernel Parameter for Accepting Secure ICMP Redirects on all IPv4 Interfaces - Find all files that set net.ipv4.conf.all.secure_redirects to correct value] ***
skipping: [localhost]

TASK [/stigforge/roles/rhel8_cis : Disable Kernel Parameter for Accepting Secure ICMP Redirects on all IPv4 Interfaces - Comment out any occurrences of net.ipv4.conf.all.secure_redirects from config files] ***
skipping: [localhost]

TASK [/stigforge/roles/rhel8_cis : Disable Kernel Parameter for Accepting Secure ICMP Redirects on all IPv4 Interfaces - Comment out any occurrences of net.ipv4.conf.all.secure_redirects from /etc/sysctl.conf] ***
skipping: [localhost] => (item=/etc/sysctl.conf) 
skipping: [localhost]

TASK [/stigforge/roles/rhel8_cis : Disable Kernel Parameter for Accepting Secure ICMP Redirects on all IPv4 Interfaces - Ensure sysctl net.ipv4.conf.all.secure_redirects is set] ***
skipping: [localhost]

TASK [/stigforge/roles/rhel8_cis : Disable Kernel Parameter for Accepting ICMP Redirects by Default on IPv4 Interfaces - Set fact for sysctl paths] ***
skipping: [localhost]

TASK [/stigforge/roles/rhel8_cis : Disable Kernel Parameter for Accepting ICMP Redirects by Default on IPv4 Interfaces - Find all files that contain net.ipv4.conf.default.accept_redirects] ***
skipping: [localhost]

TASK [/stigforge/roles/rhel8_cis : Disable Kernel Parameter for Accepting ICMP Redirects by Default on IPv4 Interfaces - Find all files that set net.ipv4.conf.default.accept_redirects to correct value] ***
skipping: [localhost]

TASK [/stigforge/roles/rhel8_cis : Disable Kernel Parameter for Accepting ICMP Redirects by Default on IPv4 Interfaces - Comment out any occurrences of net.ipv4.conf.default.accept_redirects from config files] ***
skipping: [localhost]

TASK [/stigforge/roles/rhel8_cis : Disable Kernel Parameter for Accepting ICMP Redirects by Default on IPv4 Interfaces - Comment out any occurrences of net.ipv4.conf.default.accept_redirects from /etc/sysctl.conf] ***
skipping: [localhost] => (item=/etc/sysctl.conf) 
skipping: [localhost]

TASK [/stigforge/roles/rhel8_cis : Disable Kernel Parameter for Accepting ICMP Redirects by Default on IPv4 Interfaces - Ensure sysctl net.ipv4.conf.default.accept_redirects is set] ***
skipping: [localhost]

TASK [/stigforge/roles/rhel8_cis : Disable Kernel Parameter for Accepting Source-Routed Packets on IPv4 Interfaces by Default - Set fact for sysctl paths] ***
skipping: [localhost]

TASK [/stigforge/roles/rhel8_cis : Disable Kernel Parameter for Accepting Source-Routed Packets on IPv4 Interfaces by Default - Find all files that contain net.ipv4.conf.default.accept_source_route] ***
skipping: [localhost]

TASK [/stigforge/roles/rhel8_cis : Disable Kernel Parameter for Accepting Source-Routed Packets on IPv4 Interfaces by Default - Find all files that set net.ipv4.conf.default.accept_source_route to correct value] ***
skipping: [localhost]

TASK [/stigforge/roles/rhel8_cis : Disable Kernel Parameter for Accepting Source-Routed Packets on IPv4 Interfaces by Default - Comment out any occurrences of net.ipv4.conf.default.accept_source_route from config files] ***
skipping: [localhost]

TASK [/stigforge/roles/rhel8_cis : Disable Kernel Parameter for Accepting Source-Routed Packets on IPv4 Interfaces by Default - Comment out any occurrences of net.ipv4.conf.default.accept_source_route from /etc/sysctl.conf] ***
skipping: [localhost] => (item=/etc/sysctl.conf) 
skipping: [localhost]

TASK [/stigforge/roles/rhel8_cis : Disable Kernel Parameter for Accepting Source-Routed Packets on IPv4 Interfaces by Default - Ensure sysctl net.ipv4.conf.default.accept_source_route is set] ***
skipping: [localhost]

TASK [/stigforge/roles/rhel8_cis : Disable Kernel Parameter for IPv4 Forwarding By Default - Set fact for sysctl paths] ***
skipping: [localhost]

TASK [/stigforge/roles/rhel8_cis : Disable Kernel Parameter for IPv4 Forwarding By Default - Find all files that contain net.ipv4.conf.default.forwarding] ***
skipping: [localhost]

TASK [/stigforge/roles/rhel8_cis : Disable Kernel Parameter for IPv4 Forwarding By Default - Find all files that set net.ipv4.conf.default.forwarding to correct value] ***
skipping: [localhost]

TASK [/stigforge/roles/rhel8_cis : Disable Kernel Parameter for IPv4 Forwarding By Default - Comment out any occurrences of net.ipv4.conf.default.forwarding from config files] ***
skipping: [localhost]

TASK [/stigforge/roles/rhel8_cis : Disable Kernel Parameter for IPv4 Forwarding By Default - Comment out any occurrences of net.ipv4.conf.default.forwarding from /etc/sysctl.conf] ***
skipping: [localhost] => (item=/etc/sysctl.conf) 
skipping: [localhost]

TASK [/stigforge/roles/rhel8_cis : Disable Kernel Parameter for IPv4 Forwarding By Default - Ensure sysctl net.ipv4.conf.default.forwarding is set] ***
skipping: [localhost]

TASK [/stigforge/roles/rhel8_cis : Enable Kernel Parameter to Log Martian Packets on all IPv4 Interfaces by Default - Set fact for sysctl paths] ***
skipping: [localhost]

TASK [/stigforge/roles/rhel8_cis : Enable Kernel Parameter to Log Martian Packets on all IPv4 Interfaces by Default - Find all files that contain net.ipv4.conf.default.log_martians] ***
skipping: [localhost]

TASK [/stigforge/roles/rhel8_cis : Enable Kernel Parameter to Log Martian Packets on all IPv4 Interfaces by Default - Find all files that set net.ipv4.conf.default.log_martians to correct value] ***
skipping: [localhost]

TASK [/stigforge/roles/rhel8_cis : Enable Kernel Parameter to Log Martian Packets on all IPv4 Interfaces by Default - Comment out any occurrences of net.ipv4.conf.default.log_martians from config files] ***
skipping: [localhost]

TASK [/stigforge/roles/rhel8_cis : Enable Kernel Parameter to Log Martian Packets on all IPv4 Interfaces by Default - Comment out any occurrences of net.ipv4.conf.default.log_martians from /etc/sysctl.conf] ***
skipping: [localhost] => (item=/etc/sysctl.conf) 
skipping: [localhost]

TASK [/stigforge/roles/rhel8_cis : Enable Kernel Parameter to Log Martian Packets on all IPv4 Interfaces by Default - Ensure sysctl net.ipv4.conf.default.log_martians is set] ***
skipping: [localhost]

TASK [/stigforge/roles/rhel8_cis : Enable Kernel Parameter to Use Reverse Path Filtering on all IPv4 Interfaces by Default - Set fact for sysctl paths] ***
skipping: [localhost]

TASK [/stigforge/roles/rhel8_cis : Enable Kernel Parameter to Use Reverse Path Filtering on all IPv4 Interfaces by Default - Find all files that contain net.ipv4.conf.default.rp_filter] ***
skipping: [localhost]

TASK [/stigforge/roles/rhel8_cis : Enable Kernel Parameter to Use Reverse Path Filtering on all IPv4 Interfaces by Default - Find all files that set net.ipv4.conf.default.rp_filter to correct value] ***
skipping: [localhost]

TASK [/stigforge/roles/rhel8_cis : Enable Kernel Parameter to Use Reverse Path Filtering on all IPv4 Interfaces by Default - Comment out any occurrences of net.ipv4.conf.default.rp_filter from config files] ***
skipping: [localhost]

TASK [/stigforge/roles/rhel8_cis : Enable Kernel Parameter to Use Reverse Path Filtering on all IPv4 Interfaces by Default - Comment out any occurrences of net.ipv4.conf.default.rp_filter from /etc/sysctl.conf] ***
skipping: [localhost] => (item=/etc/sysctl.conf) 
skipping: [localhost]

TASK [/stigforge/roles/rhel8_cis : Enable Kernel Parameter to Use Reverse Path Filtering on all IPv4 Interfaces by Default - Ensure sysctl net.ipv4.conf.default.rp_filter is set] ***
skipping: [localhost]

TASK [/stigforge/roles/rhel8_cis : Configure Kernel Parameter for Accepting Secure Redirects By Default - Set fact for sysctl paths] ***
skipping: [localhost]

TASK [/stigforge/roles/rhel8_cis : Configure Kernel Parameter for Accepting Secure Redirects By Default - Find all files that contain net.ipv4.conf.default.secure_redirects] ***
skipping: [localhost]

TASK [/stigforge/roles/rhel8_cis : Configure Kernel Parameter for Accepting Secure Redirects By Default - Find all files that set net.ipv4.conf.default.secure_redirects to correct value] ***
skipping: [localhost]

TASK [/stigforge/roles/rhel8_cis : Configure Kernel Parameter for Accepting Secure Redirects By Default - Comment out any occurrences of net.ipv4.conf.default.secure_redirects from config files] ***
skipping: [localhost]

TASK [/stigforge/roles/rhel8_cis : Configure Kernel Parameter for Accepting Secure Redirects By Default - Comment out any occurrences of net.ipv4.conf.default.secure_redirects from /etc/sysctl.conf] ***
skipping: [localhost] => (item=/etc/sysctl.conf) 
skipping: [localhost]

TASK [/stigforge/roles/rhel8_cis : Configure Kernel Parameter for Accepting Secure Redirects By Default - Ensure sysctl net.ipv4.conf.default.secure_redirects is set] ***
skipping: [localhost]

TASK [/stigforge/roles/rhel8_cis : Enable Kernel Parameter to Ignore ICMP Broadcast Echo Requests on IPv4 Interfaces - Set fact for sysctl paths] ***
skipping: [localhost]

TASK [/stigforge/roles/rhel8_cis : Enable Kernel Parameter to Ignore ICMP Broadcast Echo Requests on IPv4 Interfaces - Find all files that contain net.ipv4.icmp_echo_ignore_broadcasts] ***
skipping: [localhost]

TASK [/stigforge/roles/rhel8_cis : Enable Kernel Parameter to Ignore ICMP Broadcast Echo Requests on IPv4 Interfaces - Find all files that set net.ipv4.icmp_echo_ignore_broadcasts to correct value] ***
skipping: [localhost]

TASK [/stigforge/roles/rhel8_cis : Enable Kernel Parameter to Ignore ICMP Broadcast Echo Requests on IPv4 Interfaces - Comment out any occurrences of net.ipv4.icmp_echo_ignore_broadcasts from config files] ***
skipping: [localhost]

TASK [/stigforge/roles/rhel8_cis : Enable Kernel Parameter to Ignore ICMP Broadcast Echo Requests on IPv4 Interfaces - Comment out any occurrences of net.ipv4.icmp_echo_ignore_broadcasts from /etc/sysctl.conf] ***
skipping: [localhost] => (item=/etc/sysctl.conf) 
skipping: [localhost]

TASK [/stigforge/roles/rhel8_cis : Enable Kernel Parameter to Ignore ICMP Broadcast Echo Requests on IPv4 Interfaces - Ensure sysctl net.ipv4.icmp_echo_ignore_broadcasts is set] ***
skipping: [localhost]

TASK [/stigforge/roles/rhel8_cis : Enable Kernel Parameter to Ignore Bogus ICMP Error Responses on IPv4 Interfaces - Set fact for sysctl paths] ***
skipping: [localhost]

TASK [/stigforge/roles/rhel8_cis : Enable Kernel Parameter to Ignore Bogus ICMP Error Responses on IPv4 Interfaces - Find all files that contain net.ipv4.icmp_ignore_bogus_error_responses] ***
skipping: [localhost]

TASK [/stigforge/roles/rhel8_cis : Enable Kernel Parameter to Ignore Bogus ICMP Error Responses on IPv4 Interfaces - Find all files that set net.ipv4.icmp_ignore_bogus_error_responses to correct value] ***
skipping: [localhost]

TASK [/stigforge/roles/rhel8_cis : Enable Kernel Parameter to Ignore Bogus ICMP Error Responses on IPv4 Interfaces - Comment out any occurrences of net.ipv4.icmp_ignore_bogus_error_responses from config files] ***
skipping: [localhost]

TASK [/stigforge/roles/rhel8_cis : Enable Kernel Parameter to Ignore Bogus ICMP Error Responses on IPv4 Interfaces - Comment out any occurrences of net.ipv4.icmp_ignore_bogus_error_responses from /etc/sysctl.conf] ***
skipping: [localhost] => (item=/etc/sysctl.conf) 
skipping: [localhost]

TASK [/stigforge/roles/rhel8_cis : Enable Kernel Parameter to Ignore Bogus ICMP Error Responses on IPv4 Interfaces - Ensure sysctl net.ipv4.icmp_ignore_bogus_error_responses is set] ***
skipping: [localhost]

TASK [/stigforge/roles/rhel8_cis : Enable Kernel Parameter to Use TCP Syncookies on Network Interfaces - Set fact for sysctl paths] ***
skipping: [localhost]

TASK [/stigforge/roles/rhel8_cis : Enable Kernel Parameter to Use TCP Syncookies on Network Interfaces - Find all files that contain net.ipv4.tcp_syncookies] ***
skipping: [localhost]

TASK [/stigforge/roles/rhel8_cis : Enable Kernel Parameter to Use TCP Syncookies on Network Interfaces - Find all files that set net.ipv4.tcp_syncookies to correct value] ***
skipping: [localhost]

TASK [/stigforge/roles/rhel8_cis : Enable Kernel Parameter to Use TCP Syncookies on Network Interfaces - Comment out any occurrences of net.ipv4.tcp_syncookies from config files] ***
skipping: [localhost]

TASK [/stigforge/roles/rhel8_cis : Enable Kernel Parameter to Use TCP Syncookies on Network Interfaces - Comment out any occurrences of net.ipv4.tcp_syncookies from /etc/sysctl.conf] ***
skipping: [localhost] => (item=/etc/sysctl.conf) 
skipping: [localhost]

TASK [/stigforge/roles/rhel8_cis : Enable Kernel Parameter to Use TCP Syncookies on Network Interfaces - Ensure sysctl net.ipv4.tcp_syncookies is set] ***
skipping: [localhost]

TASK [/stigforge/roles/rhel8_cis : Disable Kernel Parameter for Sending ICMP Redirects on all IPv4 Interfaces - Set fact for sysctl paths] ***
skipping: [localhost]

TASK [/stigforge/roles/rhel8_cis : Disable Kernel Parameter for Sending ICMP Redirects on all IPv4 Interfaces - Find all files that contain net.ipv4.conf.all.send_redirects] ***
skipping: [localhost]

TASK [/stigforge/roles/rhel8_cis : Disable Kernel Parameter for Sending ICMP Redirects on all IPv4 Interfaces - Find all files that set net.ipv4.conf.all.send_redirects to correct value] ***
skipping: [localhost]

TASK [/stigforge/roles/rhel8_cis : Disable Kernel Parameter for Sending ICMP Redirects on all IPv4 Interfaces - Comment out any occurrences of net.ipv4.conf.all.send_redirects from config files] ***
skipping: [localhost]

TASK [/stigforge/roles/rhel8_cis : Disable Kernel Parameter for Sending ICMP Redirects on all IPv4 Interfaces - Comment out any occurrences of net.ipv4.conf.all.send_redirects from /etc/sysctl.conf] ***
skipping: [localhost] => (item=/etc/sysctl.conf) 
skipping: [localhost]

TASK [/stigforge/roles/rhel8_cis : Disable Kernel Parameter for Sending ICMP Redirects on all IPv4 Interfaces - Ensure sysctl net.ipv4.conf.all.send_redirects is set to 0] ***
skipping: [localhost]

TASK [/stigforge/roles/rhel8_cis : Disable Kernel Parameter for Sending ICMP Redirects on all IPv4 Interfaces by Default - Set fact for sysctl paths] ***
skipping: [localhost]

TASK [/stigforge/roles/rhel8_cis : Disable Kernel Parameter for Sending ICMP Redirects on all IPv4 Interfaces by Default - Find all files that contain net.ipv4.conf.default.send_redirects] ***
skipping: [localhost]

TASK [/stigforge/roles/rhel8_cis : Disable Kernel Parameter for Sending ICMP Redirects on all IPv4 Interfaces by Default - Find all files that set net.ipv4.conf.default.send_redirects to correct value] ***
skipping: [localhost]

TASK [/stigforge/roles/rhel8_cis : Disable Kernel Parameter for Sending ICMP Redirects on all IPv4 Interfaces by Default - Comment out any occurrences of net.ipv4.conf.default.send_redirects from config files] ***
skipping: [localhost]

TASK [/stigforge/roles/rhel8_cis : Disable Kernel Parameter for Sending ICMP Redirects on all IPv4 Interfaces by Default - Comment out any occurrences of net.ipv4.conf.default.send_redirects from /etc/sysctl.conf] ***
skipping: [localhost] => (item=/etc/sysctl.conf) 
skipping: [localhost]

TASK [/stigforge/roles/rhel8_cis : Disable Kernel Parameter for Sending ICMP Redirects on all IPv4 Interfaces by Default - Ensure sysctl net.ipv4.conf.default.send_redirects is set to 0] ***
skipping: [localhost]

TASK [/stigforge/roles/rhel8_cis : Disable Kernel Parameter for IP Forwarding on IPv4 Interfaces - Set fact for sysctl paths] ***
skipping: [localhost]

TASK [/stigforge/roles/rhel8_cis : Disable Kernel Parameter for IP Forwarding on IPv4 Interfaces - Find all files that contain net.ipv4.ip_forward] ***
skipping: [localhost]

TASK [/stigforge/roles/rhel8_cis : Disable Kernel Parameter for IP Forwarding on IPv4 Interfaces - Find all files that set net.ipv4.ip_forward to correct value] ***
skipping: [localhost]

TASK [/stigforge/roles/rhel8_cis : Disable Kernel Parameter for IP Forwarding on IPv4 Interfaces - Comment out any occurrences of net.ipv4.ip_forward from config files] ***
skipping: [localhost]

TASK [/stigforge/roles/rhel8_cis : Disable Kernel Parameter for IP Forwarding on IPv4 Interfaces - Comment out any occurrences of net.ipv4.ip_forward from /etc/sysctl.conf] ***
skipping: [localhost] => (item=/etc/sysctl.conf) 
skipping: [localhost]

TASK [/stigforge/roles/rhel8_cis : Disable Kernel Parameter for IP Forwarding on IPv4 Interfaces - Ensure sysctl net.ipv4.ip_forward is set to 0] ***
skipping: [localhost]

TASK [/stigforge/roles/rhel8_cis : Ensure kernel module 'atm' is disabled] *****
skipping: [localhost]

TASK [/stigforge/roles/rhel8_cis : Ensure kernel module 'atm' is blacklisted] ***
skipping: [localhost]

TASK [/stigforge/roles/rhel8_cis : Ensure kernel module 'can' is disabled] *****
skipping: [localhost]

TASK [/stigforge/roles/rhel8_cis : Ensure kernel module 'can' is blacklisted] ***
skipping: [localhost]

TASK [/stigforge/roles/rhel8_cis : Ensure kernel module 'dccp' is disabled] ****
skipping: [localhost]

TASK [/stigforge/roles/rhel8_cis : Ensure kernel module 'dccp' is blacklisted] ***
skipping: [localhost]

TASK [/stigforge/roles/rhel8_cis : Ensure kernel module 'firewire-core' is disabled] ***
skipping: [localhost]

TASK [/stigforge/roles/rhel8_cis : Ensure kernel module 'firewire-core' is blacklisted] ***
skipping: [localhost]

TASK [/stigforge/roles/rhel8_cis : Ensure kernel module 'rds' is disabled] *****
skipping: [localhost]

TASK [/stigforge/roles/rhel8_cis : Ensure kernel module 'rds' is blacklisted] ***
skipping: [localhost]

TASK [/stigforge/roles/rhel8_cis : Ensure kernel module 'sctp' is disabled] ****
skipping: [localhost]

TASK [/stigforge/roles/rhel8_cis : Ensure kernel module 'sctp' is blacklisted] ***
skipping: [localhost]

TASK [/stigforge/roles/rhel8_cis : Ensure kernel module 'tipc' is disabled] ****
skipping: [localhost]

TASK [/stigforge/roles/rhel8_cis : Ensure kernel module 'tipc' is blacklisted] ***
skipping: [localhost]

TASK [/stigforge/roles/rhel8_cis : Verify that All World-Writable Directories Have Sticky Bits Set - Define Excluded (Non-Local) File Systems and Paths] ***
ok: [localhost]

TASK [/stigforge/roles/rhel8_cis : Verify that All World-Writable Directories Have Sticky Bits Set - Find Relevant Root Directories Ignoring Pre-Defined Excluded Paths] ***
ok: [localhost]

TASK [/stigforge/roles/rhel8_cis : Verify that All World-Writable Directories Have Sticky Bits Set - Include Relevant Root Directories in a List of Paths to be Searched] ***
ok: [localhost] => (item={'path': '/opt', 'mode': '0755', 'isdir': True, 'ischr': False, 'isblk': False, 'isreg': False, 'isfifo': False, 'islnk': False, 'issock': False, 'uid': 0, 'gid': 0, 'size': 4096, 'inode': 7095394, 'dev': 93, 'nlink': 2, 'atime': 1784107718.1690307, 'mtime': 1633913311.0, 'ctime': 1784107718.1600306, 'gr_name': 'root', 'pw_name': 'root', 'wusr': True, 'rusr': True, 'xusr': True, 'wgrp': False, 'rgrp': True, 'xgrp': True, 'woth': False, 'roth': True, 'xoth': True, 'isuid': False, 'isgid': False})
ok: [localhost] => (item={'path': '/lost+found', 'mode': '0700', 'isdir': True, 'ischr': False, 'isblk': False, 'isreg': False, 'isfifo': False, 'islnk': False, 'issock': False, 'uid': 0, 'gid': 0, 'size': 4096, 'inode': 7095391, 'dev': 93, 'nlink': 2, 'atime': 1784107718.1690307, 'mtime': 1700409026.0, 'ctime': 1784107718.1600306, 'gr_name': 'root', 'pw_name': 'root', 'wusr': True, 'rusr': True, 'xusr': True, 'wgrp': False, 'rgrp': False, 'xgrp': False, 'woth': False, 'roth': False, 'xoth': False, 'isuid': False, 'isgid': False})
ok: [localhost] => (item={'path': '/usr', 'mode': '0755', 'isdir': True, 'ischr': False, 'isblk': False, 'isreg': False, 'isfifo': False, 'islnk': False, 'issock': False, 'uid': 0, 'gid': 0, 'size': 4096, 'inode': 20993811, 'dev': 93, 'nlink': 1, 'atime': 1789218375.0096567, 'mtime': 1700409036.0, 'ctime': 1789218374.9743726, 'gr_name': 'root', 'pw_name': 'root', 'wusr': True, 'rusr': True, 'xusr': True, 'wgrp': False, 'rgrp': True, 'xgrp': True, 'woth': False, 'roth': True, 'xoth': True, 'isuid': False, 'isgid': False})
ok: [localhost] => (item={'path': '/tmp', 'mode': '1777', 'isdir': True, 'ischr': False, 'isblk': False, 'isreg': False, 'isfifo': False, 'islnk': False, 'issock': False, 'uid': 0, 'gid': 0, 'size': 4096, 'inode': 7095428, 'dev': 93, 'nlink': 1, 'atime': 1789220519.8456986, 'mtime': 1789220519.8450918, 'ctime': 1789220519.8450918, 'gr_name': 'root', 'pw_name': 'root', 'wusr': True, 'rusr': True, 'xusr': True, 'wgrp': True, 'rgrp': True, 'xgrp': True, 'woth': True, 'roth': True, 'xoth': True, 'isuid': False, 'isgid': False})
ok: [localhost] => (item={'path': '/root', 'mode': '0550', 'isdir': True, 'ischr': False, 'isblk': False, 'isreg': False, 'isfifo': False, 'islnk': False, 'issock': False, 'uid': 0, 'gid': 0, 'size': 4096, 'inode': 7095396, 'dev': 93, 'nlink': 1, 'atime': 1784107718.1690307, 'mtime': 1789220483.631187, 'ctime': 1789220483.631187, 'gr_name': 'root', 'pw_name': 'root', 'wusr': False, 'rusr': True, 'xusr': True, 'wgrp': False, 'rgrp': True, 'xgrp': True, 'woth': False, 'roth': False, 'xoth': False, 'isuid': False, 'isgid': False})
ok: [localhost] => (item={'path': '/home', 'mode': '0755', 'isdir': True, 'ischr': False, 'isblk': False, 'isreg': False, 'isfifo': False, 'islnk': False, 'issock': False, 'uid': 0, 'gid': 0, 'size': 4096, 'inode': 7095388, 'dev': 93, 'nlink': 2, 'atime': 1784107718.1690307, 'mtime': 1633913311.0, 'ctime': 1784107718.1600306, 'gr_name': 'root', 'pw_name': 'root', 'wusr': True, 'rusr': True, 'xusr': True, 'wgrp': False, 'rgrp': True, 'xgrp': True, 'woth': False, 'roth': True, 'xoth': True, 'isuid': False, 'isgid': False})
ok: [localhost] => (item={'path': '/mnt', 'mode': '0755', 'isdir': True, 'ischr': False, 'isblk': False, 'isreg': False, 'isfifo': False, 'islnk': False, 'issock': False, 'uid': 0, 'gid': 0, 'size': 4096, 'inode': 7095393, 'dev': 93, 'nlink': 2, 'atime': 1784107718.1690307, 'mtime': 1633913311.0, 'ctime': 1784107718.1600306, 'gr_name': 'root', 'pw_name': 'root', 'wusr': True, 'rusr': True, 'xusr': True, 'wgrp': False, 'rgrp': True, 'xgrp': True, 'woth': False, 'roth': True, 'xoth': True, 'isuid': False, 'isgid': False})
ok: [localhost] => (item={'path': '/var', 'mode': '0755', 'isdir': True, 'ischr': False, 'isblk': False, 'isreg': False, 'isfifo': False, 'islnk': False, 'issock': False, 'uid': 0, 'gid': 0, 'size': 4096, 'inode': 20999302, 'dev': 93, 'nlink': 1, 'atime': 1789218375.0636575, 'mtime': 1700409040.0, 'ctime': 1789220432.5981636, 'gr_name': 'root', 'pw_name': 'root', 'wusr': True, 'rusr': True, 'xusr': True, 'wgrp': False, 'rgrp': True, 'xgrp': True, 'woth': False, 'roth': True, 'xoth': True, 'isuid': False, 'isgid': False})
ok: [localhost] => (item={'path': '/srv', 'mode': '0755', 'isdir': True, 'ischr': False, 'isblk': False, 'isreg': False, 'isfifo': False, 'islnk': False, 'issock': False, 'uid': 0, 'gid': 0, 'size': 4096, 'inode': 7095426, 'dev': 93, 'nlink': 2, 'atime': 1784107718.1690307, 'mtime': 1633913311.0, 'ctime': 1784107718.1600306, 'gr_name': 'root', 'pw_name': 'root', 'wusr': True, 'rusr': True, 'xusr': True, 'wgrp': False, 'rgrp': True, 'xgrp': True, 'woth': False, 'roth': True, 'xoth': True, 'isuid': False, 'isgid': False})
ok: [localhost] => (item={'path': '/etc', 'mode': '0755', 'isdir': True, 'ischr': False, 'isblk': False, 'isreg': False, 'isfifo': False, 'islnk': False, 'issock': False, 'uid': 0, 'gid': 0, 'size': 4096, 'inode': 21127874, 'dev': 93, 'nlink': 1, 'atime': 1789220426.2273803, 'mtime': 1789220512.4365728, 'ctime': 1789220512.4365728, 'gr_name': 'root', 'pw_name': 'root', 'wusr': True, 'rusr': True, 'xusr': True, 'wgrp': False, 'rgrp': True, 'xgrp': True, 'woth': False, 'roth': True, 'xoth': True, 'isuid': False, 'isgid': False})
ok: [localhost] => (item={'path': '/media', 'mode': '0755', 'isdir': True, 'ischr': False, 'isblk': False, 'isreg': False, 'isfifo': False, 'islnk': False, 'issock': False, 'uid': 0, 'gid': 0, 'size': 4096, 'inode': 7095392, 'dev': 93, 'nlink': 2, 'atime': 1784107718.1690307, 'mtime': 1633913311.0, 'ctime': 1784107718.1600306, 'gr_name': 'root', 'pw_name': 'root', 'wusr': True, 'rusr': True, 'xusr': True, 'wgrp': False, 'rgrp': True, 'xgrp': True, 'woth': False, 'roth': True, 'xoth': True, 'isuid': False, 'isgid': False})
ok: [localhost] => (item={'path': '/stigforge', 'mode': '0755', 'isdir': True, 'ischr': False, 'isblk': False, 'isreg': False, 'isfifo': False, 'islnk': False, 'issock': False, 'uid': 0, 'gid': 0, 'size': 4096, 'inode': 20999295, 'dev': 93, 'nlink': 1, 'atime': 1789220426.3863826, 'mtime': 1789220426.3163965, 'ctime': 1789220426.3163965, 'gr_name': 'root', 'pw_name': 'root', 'wusr': True, 'rusr': True, 'xusr': True, 'wgrp': False, 'rgrp': True, 'xgrp': True, 'woth': False, 'roth': True, 'xoth': True, 'isuid': False, 'isgid': False})

TASK [/stigforge/roles/rhel8_cis : Verify that All World-Writable Directories Have Sticky Bits Set - Increment Search Paths List with Local Partitions Mount Points] ***
ok: [localhost] => (item={'mount': '/stigforge/artifacts', 'device': '/dev/nvme0n1p2', 'fstype': 'ext4', 'options': 'rw,relatime,bind', 'size_total': 1005867986944, 'size_available': 483851608064, 'block_size': 4096, 'block_total': 245573239, 'block_available': 118127834, 'block_used': 127445405, 'inode_total': 62447616, 'inode_available': 59658239, 'inode_used': 2789377, 'uuid': 'N/A'})
ok: [localhost] => (item={'mount': '/stigforge/roles', 'device': '/dev/nvme0n1p2', 'fstype': 'ext4', 'options': 'ro,relatime,bind', 'size_total': 1005867986944, 'size_available': 483851608064, 'block_size': 4096, 'block_total': 245573239, 'block_available': 118127834, 'block_used': 127445405, 'inode_total': 62447616, 'inode_available': 59658239, 'inode_used': 2789377, 'uuid': 'N/A'})
ok: [localhost] => (item={'mount': '/stigforge/policy', 'device': '/dev/nvme0n1p2', 'fstype': 'ext4', 'options': 'ro,relatime,bind', 'size_total': 1005867986944, 'size_available': 483851608064, 'block_size': 4096, 'block_total': 245573239, 'block_available': 118127834, 'block_used': 127445405, 'inode_total': 62447616, 'inode_available': 59658239, 'inode_used': 2789377, 'uuid': 'N/A'})
ok: [localhost] => (item={'mount': '/stigforge/generator', 'device': '/dev/nvme0n1p2', 'fstype': 'ext4', 'options': 'ro,relatime,bind', 'size_total': 1005867986944, 'size_available': 483851608064, 'block_size': 4096, 'block_total': 245573239, 'block_available': 118127834, 'block_used': 127445405, 'inode_total': 62447616, 'inode_available': 59658239, 'inode_used': 2789377, 'uuid': 'N/A'})
ok: [localhost] => (item={'mount': '/stigforge/pyproject.toml', 'device': '/dev/nvme0n1p2', 'fstype': 'ext4', 'options': 'ro,relatime,bind', 'size_total': 1005867986944, 'size_available': 483851608064, 'block_size': 4096, 'block_total': 245573239, 'block_available': 118127834, 'block_used': 127445405, 'inode_total': 62447616, 'inode_available': 59658239, 'inode_used': 2789377, 'uuid': 'N/A'})
ok: [localhost] => (item={'mount': '/etc/resolv.conf', 'device': '/dev/nvme0n1p2', 'fstype': 'ext4', 'options': 'rw,relatime,bind', 'size_total': 1005867986944, 'size_available': 483851608064, 'block_size': 4096, 'block_total': 245573239, 'block_available': 118127834, 'block_used': 127445405, 'inode_total': 62447616, 'inode_available': 59658239, 'inode_used': 2789377, 'uuid': 'N/A'})
ok: [localhost] => (item={'mount': '/etc/hostname', 'device': '/dev/nvme0n1p2', 'fstype': 'ext4', 'options': 'rw,relatime,bind', 'size_total': 1005867986944, 'size_available': 483851608064, 'block_size': 4096, 'block_total': 245573239, 'block_available': 118127834, 'block_used': 127445405, 'inode_total': 62447616, 'inode_available': 59658239, 'inode_used': 2789377, 'uuid': 'N/A'})
ok: [localhost] => (item={'mount': '/etc/hosts', 'device': '/dev/nvme0n1p2', 'fstype': 'ext4', 'options': 'rw,relatime,bind', 'size_total': 1005867986944, 'size_available': 483851608064, 'block_size': 4096, 'block_total': 245573239, 'block_available': 118127834, 'block_used': 127445405, 'inode_total': 62447616, 'inode_available': 59658239, 'inode_used': 2789377, 'uuid': 'N/A'})

TASK [/stigforge/roles/rhel8_cis : Verify that All World-Writable Directories Have Sticky Bits Set - Increment Search Paths List with Local NFS File System Targets] ***
skipping: [localhost] => (item={'mount': '/stigforge/artifacts', 'device': '/dev/nvme0n1p2', 'fstype': 'ext4', 'options': 'rw,relatime,bind', 'size_total': 1005867986944, 'size_available': 483851608064, 'block_size': 4096, 'block_total': 245573239, 'block_available': 118127834, 'block_used': 127445405, 'inode_total': 62447616, 'inode_available': 59658239, 'inode_used': 2789377, 'uuid': 'N/A'}) 
skipping: [localhost] => (item={'mount': '/stigforge/roles', 'device': '/dev/nvme0n1p2', 'fstype': 'ext4', 'options': 'ro,relatime,bind', 'size_total': 1005867986944, 'size_available': 483851608064, 'block_size': 4096, 'block_total': 245573239, 'block_available': 118127834, 'block_used': 127445405, 'inode_total': 62447616, 'inode_available': 59658239, 'inode_used': 2789377, 'uuid': 'N/A'}) 
skipping: [localhost] => (item={'mount': '/stigforge/policy', 'device': '/dev/nvme0n1p2', 'fstype': 'ext4', 'options': 'ro,relatime,bind', 'size_total': 1005867986944, 'size_available': 483851608064, 'block_size': 4096, 'block_total': 245573239, 'block_available': 118127834, 'block_used': 127445405, 'inode_total': 62447616, 'inode_available': 59658239, 'inode_used': 2789377, 'uuid': 'N/A'}) 
skipping: [localhost] => (item={'mount': '/stigforge/generator', 'device': '/dev/nvme0n1p2', 'fstype': 'ext4', 'options': 'ro,relatime,bind', 'size_total': 1005867986944, 'size_available': 483851608064, 'block_size': 4096, 'block_total': 245573239, 'block_available': 118127834, 'block_used': 127445405, 'inode_total': 62447616, 'inode_available': 59658239, 'inode_used': 2789377, 'uuid': 'N/A'}) 
skipping: [localhost] => (item={'mount': '/stigforge/pyproject.toml', 'device': '/dev/nvme0n1p2', 'fstype': 'ext4', 'options': 'ro,relatime,bind', 'size_total': 1005867986944, 'size_available': 483851608064, 'block_size': 4096, 'block_total': 245573239, 'block_available': 118127834, 'block_used': 127445405, 'inode_total': 62447616, 'inode_available': 59658239, 'inode_used': 2789377, 'uuid': 'N/A'}) 
skipping: [localhost] => (item={'mount': '/etc/resolv.conf', 'device': '/dev/nvme0n1p2', 'fstype': 'ext4', 'options': 'rw,relatime,bind', 'size_total': 1005867986944, 'size_available': 483851608064, 'block_size': 4096, 'block_total': 245573239, 'block_available': 118127834, 'block_used': 127445405, 'inode_total': 62447616, 'inode_available': 59658239, 'inode_used': 2789377, 'uuid': 'N/A'}) 
skipping: [localhost] => (item={'mount': '/etc/hostname', 'device': '/dev/nvme0n1p2', 'fstype': 'ext4', 'options': 'rw,relatime,bind', 'size_total': 1005867986944, 'size_available': 483851608064, 'block_size': 4096, 'block_total': 245573239, 'block_available': 118127834, 'block_used': 127445405, 'inode_total': 62447616, 'inode_available': 59658239, 'inode_used': 2789377, 'uuid': 'N/A'}) 
skipping: [localhost] => (item={'mount': '/etc/hosts', 'device': '/dev/nvme0n1p2', 'fstype': 'ext4', 'options': 'rw,relatime,bind', 'size_total': 1005867986944, 'size_available': 483851608064, 'block_size': 4096, 'block_total': 245573239, 'block_available': 118127834, 'block_used': 127445405, 'inode_total': 62447616, 'inode_available': 59658239, 'inode_used': 2789377, 'uuid': 'N/A'}) 
skipping: [localhost]

TASK [/stigforge/roles/rhel8_cis : Verify that All World-Writable Directories Have Sticky Bits Set - Define Rule Specific Facts] ***
ok: [localhost]

TASK [/stigforge/roles/rhel8_cis : Verify that All World-Writable Directories Have Sticky Bits Set - Find All Uncompliant Directories in Local File Systems] ***
ok: [localhost] => (item=/opt)
ok: [localhost] => (item=/lost+found)
ok: [localhost] => (item=/usr)
ok: [localhost] => (item=/tmp)
ok: [localhost] => (item=/root)
ok: [localhost] => (item=/home)
ok: [localhost] => (item=/mnt)
ok: [localhost] => (item=/var)
ok: [localhost] => (item=/srv)
ok: [localhost] => (item=/etc)
ok: [localhost] => (item=/media)
ok: [localhost] => (item=/stigforge)
ok: [localhost] => (item=/stigforge/artifacts)
ok: [localhost] => (item=/stigforge/roles)
ok: [localhost] => (item=/stigforge/policy)
ok: [localhost] => (item=/stigforge/generator)
ok: [localhost] => (item=/stigforge/pyproject.toml)
ok: [localhost] => (item=/etc/resolv.conf)
ok: [localhost] => (item=/etc/hostname)
ok: [localhost] => (item=/etc/hosts)

TASK [/stigforge/roles/rhel8_cis : Verify that All World-Writable Directories Have Sticky Bits Set - Create List of World Writable Directories Without Sticky Bit] ***
ok: [localhost] => (item={'changed': False, 'stdout': '', 'stderr': '', 'rc': 0, 'cmd': ['find', '/opt', '-xdev', '-type', 'd', '(', '-perm', '-0002', '-a', '!', '-perm', '-1000', ')'], 'start': '2026-09-12 13:42:00.320811', 'end': '2026-09-12 13:42:00.323608', 'delta': '0:00:00.002797', 'msg': '', 'invocation': {'module_args': {'_raw_params': 'find /opt -xdev -type d ( -perm -0002 -a ! -perm -1000 )', '_uses_shell': False, 'stdin_add_newline': True, 'strip_empty_ends': True, 'argv': None, 'chdir': None, 'executable': None, 'creates': None, 'removes': None, 'stdin': None}}, 'stdout_lines': [], 'stderr_lines': [], 'failed': False, 'item': '/opt', 'ansible_loop_var': 'item'})
ok: [localhost] => (item={'changed': False, 'stdout': '', 'stderr': '', 'rc': 0, 'cmd': ['find', '/lost+found', '-xdev', '-type', 'd', '(', '-perm', '-0002', '-a', '!', '-perm', '-1000', ')'], 'start': '2026-09-12 13:42:00.462202', 'end': '2026-09-12 13:42:00.464667', 'delta': '0:00:00.002465', 'msg': '', 'invocation': {'module_args': {'_raw_params': 'find /lost+found -xdev -type d ( -perm -0002 -a ! -perm -1000 )', '_uses_shell': False, 'stdin_add_newline': True, 'strip_empty_ends': True, 'argv': None, 'chdir': None, 'executable': None, 'creates': None, 'removes': None, 'stdin': None}}, 'stdout_lines': [], 'stderr_lines': [], 'failed': False, 'item': '/lost+found', 'ansible_loop_var': 'item'})
ok: [localhost] => (item={'changed': False, 'stdout': '', 'stderr': '', 'rc': 0, 'cmd': ['find', '/usr', '-xdev', '-type', 'd', '(', '-perm', '-0002', '-a', '!', '-perm', '-1000', ')'], 'start': '2026-09-12 13:42:00.601534', 'end': '2026-09-12 13:42:00.628854', 'delta': '0:00:00.027320', 'msg': '', 'invocation': {'module_args': {'_raw_params': 'find /usr -xdev -type d ( -perm -0002 -a ! -perm -1000 )', '_uses_shell': False, 'stdin_add_newline': True, 'strip_empty_ends': True, 'argv': None, 'chdir': None, 'executable': None, 'creates': None, 'removes': None, 'stdin': None}}, 'stdout_lines': [], 'stderr_lines': [], 'failed': False, 'item': '/usr', 'ansible_loop_var': 'item'})
ok: [localhost] => (item={'changed': False, 'stdout': '', 'stderr': '', 'rc': 0, 'cmd': ['find', '/tmp', '-xdev', '-type', 'd', '(', '-perm', '-0002', '-a', '!', '-perm', '-1000', ')'], 'start': '2026-09-12 13:42:00.769128', 'end': '2026-09-12 13:42:00.772095', 'delta': '0:00:00.002967', 'msg': '', 'invocation': {'module_args': {'_raw_params': 'find /tmp -xdev -type d ( -perm -0002 -a ! -perm -1000 )', '_uses_shell': False, 'stdin_add_newline': True, 'strip_empty_ends': True, 'argv': None, 'chdir': None, 'executable': None, 'creates': None, 'removes': None, 'stdin': None}}, 'stdout_lines': [], 'stderr_lines': [], 'failed': False, 'item': '/tmp', 'ansible_loop_var': 'item'})
ok: [localhost] => (item={'changed': False, 'stdout': '', 'stderr': '', 'rc': 0, 'cmd': ['find', '/root', '-xdev', '-type', 'd', '(', '-perm', '-0002', '-a', '!', '-perm', '-1000', ')'], 'start': '2026-09-12 13:42:00.910309', 'end': '2026-09-12 13:42:00.913145', 'delta': '0:00:00.002836', 'msg': '', 'invocation': {'module_args': {'_raw_params': 'find /root -xdev -type d ( -perm -0002 -a ! -perm -1000 )', '_uses_shell': False, 'stdin_add_newline': True, 'strip_empty_ends': True, 'argv': None, 'chdir': None, 'executable': None, 'creates': None, 'removes': None, 'stdin': None}}, 'stdout_lines': [], 'stderr_lines': [], 'failed': False, 'item': '/root', 'ansible_loop_var': 'item'})
ok: [localhost] => (item={'changed': False, 'stdout': '', 'stderr': '', 'rc': 0, 'cmd': ['find', '/home', '-xdev', '-type', 'd', '(', '-perm', '-0002', '-a', '!', '-perm', '-1000', ')'], 'start': '2026-09-12 13:42:01.060868', 'end': '2026-09-12 13:42:01.063823', 'delta': '0:00:00.002955', 'msg': '', 'invocation': {'module_args': {'_raw_params': 'find /home -xdev -type d ( -perm -0002 -a ! -perm -1000 )', '_uses_shell': False, 'stdin_add_newline': True, 'strip_empty_ends': True, 'argv': None, 'chdir': None, 'executable': None, 'creates': None, 'removes': None, 'stdin': None}}, 'stdout_lines': [], 'stderr_lines': [], 'failed': False, 'item': '/home', 'ansible_loop_var': 'item'})
ok: [localhost] => (item={'changed': False, 'stdout': '', 'stderr': '', 'rc': 0, 'cmd': ['find', '/mnt', '-xdev', '-type', 'd', '(', '-perm', '-0002', '-a', '!', '-perm', '-1000', ')'], 'start': '2026-09-12 13:42:01.205984', 'end': '2026-09-12 13:42:01.208727', 'delta': '0:00:00.002743', 'msg': '', 'invocation': {'module_args': {'_raw_params': 'find /mnt -xdev -type d ( -perm -0002 -a ! -perm -1000 )', '_uses_shell': False, 'stdin_add_newline': True, 'strip_empty_ends': True, 'argv': None, 'chdir': None, 'executable': None, 'creates': None, 'removes': None, 'stdin': None}}, 'stdout_lines': [], 'stderr_lines': [], 'failed': False, 'item': '/mnt', 'ansible_loop_var': 'item'})
ok: [localhost] => (item={'changed': False, 'stdout': '', 'stderr': '', 'rc': 0, 'cmd': ['find', '/var', '-xdev', '-type', 'd', '(', '-perm', '-0002', '-a', '!', '-perm', '-1000', ')'], 'start': '2026-09-12 13:42:01.352578', 'end': '2026-09-12 13:42:01.355682', 'delta': '0:00:00.003104', 'msg': '', 'invocation': {'module_args': {'_raw_params': 'find /var -xdev -type d ( -perm -0002 -a ! -perm -1000 )', '_uses_shell': False, 'stdin_add_newline': True, 'strip_empty_ends': True, 'argv': None, 'chdir': None, 'executable': None, 'creates': None, 'removes': None, 'stdin': None}}, 'stdout_lines': [], 'stderr_lines': [], 'failed': False, 'item': '/var', 'ansible_loop_var': 'item'})
ok: [localhost] => (item={'changed': False, 'stdout': '', 'stderr': '', 'rc': 0, 'cmd': ['find', '/srv', '-xdev', '-type', 'd', '(', '-perm', '-0002', '-a', '!', '-perm', '-1000', ')'], 'start': '2026-09-12 13:42:01.501679', 'end': '2026-09-12 13:42:01.504554', 'delta': '0:00:00.002875', 'msg': '', 'invocation': {'module_args': {'_raw_params': 'find /srv -xdev -type d ( -perm -0002 -a ! -perm -1000 )', '_uses_shell': False, 'stdin_add_newline': True, 'strip_empty_ends': True, 'argv': None, 'chdir': None, 'executable': None, 'creates': None, 'removes': None, 'stdin': None}}, 'stdout_lines': [], 'stderr_lines': [], 'failed': False, 'item': '/srv', 'ansible_loop_var': 'item'})
ok: [localhost] => (item={'changed': False, 'stdout': '', 'stderr': '', 'rc': 0, 'cmd': ['find', '/etc', '-xdev', '-type', 'd', '(', '-perm', '-0002', '-a', '!', '-perm', '-1000', ')'], 'start': '2026-09-12 13:42:01.649065', 'end': '2026-09-12 13:42:01.654126', 'delta': '0:00:00.005061', 'msg': '', 'invocation': {'module_args': {'_raw_params': 'find /etc -xdev -type d ( -perm -0002 -a ! -perm -1000 )', '_uses_shell': False, 'stdin_add_newline': True, 'strip_empty_ends': True, 'argv': None, 'chdir': None, 'executable': None, 'creates': None, 'removes': None, 'stdin': None}}, 'stdout_lines': [], 'stderr_lines': [], 'failed': False, 'item': '/etc', 'ansible_loop_var': 'item'})
ok: [localhost] => (item={'changed': False, 'stdout': '', 'stderr': '', 'rc': 0, 'cmd': ['find', '/media', '-xdev', '-type', 'd', '(', '-perm', '-0002', '-a', '!', '-perm', '-1000', ')'], 'start': '2026-09-12 13:42:01.803034', 'end': '2026-09-12 13:42:01.806227', 'delta': '0:00:00.003193', 'msg': '', 'invocation': {'module_args': {'_raw_params': 'find /media -xdev -type d ( -perm -0002 -a ! -perm -1000 )', '_uses_shell': False, 'stdin_add_newline': True, 'strip_empty_ends': True, 'argv': None, 'chdir': None, 'executable': None, 'creates': None, 'removes': None, 'stdin': None}}, 'stdout_lines': [], 'stderr_lines': [], 'failed': False, 'item': '/media', 'ansible_loop_var': 'item'})
ok: [localhost] => (item={'changed': False, 'stdout': '', 'stderr': '', 'rc': 0, 'cmd': ['find', '/stigforge', '-xdev', '-type', 'd', '(', '-perm', '-0002', '-a', '!', '-perm', '-1000', ')'], 'start': '2026-09-12 13:42:01.950431', 'end': '2026-09-12 13:42:01.953050', 'delta': '0:00:00.002619', 'msg': '', 'invocation': {'module_args': {'_raw_params': 'find /stigforge -xdev -type d ( -perm -0002 -a ! -perm -1000 )', '_uses_shell': False, 'stdin_add_newline': True, 'strip_empty_ends': True, 'argv': None, 'chdir': None, 'executable': None, 'creates': None, 'removes': None, 'stdin': None}}, 'stdout_lines': [], 'stderr_lines': [], 'failed': False, 'item': '/stigforge', 'ansible_loop_var': 'item'})
ok: [localhost] => (item={'changed': False, 'stdout': '', 'stderr': '', 'rc': 0, 'cmd': ['find', '/stigforge/artifacts', '-xdev', '-type', 'd', '(', '-perm', '-0002', '-a', '!', '-perm', '-1000', ')'], 'start': '2026-09-12 13:42:02.093657', 'end': '2026-09-12 13:42:02.095880', 'delta': '0:00:00.002223', 'msg': '', 'invocation': {'module_args': {'_raw_params': 'find /stigforge/artifacts -xdev -type d ( -perm -0002 -a ! -perm -1000 )', '_uses_shell': False, 'stdin_add_newline': True, 'strip_empty_ends': True, 'argv': None, 'chdir': None, 'executable': None, 'creates': None, 'removes': None, 'stdin': None}}, 'stdout_lines': [], 'stderr_lines': [], 'failed': False, 'item': '/stigforge/artifacts', 'ansible_loop_var': 'item'})
ok: [localhost] => (item={'changed': False, 'stdout': '', 'stderr': '', 'rc': 0, 'cmd': ['find', '/stigforge/roles', '-xdev', '-type', 'd', '(', '-perm', '-0002', '-a', '!', '-perm', '-1000', ')'], 'start': '2026-09-12 13:42:02.242680', 'end': '2026-09-12 13:42:02.246831', 'delta': '0:00:00.004151', 'msg': '', 'invocation': {'module_args': {'_raw_params': 'find /stigforge/roles -xdev -type d ( -perm -0002 -a ! -perm -1000 )', '_uses_shell': False, 'stdin_add_newline': True, 'strip_empty_ends': True, 'argv': None, 'chdir': None, 'executable': None, 'creates': None, 'removes': None, 'stdin': None}}, 'stdout_lines': [], 'stderr_lines': [], 'failed': False, 'item': '/stigforge/roles', 'ansible_loop_var': 'item'})
ok: [localhost] => (item={'changed': False, 'stdout': '', 'stderr': '', 'rc': 0, 'cmd': ['find', '/stigforge/policy', '-xdev', '-type', 'd', '(', '-perm', '-0002', '-a', '!', '-perm', '-1000', ')'], 'start': '2026-09-12 13:42:02.387527', 'end': '2026-09-12 13:42:02.390782', 'delta': '0:00:00.003255', 'msg': '', 'invocation': {'module_args': {'_raw_params': 'find /stigforge/policy -xdev -type d ( -perm -0002 -a ! -perm -1000 )', '_uses_shell': False, 'stdin_add_newline': True, 'strip_empty_ends': True, 'argv': None, 'chdir': None, 'executable': None, 'creates': None, 'removes': None, 'stdin': None}}, 'stdout_lines': [], 'stderr_lines': [], 'failed': False, 'item': '/stigforge/policy', 'ansible_loop_var': 'item'})
ok: [localhost] => (item={'changed': False, 'stdout': '', 'stderr': '', 'rc': 0, 'cmd': ['find', '/stigforge/generator', '-xdev', '-type', 'd', '(', '-perm', '-0002', '-a', '!', '-perm', '-1000', ')'], 'start': '2026-09-12 13:42:02.528248', 'end': '2026-09-12 13:42:02.530789', 'delta': '0:00:00.002541', 'msg': '', 'invocation': {'module_args': {'_raw_params': 'find /stigforge/generator -xdev -type d ( -perm -0002 -a ! -perm -1000 )', '_uses_shell': False, 'stdin_add_newline': True, 'strip_empty_ends': True, 'argv': None, 'chdir': None, 'executable': None, 'creates': None, 'removes': None, 'stdin': None}}, 'stdout_lines': [], 'stderr_lines': [], 'failed': False, 'item': '/stigforge/generator', 'ansible_loop_var': 'item'})
ok: [localhost] => (item={'changed': False, 'stdout': '', 'stderr': '', 'rc': 0, 'cmd': ['find', '/stigforge/pyproject.toml', '-xdev', '-type', 'd', '(', '-perm', '-0002', '-a', '!', '-perm', '-1000', ')'], 'start': '2026-09-12 13:42:02.668370', 'end': '2026-09-12 13:42:02.670917', 'delta': '0:00:00.002547', 'msg': '', 'invocation': {'module_args': {'_raw_params': 'find /stigforge/pyproject.toml -xdev -type d ( -perm -0002 -a ! -perm -1000 )', '_uses_shell': False, 'stdin_add_newline': True, 'strip_empty_ends': True, 'argv': None, 'chdir': None, 'executable': None, 'creates': None, 'removes': None, 'stdin': None}}, 'stdout_lines': [], 'stderr_lines': [], 'failed': False, 'item': '/stigforge/pyproject.toml', 'ansible_loop_var': 'item'})
ok: [localhost] => (item={'changed': False, 'stdout': '', 'stderr': '', 'rc': 0, 'cmd': ['find', '/etc/resolv.conf', '-xdev', '-type', 'd', '(', '-perm', '-0002', '-a', '!', '-perm', '-1000', ')'], 'start': '2026-09-12 13:42:02.806700', 'end': '2026-09-12 13:42:02.809545', 'delta': '0:00:00.002845', 'msg': '', 'invocation': {'module_args': {'_raw_params': 'find /etc/resolv.conf -xdev -type d ( -perm -0002 -a ! -perm -1000 )', '_uses_shell': False, 'stdin_add_newline': True, 'strip_empty_ends': True, 'argv': None, 'chdir': None, 'executable': None, 'creates': None, 'removes': None, 'stdin': None}}, 'stdout_lines': [], 'stderr_lines': [], 'failed': False, 'item': '/etc/resolv.conf', 'ansible_loop_var': 'item'})
ok: [localhost] => (item={'changed': False, 'stdout': '', 'stderr': '', 'rc': 0, 'cmd': ['find', '/etc/hostname', '-xdev', '-type', 'd', '(', '-perm', '-0002', '-a', '!', '-perm', '-1000', ')'], 'start': '2026-09-12 13:42:02.950572', 'end': '2026-09-12 13:42:02.953470', 'delta': '0:00:00.002898', 'msg': '', 'invocation': {'module_args': {'_raw_params': 'find /etc/hostname -xdev -type d ( -perm -0002 -a ! -perm -1000 )', '_uses_shell': False, 'stdin_add_newline': True, 'strip_empty_ends': True, 'argv': None, 'chdir': None, 'executable': None, 'creates': None, 'removes': None, 'stdin': None}}, 'stdout_lines': [], 'stderr_lines': [], 'failed': False, 'item': '/etc/hostname', 'ansible_loop_var': 'item'})
ok: [localhost] => (item={'changed': False, 'stdout': '', 'stderr': '', 'rc': 0, 'cmd': ['find', '/etc/hosts', '-xdev', '-type', 'd', '(', '-perm', '-0002', '-a', '!', '-perm', '-1000', ')'], 'start': '2026-09-12 13:42:03.096822', 'end': '2026-09-12 13:42:03.099811', 'delta': '0:00:00.002989', 'msg': '', 'invocation': {'module_args': {'_raw_params': 'find /etc/hosts -xdev -type d ( -perm -0002 -a ! -perm -1000 )', '_uses_shell': False, 'stdin_add_newline': True, 'strip_empty_ends': True, 'argv': None, 'chdir': None, 'executable': None, 'creates': None, 'removes': None, 'stdin': None}}, 'stdout_lines': [], 'stderr_lines': [], 'failed': False, 'item': '/etc/hosts', 'ansible_loop_var': 'item'})

TASK [/stigforge/roles/rhel8_cis : Verify that All World-Writable Directories Have Sticky Bits Set - Ensure Sticky Bit is Set on Local World Writable Directories] ***
skipping: [localhost]

TASK [/stigforge/roles/rhel8_cis : Set the file_groupowner_etc_sysconfig_sshd_newgroup variable if represented by gid] ***
skipping: [localhost]

TASK [/stigforge/roles/rhel8_cis : Test for existence /etc/sysconfig/sshd] *****
skipping: [localhost]

TASK [/stigforge/roles/rhel8_cis : Ensure group owner on /etc/sysconfig/sshd] ***
skipping: [localhost]

TASK [/stigforge/roles/rhel8_cis : Set the file_owner_etc_sysconfig_sshd_newown variable if represented by uid] ***
skipping: [localhost]

TASK [/stigforge/roles/rhel8_cis : Test for existence /etc/sysconfig/sshd] *****
skipping: [localhost]

TASK [/stigforge/roles/rhel8_cis : Ensure owner on /etc/sysconfig/sshd] ********
skipping: [localhost]

TASK [/stigforge/roles/rhel8_cis : Test for existence /etc/sysconfig/sshd] *****
skipping: [localhost]

TASK [/stigforge/roles/rhel8_cis : Ensure permission u-xs,g-xws,o-xwrt on /etc/sysconfig/sshd] ***
skipping: [localhost]

TASK [/stigforge/roles/rhel8_cis : Enable Kernel Parameter to Enforce DAC on Hardlinks - Set fact for sysctl paths] ***
skipping: [localhost]

TASK [/stigforge/roles/rhel8_cis : Enable Kernel Parameter to Enforce DAC on Hardlinks - Find all files that contain fs.protected_hardlinks] ***
skipping: [localhost]

TASK [/stigforge/roles/rhel8_cis : Enable Kernel Parameter to Enforce DAC on Hardlinks - Find all files that set fs.protected_hardlinks to correct value] ***
skipping: [localhost]

TASK [/stigforge/roles/rhel8_cis : Enable Kernel Parameter to Enforce DAC on Hardlinks - Comment out any occurrences of fs.protected_hardlinks from config files] ***
skipping: [localhost]

TASK [/stigforge/roles/rhel8_cis : Enable Kernel Parameter to Enforce DAC on Hardlinks - Comment out any occurrences of fs.protected_hardlinks from /etc/sysctl.conf] ***
skipping: [localhost] => (item=/etc/sysctl.conf) 
skipping: [localhost]

TASK [/stigforge/roles/rhel8_cis : Enable Kernel Parameter to Enforce DAC on Hardlinks - Ensure sysctl fs.protected_hardlinks is set to 1] ***
skipping: [localhost]

TASK [/stigforge/roles/rhel8_cis : Enable Kernel Parameter to Enforce DAC on Symlinks - Set fact for sysctl paths] ***
skipping: [localhost]

TASK [/stigforge/roles/rhel8_cis : Enable Kernel Parameter to Enforce DAC on Symlinks - Find all files that contain fs.protected_symlinks] ***
skipping: [localhost]

TASK [/stigforge/roles/rhel8_cis : Enable Kernel Parameter to Enforce DAC on Symlinks - Find all files that set fs.protected_symlinks to correct value] ***
skipping: [localhost]

TASK [/stigforge/roles/rhel8_cis : Enable Kernel Parameter to Enforce DAC on Symlinks - Comment out any occurrences of fs.protected_symlinks from config files] ***
skipping: [localhost]

TASK [/stigforge/roles/rhel8_cis : Enable Kernel Parameter to Enforce DAC on Symlinks - Comment out any occurrences of fs.protected_symlinks from /etc/sysctl.conf] ***
skipping: [localhost] => (item=/etc/sysctl.conf) 
skipping: [localhost]

TASK [/stigforge/roles/rhel8_cis : Enable Kernel Parameter to Enforce DAC on Symlinks - Ensure sysctl fs.protected_symlinks is set to 1] ***
skipping: [localhost]

TASK [/stigforge/roles/rhel8_cis : Set the file_groupowner_backup_etc_group_newgroup variable if represented by gid] ***
ok: [localhost]

TASK [/stigforge/roles/rhel8_cis : Test for existence /etc/group-] *************
ok: [localhost]

TASK [/stigforge/roles/rhel8_cis : Ensure group owner on /etc/group-] **********
ok: [localhost]

TASK [/stigforge/roles/rhel8_cis : Set the file_groupowner_backup_etc_gshadow_newgroup variable if represented by gid] ***
ok: [localhost]

TASK [/stigforge/roles/rhel8_cis : Test for existence /etc/gshadow-] ***********
ok: [localhost]

TASK [/stigforge/roles/rhel8_cis : Ensure group owner on /etc/gshadow-] ********
ok: [localhost]

TASK [/stigforge/roles/rhel8_cis : Set the file_groupowner_backup_etc_passwd_newgroup variable if represented by gid] ***
ok: [localhost]

TASK [/stigforge/roles/rhel8_cis : Test for existence /etc/passwd-] ************
ok: [localhost]

TASK [/stigforge/roles/rhel8_cis : Ensure group owner on /etc/passwd-] *********
ok: [localhost]

TASK [/stigforge/roles/rhel8_cis : Set the file_groupowner_backup_etc_shadow_newgroup variable if represented by gid] ***
ok: [localhost]

TASK [/stigforge/roles/rhel8_cis : Test for existence /etc/shadow-] ************
ok: [localhost]

TASK [/stigforge/roles/rhel8_cis : Ensure group owner on /etc/shadow-] *********
ok: [localhost]

TASK [/stigforge/roles/rhel8_cis : Set the file_groupowner_etc_group_newgroup variable if represented by gid] ***
ok: [localhost]

TASK [/stigforge/roles/rhel8_cis : Test for existence /etc/group] **************
ok: [localhost]

TASK [/stigforge/roles/rhel8_cis : Ensure group owner on /etc/group] ***********
ok: [localhost]

TASK [/stigforge/roles/rhel8_cis : Set the file_groupowner_etc_gshadow_newgroup variable if represented by gid] ***
ok: [localhost]

TASK [/stigforge/roles/rhel8_cis : Test for existence /etc/gshadow] ************
ok: [localhost]

TASK [/stigforge/roles/rhel8_cis : Ensure group owner on /etc/gshadow] *********
ok: [localhost]

TASK [/stigforge/roles/rhel8_cis : Set the file_groupowner_etc_passwd_newgroup variable if represented by gid] ***
ok: [localhost]

TASK [/stigforge/roles/rhel8_cis : Test for existence /etc/passwd] *************
ok: [localhost]

TASK [/stigforge/roles/rhel8_cis : Ensure group owner on /etc/passwd] **********
ok: [localhost]

TASK [/stigforge/roles/rhel8_cis : Set the file_groupowner_etc_security_opasswd_newgroup variable if represented by gid] ***
ok: [localhost]

TASK [/stigforge/roles/rhel8_cis : Test for existence /etc/security/opasswd] ***
ok: [localhost]

TASK [/stigforge/roles/rhel8_cis : Ensure group owner on /etc/security/opasswd] ***
ok: [localhost]

TASK [/stigforge/roles/rhel8_cis : Set the file_groupowner_etc_security_opasswd_old_newgroup variable if represented by gid] ***
ok: [localhost]

TASK [/stigforge/roles/rhel8_cis : Test for existence /etc/security/opasswd.old] ***
ok: [localhost]

TASK [/stigforge/roles/rhel8_cis : Ensure group owner on /etc/security/opasswd.old] ***
skipping: [localhost]

TASK [/stigforge/roles/rhel8_cis : Set the file_groupowner_etc_shadow_newgroup variable if represented by gid] ***
ok: [localhost]

TASK [/stigforge/roles/rhel8_cis : Test for existence /etc/shadow] *************
ok: [localhost]

TASK [/stigforge/roles/rhel8_cis : Ensure group owner on /etc/shadow] **********
ok: [localhost]

TASK [/stigforge/roles/rhel8_cis : Set the file_groupowner_etc_shells_newgroup variable if represented by gid] ***
ok: [localhost]

TASK [/stigforge/roles/rhel8_cis : Test for existence /etc/shells] *************
ok: [localhost]

TASK [/stigforge/roles/rhel8_cis : Ensure group owner on /etc/shells] **********
ok: [localhost]

TASK [/stigforge/roles/rhel8_cis : Set the file_owner_backup_etc_group_newown variable if represented by uid] ***
ok: [localhost]

TASK [/stigforge/roles/rhel8_cis : Test for existence /etc/group-] *************
ok: [localhost]

TASK [/stigforge/roles/rhel8_cis : Ensure owner on /etc/group-] ****************
ok: [localhost]

TASK [/stigforge/roles/rhel8_cis : Set the file_owner_backup_etc_gshadow_newown variable if represented by uid] ***
ok: [localhost]

TASK [/stigforge/roles/rhel8_cis : Test for existence /etc/gshadow-] ***********
ok: [localhost]

TASK [/stigforge/roles/rhel8_cis : Ensure owner on /etc/gshadow-] **************
ok: [localhost]

TASK [/stigforge/roles/rhel8_cis : Set the file_owner_backup_etc_passwd_newown variable if represented by uid] ***
ok: [localhost]

TASK [/stigforge/roles/rhel8_cis : Test for existence /etc/passwd-] ************
ok: [localhost]

TASK [/stigforge/roles/rhel8_cis : Ensure owner on /etc/passwd-] ***************
ok: [localhost]

TASK [/stigforge/roles/rhel8_cis : Set the file_owner_backup_etc_shadow_newown variable if represented by uid] ***
ok: [localhost]

TASK [/stigforge/roles/rhel8_cis : Test for existence /etc/shadow-] ************
ok: [localhost]

TASK [/stigforge/roles/rhel8_cis : Ensure owner on /etc/shadow-] ***************
ok: [localhost]

TASK [/stigforge/roles/rhel8_cis : Set the file_owner_etc_group_newown variable if represented by uid] ***
ok: [localhost]

TASK [/stigforge/roles/rhel8_cis : Test for existence /etc/group] **************
ok: [localhost]

TASK [/stigforge/roles/rhel8_cis : Ensure owner on /etc/group] *****************
ok: [localhost]

TASK [/stigforge/roles/rhel8_cis : Set the file_owner_etc_gshadow_newown variable if represented by uid] ***
ok: [localhost]

TASK [/stigforge/roles/rhel8_cis : Test for existence /etc/gshadow] ************
ok: [localhost]

TASK [/stigforge/roles/rhel8_cis : Ensure owner on /etc/gshadow] ***************
ok: [localhost]

TASK [/stigforge/roles/rhel8_cis : Set the file_owner_etc_passwd_newown variable if represented by uid] ***
ok: [localhost]

TASK [/stigforge/roles/rhel8_cis : Test for existence /etc/passwd] *************
ok: [localhost]

TASK [/stigforge/roles/rhel8_cis : Ensure owner on /etc/passwd] ****************
ok: [localhost]

TASK [/stigforge/roles/rhel8_cis : Set the file_owner_etc_security_opasswd_newown variable if represented by uid] ***
ok: [localhost]

TASK [/stigforge/roles/rhel8_cis : Test for existence /etc/security/opasswd] ***
ok: [localhost]

TASK [/stigforge/roles/rhel8_cis : Ensure owner on /etc/security/opasswd] ******
ok: [localhost]

TASK [/stigforge/roles/rhel8_cis : Set the file_owner_etc_security_opasswd_old_newown variable if represented by uid] ***
ok: [localhost]

TASK [/stigforge/roles/rhel8_cis : Test for existence /etc/security/opasswd.old] ***
ok: [localhost]

TASK [/stigforge/roles/rhel8_cis : Ensure owner on /etc/security/opasswd.old] ***
skipping: [localhost]

TASK [/stigforge/roles/rhel8_cis : Set the file_owner_etc_shadow_newown variable if represented by uid] ***
ok: [localhost]

TASK [/stigforge/roles/rhel8_cis : Test for existence /etc/shadow] *************
ok: [localhost]

TASK [/stigforge/roles/rhel8_cis : Ensure owner on /etc/shadow] ****************
ok: [localhost]

TASK [/stigforge/roles/rhel8_cis : Set the file_owner_etc_shells_newown variable if represented by uid] ***
ok: [localhost]

TASK [/stigforge/roles/rhel8_cis : Test for existence /etc/shells] *************
ok: [localhost]

TASK [/stigforge/roles/rhel8_cis : Ensure owner on /etc/shells] ****************
ok: [localhost]

TASK [/stigforge/roles/rhel8_cis : Test for existence /etc/group-] *************
ok: [localhost]

TASK [/stigforge/roles/rhel8_cis : Ensure permission u-xs,g-xws,o-xwt on /etc/group-] ***
ok: [localhost]

TASK [/stigforge/roles/rhel8_cis : Test for existence /etc/gshadow-] ***********
ok: [localhost]

TASK [/stigforge/roles/rhel8_cis : Ensure permission u-xwrs,g-xwrs,o-xwrt on /etc/gshadow-] ***
ok: [localhost]

TASK [/stigforge/roles/rhel8_cis : Test for existence /etc/passwd-] ************
ok: [localhost]

TASK [/stigforge/roles/rhel8_cis : Ensure permission u-xs,g-xws,o-xwt on /etc/passwd-] ***
ok: [localhost]

TASK [/stigforge/roles/rhel8_cis : Test for existence /etc/shadow-] ************
ok: [localhost]

TASK [/stigforge/roles/rhel8_cis : Ensure permission u-xwrs,g-xwrs,o-xwrt on /etc/shadow-] ***
ok: [localhost]

TASK [/stigforge/roles/rhel8_cis : Test for existence /etc/group] **************
ok: [localhost]

TASK [/stigforge/roles/rhel8_cis : Ensure permission u-xs,g-xws,o-xwt on /etc/group] ***
ok: [localhost]

TASK [/stigforge/roles/rhel8_cis : Test for existence /etc/gshadow] ************
ok: [localhost]

TASK [/stigforge/roles/rhel8_cis : Ensure permission u-xwrs,g-xwrs,o-xwrt on /etc/gshadow] ***
ok: [localhost]

TASK [/stigforge/roles/rhel8_cis : Test for existence /etc/passwd] *************
ok: [localhost]

TASK [/stigforge/roles/rhel8_cis : Ensure permission u-xs,g-xws,o-xwt on /etc/passwd] ***
ok: [localhost]

TASK [/stigforge/roles/rhel8_cis : Test for existence /etc/security/opasswd] ***
ok: [localhost]

TASK [/stigforge/roles/rhel8_cis : Ensure permission u-xs,g-xwrs,o-xwrt on /etc/security/opasswd] ***
ok: [localhost]

TASK [/stigforge/roles/rhel8_cis : Test for existence /etc/security/opasswd.old] ***
ok: [localhost]

TASK [/stigforge/roles/rhel8_cis : Ensure permission u-xs,g-xwrs,o-xwrt on /etc/security/opasswd.old] ***
skipping: [localhost]

TASK [/stigforge/roles/rhel8_cis : Test for existence /etc/shadow] *************
ok: [localhost]

TASK [/stigforge/roles/rhel8_cis : Ensure permission u-xwrs,g-xwrs,o-xwrt on /etc/shadow] ***
ok: [localhost]

TASK [/stigforge/roles/rhel8_cis : Test for existence /etc/shells] *************
ok: [localhost]

TASK [/stigforge/roles/rhel8_cis : Ensure permission u-xs,g-xws,o-xwt on /etc/shells] ***
ok: [localhost]

TASK [/stigforge/roles/rhel8_cis : Ensure kernel module 'cramfs' is disabled] ***
skipping: [localhost]

TASK [/stigforge/roles/rhel8_cis : Ensure kernel module 'cramfs' is blacklisted] ***
skipping: [localhost]

TASK [/stigforge/roles/rhel8_cis : Ensure kernel module 'freevxfs' is disabled] ***
skipping: [localhost]

TASK [/stigforge/roles/rhel8_cis : Ensure kernel module 'freevxfs' is blacklisted] ***
skipping: [localhost]

TASK [/stigforge/roles/rhel8_cis : Ensure kernel module 'hfs' is disabled] *****
skipping: [localhost]

TASK [/stigforge/roles/rhel8_cis : Ensure kernel module 'hfs' is blacklisted] ***
skipping: [localhost]

TASK [/stigforge/roles/rhel8_cis : Ensure kernel module 'hfsplus' is disabled] ***
skipping: [localhost]

TASK [/stigforge/roles/rhel8_cis : Ensure kernel module 'hfsplus' is blacklisted] ***
skipping: [localhost]

TASK [/stigforge/roles/rhel8_cis : Ensure kernel module 'jffs2' is disabled] ***
skipping: [localhost]

TASK [/stigforge/roles/rhel8_cis : Ensure kernel module 'jffs2' is blacklisted] ***
skipping: [localhost]

TASK [/stigforge/roles/rhel8_cis : Ensure kernel module 'overlay' is disabled] ***
skipping: [localhost]

TASK [/stigforge/roles/rhel8_cis : Ensure kernel module 'overlay' is blacklisted] ***
skipping: [localhost]

TASK [/stigforge/roles/rhel8_cis : Ensure kernel module 'squashfs' is disabled] ***
skipping: [localhost]

TASK [/stigforge/roles/rhel8_cis : Ensure kernel module 'squashfs' is blacklisted] ***
skipping: [localhost]

TASK [/stigforge/roles/rhel8_cis : Ensure kernel module 'udf' is disabled] *****
skipping: [localhost]

TASK [/stigforge/roles/rhel8_cis : Ensure kernel module 'udf' is blacklisted] ***
skipping: [localhost]

TASK [/stigforge/roles/rhel8_cis : Ensure kernel module 'usb-storage' is disabled] ***
skipping: [localhost]

TASK [/stigforge/roles/rhel8_cis : Ensure kernel module 'usb-storage' is blacklisted] ***
skipping: [localhost]

TASK [/stigforge/roles/rhel8_cis : Add nodev Option to /dev/shm: Check information associated to mountpoint] ***
skipping: [localhost]

TASK [/stigforge/roles/rhel8_cis : Add nodev Option to /dev/shm: Create mount_info dictionary variable] ***
skipping: [localhost]

TASK [/stigforge/roles/rhel8_cis : Add nodev Option to /dev/shm: If /dev/shm not mounted, craft mount_info manually] ***
skipping: [localhost] => (item=['target', '/dev/shm']) 
skipping: [localhost] => (item=['source', 'tmpfs']) 
skipping: [localhost] => (item=['fstype', 'tmpfs']) 
skipping: [localhost] => (item=['options', 'defaults']) 
skipping: [localhost]

TASK [/stigforge/roles/rhel8_cis : Add nodev Option to /dev/shm: Make sure nodev option is part of the to /dev/shm options] ***
skipping: [localhost]

TASK [/stigforge/roles/rhel8_cis : Add nodev Option to /dev/shm: Ensure /dev/shm is mounted with nodev option] ***
skipping: [localhost]

TASK [/stigforge/roles/rhel8_cis : Add noexec Option to /dev/shm: Check information associated to mountpoint] ***
skipping: [localhost]

TASK [/stigforge/roles/rhel8_cis : Add noexec Option to /dev/shm: Create mount_info dictionary variable] ***
skipping: [localhost]

TASK [/stigforge/roles/rhel8_cis : Add noexec Option to /dev/shm: If /dev/shm not mounted, craft mount_info manually] ***
skipping: [localhost] => (item=['target', '/dev/shm']) 
skipping: [localhost] => (item=['source', 'tmpfs']) 
skipping: [localhost] => (item=['fstype', 'tmpfs']) 
skipping: [localhost] => (item=['options', 'defaults']) 
skipping: [localhost]

TASK [/stigforge/roles/rhel8_cis : Add noexec Option to /dev/shm: Make sure noexec option is part of the to /dev/shm options] ***
skipping: [localhost]

TASK [/stigforge/roles/rhel8_cis : Add noexec Option to /dev/shm: Ensure /dev/shm is mounted with noexec option] ***
skipping: [localhost]

TASK [/stigforge/roles/rhel8_cis : Add nosuid Option to /dev/shm: Check information associated to mountpoint] ***
skipping: [localhost]

TASK [/stigforge/roles/rhel8_cis : Add nosuid Option to /dev/shm: Create mount_info dictionary variable] ***
skipping: [localhost]

TASK [/stigforge/roles/rhel8_cis : Add nosuid Option to /dev/shm: If /dev/shm not mounted, craft mount_info manually] ***
skipping: [localhost] => (item=['target', '/dev/shm']) 
skipping: [localhost] => (item=['source', 'tmpfs']) 
skipping: [localhost] => (item=['fstype', 'tmpfs']) 
skipping: [localhost] => (item=['options', 'defaults']) 
skipping: [localhost]

TASK [/stigforge/roles/rhel8_cis : Add nosuid Option to /dev/shm: Make sure nosuid option is part of the to /dev/shm options] ***
skipping: [localhost]

TASK [/stigforge/roles/rhel8_cis : Add nosuid Option to /dev/shm: Ensure /dev/shm is mounted with nosuid option] ***
skipping: [localhost]

TASK [/stigforge/roles/rhel8_cis : Add nodev Option to /home: Check information associated to mountpoint] ***
skipping: [localhost]

TASK [/stigforge/roles/rhel8_cis : Add nodev Option to /home: Create mount_info dictionary variable] ***
skipping: [localhost]

TASK [/stigforge/roles/rhel8_cis : Add nodev Option to /home: If /home not mounted, craft mount_info manually] ***
skipping: [localhost] => (item=['target', '/home']) 
skipping: [localhost] => (item=['source', '']) 
skipping: [localhost] => (item=['fstype', '']) 
skipping: [localhost] => (item=['options', 'defaults']) 
skipping: [localhost]

TASK [/stigforge/roles/rhel8_cis : Add nodev Option to /home: Make sure nodev option is part of the to /home options] ***
skipping: [localhost]

TASK [/stigforge/roles/rhel8_cis : Add nodev Option to /home: Ensure /home is mounted with nodev option] ***
skipping: [localhost]

TASK [/stigforge/roles/rhel8_cis : Add nosuid Option to /home: Check information associated to mountpoint] ***
skipping: [localhost]

TASK [/stigforge/roles/rhel8_cis : Add nosuid Option to /home: Create mount_info dictionary variable] ***
skipping: [localhost]

TASK [/stigforge/roles/rhel8_cis : Add nosuid Option to /home: If /home not mounted, craft mount_info manually] ***
skipping: [localhost] => (item=['target', '/home']) 
skipping: [localhost] => (item=['source', '']) 
skipping: [localhost] => (item=['fstype', '']) 
skipping: [localhost] => (item=['options', 'defaults']) 
skipping: [localhost]

TASK [/stigforge/roles/rhel8_cis : Add nosuid Option to /home: Make sure nosuid option is part of the to /home options] ***
skipping: [localhost]

TASK [/stigforge/roles/rhel8_cis : Add nosuid Option to /home: Ensure /home is mounted with nosuid option] ***
skipping: [localhost]

TASK [/stigforge/roles/rhel8_cis : Add nodev Option to /tmp: Check information associated to mountpoint] ***
skipping: [localhost]

TASK [/stigforge/roles/rhel8_cis : Add nodev Option to /tmp: Create mount_info dictionary variable] ***
skipping: [localhost]

TASK [/stigforge/roles/rhel8_cis : Add nodev Option to /tmp: If /tmp not mounted, craft mount_info manually] ***
skipping: [localhost] => (item=['target', '/tmp']) 
skipping: [localhost] => (item=['source', '']) 
skipping: [localhost] => (item=['fstype', '']) 
skipping: [localhost] => (item=['options', 'defaults']) 
skipping: [localhost]

TASK [/stigforge/roles/rhel8_cis : Add nodev Option to /tmp: Make sure nodev option is part of the to /tmp options] ***
skipping: [localhost]

TASK [/stigforge/roles/rhel8_cis : Add nodev Option to /tmp: Ensure /tmp is mounted with nodev option] ***
skipping: [localhost]

TASK [/stigforge/roles/rhel8_cis : Add noexec Option to /tmp: Check information associated to mountpoint] ***
skipping: [localhost]

TASK [/stigforge/roles/rhel8_cis : Add noexec Option to /tmp: Create mount_info dictionary variable] ***
skipping: [localhost]

TASK [/stigforge/roles/rhel8_cis : Add noexec Option to /tmp: If /tmp not mounted, craft mount_info manually] ***
skipping: [localhost] => (item=['target', '/tmp']) 
skipping: [localhost] => (item=['source', '']) 
skipping: [localhost] => (item=['fstype', '']) 
skipping: [localhost] => (item=['options', 'defaults']) 
skipping: [localhost]

TASK [/stigforge/roles/rhel8_cis : Add noexec Option to /tmp: Make sure noexec option is part of the to /tmp options] ***
skipping: [localhost]

TASK [/stigforge/roles/rhel8_cis : Add noexec Option to /tmp: Ensure /tmp is mounted with noexec option] ***
skipping: [localhost]

TASK [/stigforge/roles/rhel8_cis : Add nosuid Option to /tmp: Check information associated to mountpoint] ***
skipping: [localhost]

TASK [/stigforge/roles/rhel8_cis : Add nosuid Option to /tmp: Create mount_info dictionary variable] ***
skipping: [localhost]

TASK [/stigforge/roles/rhel8_cis : Add nosuid Option to /tmp: If /tmp not mounted, craft mount_info manually] ***
skipping: [localhost] => (item=['target', '/tmp']) 
skipping: [localhost] => (item=['source', '']) 
skipping: [localhost] => (item=['fstype', '']) 
skipping: [localhost] => (item=['options', 'defaults']) 
skipping: [localhost]

TASK [/stigforge/roles/rhel8_cis : Add nosuid Option to /tmp: Make sure nosuid option is part of the to /tmp options] ***
skipping: [localhost]

TASK [/stigforge/roles/rhel8_cis : Add nosuid Option to /tmp: Ensure /tmp is mounted with nosuid option] ***
skipping: [localhost]

TASK [/stigforge/roles/rhel8_cis : Add nodev Option to /var/log/audit: Check information associated to mountpoint] ***
skipping: [localhost]

TASK [/stigforge/roles/rhel8_cis : Add nodev Option to /var/log/audit: Create mount_info dictionary variable] ***
skipping: [localhost]

TASK [/stigforge/roles/rhel8_cis : Add nodev Option to /var/log/audit: If /var/log/audit not mounted, craft mount_info manually] ***
skipping: [localhost] => (item=['target', '/var/log/audit']) 
skipping: [localhost] => (item=['source', '']) 
skipping: [localhost] => (item=['fstype', '']) 
skipping: [localhost] => (item=['options', 'defaults']) 
skipping: [localhost]

TASK [/stigforge/roles/rhel8_cis : Add nodev Option to /var/log/audit: Make sure nodev option is part of the to /var/log/audit options] ***
skipping: [localhost]

TASK [/stigforge/roles/rhel8_cis : Add nodev Option to /var/log/audit: Ensure /var/log/audit is mounted with nodev option] ***
skipping: [localhost]

TASK [/stigforge/roles/rhel8_cis : Add noexec Option to /var/log/audit: Check information associated to mountpoint] ***
skipping: [localhost]

TASK [/stigforge/roles/rhel8_cis : Add noexec Option to /var/log/audit: Create mount_info dictionary variable] ***
skipping: [localhost]

TASK [/stigforge/roles/rhel8_cis : Add noexec Option to /var/log/audit: If /var/log/audit not mounted, craft mount_info manually] ***
skipping: [localhost] => (item=['target', '/var/log/audit']) 
skipping: [localhost] => (item=['source', '']) 
skipping: [localhost] => (item=['fstype', '']) 
skipping: [localhost] => (item=['options', 'defaults']) 
skipping: [localhost]

TASK [/stigforge/roles/rhel8_cis : Add noexec Option to /var/log/audit: Make sure noexec option is part of the to /var/log/audit options] ***
skipping: [localhost]

TASK [/stigforge/roles/rhel8_cis : Add noexec Option to /var/log/audit: Ensure /var/log/audit is mounted with noexec option] ***
skipping: [localhost]

TASK [/stigforge/roles/rhel8_cis : Add nosuid Option to /var/log/audit: Check information associated to mountpoint] ***
skipping: [localhost]

TASK [/stigforge/roles/rhel8_cis : Add nosuid Option to /var/log/audit: Create mount_info dictionary variable] ***
skipping: [localhost]

TASK [/stigforge/roles/rhel8_cis : Add nosuid Option to /var/log/audit: If /var/log/audit not mounted, craft mount_info manually] ***
skipping: [localhost] => (item=['target', '/var/log/audit']) 
skipping: [localhost] => (item=['source', '']) 
skipping: [localhost] => (item=['fstype', '']) 
skipping: [localhost] => (item=['options', 'defaults']) 
skipping: [localhost]

TASK [/stigforge/roles/rhel8_cis : Add nosuid Option to /var/log/audit: Make sure nosuid option is part of the to /var/log/audit options] ***
skipping: [localhost]

TASK [/stigforge/roles/rhel8_cis : Add nosuid Option to /var/log/audit: Ensure /var/log/audit is mounted with nosuid option] ***
skipping: [localhost]

TASK [/stigforge/roles/rhel8_cis : Add nodev Option to /var/log: Check information associated to mountpoint] ***
skipping: [localhost]

TASK [/stigforge/roles/rhel8_cis : Add nodev Option to /var/log: Create mount_info dictionary variable] ***
skipping: [localhost]

TASK [/stigforge/roles/rhel8_cis : Add nodev Option to /var/log: If /var/log not mounted, craft mount_info manually] ***
skipping: [localhost] => (item=['target', '/var/log']) 
skipping: [localhost] => (item=['source', '']) 
skipping: [localhost] => (item=['fstype', '']) 
skipping: [localhost] => (item=['options', 'defaults']) 
skipping: [localhost]

TASK [/stigforge/roles/rhel8_cis : Add nodev Option to /var/log: Make sure nodev option is part of the to /var/log options] ***
skipping: [localhost]

TASK [/stigforge/roles/rhel8_cis : Add nodev Option to /var/log: Ensure /var/log is mounted with nodev option] ***
skipping: [localhost]

TASK [/stigforge/roles/rhel8_cis : Add noexec Option to /var/log: Check information associated to mountpoint] ***
skipping: [localhost]

TASK [/stigforge/roles/rhel8_cis : Add noexec Option to /var/log: Create mount_info dictionary variable] ***
skipping: [localhost]

TASK [/stigforge/roles/rhel8_cis : Add noexec Option to /var/log: If /var/log not mounted, craft mount_info manually] ***
skipping: [localhost] => (item=['target', '/var/log']) 
skipping: [localhost] => (item=['source', '']) 
skipping: [localhost] => (item=['fstype', '']) 
skipping: [localhost] => (item=['options', 'defaults']) 
skipping: [localhost]

TASK [/stigforge/roles/rhel8_cis : Add noexec Option to /var/log: Make sure noexec option is part of the to /var/log options] ***
skipping: [localhost]

TASK [/stigforge/roles/rhel8_cis : Add noexec Option to /var/log: Ensure /var/log is mounted with noexec option] ***
skipping: [localhost]

TASK [/stigforge/roles/rhel8_cis : Add nosuid Option to /var/log: Check information associated to mountpoint] ***
skipping: [localhost]

TASK [/stigforge/roles/rhel8_cis : Add nosuid Option to /var/log: Create mount_info dictionary variable] ***
skipping: [localhost]

TASK [/stigforge/roles/rhel8_cis : Add nosuid Option to /var/log: If /var/log not mounted, craft mount_info manually] ***
skipping: [localhost] => (item=['target', '/var/log']) 
skipping: [localhost] => (item=['source', '']) 
skipping: [localhost] => (item=['fstype', '']) 
skipping: [localhost] => (item=['options', 'defaults']) 
skipping: [localhost]

TASK [/stigforge/roles/rhel8_cis : Add nosuid Option to /var/log: Make sure nosuid option is part of the to /var/log options] ***
skipping: [localhost]

TASK [/stigforge/roles/rhel8_cis : Add nosuid Option to /var/log: Ensure /var/log is mounted with nosuid option] ***
skipping: [localhost]

TASK [/stigforge/roles/rhel8_cis : Add nodev Option to /var: Check information associated to mountpoint] ***
skipping: [localhost]

TASK [/stigforge/roles/rhel8_cis : Add nodev Option to /var: Create mount_info dictionary variable] ***
skipping: [localhost]

TASK [/stigforge/roles/rhel8_cis : Add nodev Option to /var: If /var not mounted, craft mount_info manually] ***
skipping: [localhost] => (item=['target', '/var']) 
skipping: [localhost] => (item=['source', '']) 
skipping: [localhost] => (item=['fstype', '']) 
skipping: [localhost] => (item=['options', 'defaults']) 
skipping: [localhost]

TASK [/stigforge/roles/rhel8_cis : Add nodev Option to /var: Make sure nodev option is part of the to /var options] ***
skipping: [localhost]

TASK [/stigforge/roles/rhel8_cis : Add nodev Option to /var: Ensure /var is mounted with nodev option] ***
skipping: [localhost]

TASK [/stigforge/roles/rhel8_cis : Add nosuid Option to /var: Check information associated to mountpoint] ***
skipping: [localhost]

TASK [/stigforge/roles/rhel8_cis : Add nosuid Option to /var: Create mount_info dictionary variable] ***
skipping: [localhost]

TASK [/stigforge/roles/rhel8_cis : Add nosuid Option to /var: If /var not mounted, craft mount_info manually] ***
skipping: [localhost] => (item=['target', '/var']) 
skipping: [localhost] => (item=['source', '']) 
skipping: [localhost] => (item=['fstype', '']) 
skipping: [localhost] => (item=['options', 'defaults']) 
skipping: [localhost]

TASK [/stigforge/roles/rhel8_cis : Add nosuid Option to /var: Make sure nosuid option is part of the to /var options] ***
skipping: [localhost]

TASK [/stigforge/roles/rhel8_cis : Add nosuid Option to /var: Ensure /var is mounted with nosuid option] ***
skipping: [localhost]

TASK [/stigforge/roles/rhel8_cis : Add nodev Option to /var/tmp: Check information associated to mountpoint] ***
skipping: [localhost]

TASK [/stigforge/roles/rhel8_cis : Add nodev Option to /var/tmp: Create mount_info dictionary variable] ***
skipping: [localhost]

TASK [/stigforge/roles/rhel8_cis : Add nodev Option to /var/tmp: If /var/tmp not mounted, craft mount_info manually] ***
skipping: [localhost] => (item=['target', '/var/tmp']) 
skipping: [localhost] => (item=['source', '']) 
skipping: [localhost] => (item=['fstype', '']) 
skipping: [localhost] => (item=['options', 'defaults']) 
skipping: [localhost]

TASK [/stigforge/roles/rhel8_cis : Add nodev Option to /var/tmp: Make sure nodev option is part of the to /var/tmp options] ***
skipping: [localhost]

TASK [/stigforge/roles/rhel8_cis : Add nodev Option to /var/tmp: Ensure /var/tmp is mounted with nodev option] ***
skipping: [localhost]

TASK [/stigforge/roles/rhel8_cis : Add noexec Option to /var/tmp: Check information associated to mountpoint] ***
skipping: [localhost]

TASK [/stigforge/roles/rhel8_cis : Add noexec Option to /var/tmp: Create mount_info dictionary variable] ***
skipping: [localhost]

TASK [/stigforge/roles/rhel8_cis : Add noexec Option to /var/tmp: If /var/tmp not mounted, craft mount_info manually] ***
skipping: [localhost] => (item=['target', '/var/tmp']) 
skipping: [localhost] => (item=['source', '']) 
skipping: [localhost] => (item=['fstype', '']) 
skipping: [localhost] => (item=['options', 'defaults']) 
skipping: [localhost]

TASK [/stigforge/roles/rhel8_cis : Add noexec Option to /var/tmp: Make sure noexec option is part of the to /var/tmp options] ***
skipping: [localhost]

TASK [/stigforge/roles/rhel8_cis : Add noexec Option to /var/tmp: Ensure /var/tmp is mounted with noexec option] ***
skipping: [localhost]

TASK [/stigforge/roles/rhel8_cis : Add nosuid Option to /var/tmp: Check information associated to mountpoint] ***
skipping: [localhost]

TASK [/stigforge/roles/rhel8_cis : Add nosuid Option to /var/tmp: Create mount_info dictionary variable] ***
skipping: [localhost]

TASK [/stigforge/roles/rhel8_cis : Add nosuid Option to /var/tmp: If /var/tmp not mounted, craft mount_info manually] ***
skipping: [localhost] => (item=['target', '/var/tmp']) 
skipping: [localhost] => (item=['source', '']) 
skipping: [localhost] => (item=['fstype', '']) 
skipping: [localhost] => (item=['options', 'defaults']) 
skipping: [localhost]

TASK [/stigforge/roles/rhel8_cis : Add nosuid Option to /var/tmp: Make sure nosuid option is part of the to /var/tmp options] ***
skipping: [localhost]

TASK [/stigforge/roles/rhel8_cis : Add nosuid Option to /var/tmp: Ensure /var/tmp is mounted with nosuid option] ***
skipping: [localhost]

TASK [/stigforge/roles/rhel8_cis : Restrict Access to Kernel Message Buffer - Set fact for sysctl paths] ***
skipping: [localhost]

TASK [/stigforge/roles/rhel8_cis : Restrict Access to Kernel Message Buffer - Find all files that contain kernel.dmesg_restrict] ***
skipping: [localhost]

TASK [/stigforge/roles/rhel8_cis : Restrict Access to Kernel Message Buffer - Find all files that set kernel.dmesg_restrict to correct value] ***
skipping: [localhost]

TASK [/stigforge/roles/rhel8_cis : Restrict Access to Kernel Message Buffer - Comment out any occurrences of kernel.dmesg_restrict from config files] ***
skipping: [localhost]

TASK [/stigforge/roles/rhel8_cis : Restrict Access to Kernel Message Buffer - Comment out any occurrences of kernel.dmesg_restrict from /etc/sysctl.conf] ***
skipping: [localhost] => (item=/etc/sysctl.conf) 
skipping: [localhost]

TASK [/stigforge/roles/rhel8_cis : Restrict Access to Kernel Message Buffer - Ensure sysctl kernel.dmesg_restrict is set to 1] ***
skipping: [localhost]

TASK [/stigforge/roles/rhel8_cis : Restrict usage of ptrace to descendant processes - Set fact for sysctl paths] ***
skipping: [localhost]

TASK [/stigforge/roles/rhel8_cis : Restrict usage of ptrace to descendant processes - Find all files that contain kernel.yama.ptrace_scope] ***
skipping: [localhost]

TASK [/stigforge/roles/rhel8_cis : Restrict usage of ptrace to descendant processes - Find all files that set kernel.yama.ptrace_scope to correct value] ***
skipping: [localhost]

TASK [/stigforge/roles/rhel8_cis : Restrict usage of ptrace to descendant processes - Comment out any occurrences of kernel.yama.ptrace_scope from config files] ***
skipping: [localhost]

TASK [/stigforge/roles/rhel8_cis : Restrict usage of ptrace to descendant processes - Comment out any occurrences of kernel.yama.ptrace_scope from /etc/sysctl.conf] ***
skipping: [localhost] => (item=/etc/sysctl.conf) 
skipping: [localhost]

TASK [/stigforge/roles/rhel8_cis : Restrict usage of ptrace to descendant processes - Ensure sysctl kernel.yama.ptrace_scope is set to 1] ***
skipping: [localhost]

TASK [/stigforge/roles/rhel8_cis : Disable core dump backtraces - Search for a section in files] ***
skipping: [localhost] => (item={'path': '/etc/systemd', 'pattern': 'coredump\\.conf'}) 
skipping: [localhost] => (item={'path': '/etc/systemd/coredump.conf.d', 'pattern': '.*\\.conf'}) 
skipping: [localhost]

TASK [/stigforge/roles/rhel8_cis : Disable core dump backtraces - Count number of files which contain the correct section] ***
skipping: [localhost]

TASK [/stigforge/roles/rhel8_cis : Disable core dump backtraces - Add missing configuration to correct section] ***
skipping: [localhost]

TASK [/stigforge/roles/rhel8_cis : Disable core dump backtraces - Add configuration to new remediation file] ***
skipping: [localhost]

TASK [/stigforge/roles/rhel8_cis : Disable storing core dump - Search for a section in files] ***
skipping: [localhost] => (item={'path': '/etc/systemd', 'pattern': 'coredump\\.conf'}) 
skipping: [localhost] => (item={'path': '/etc/systemd/coredump.conf.d', 'pattern': '.*\\.conf'}) 
skipping: [localhost]

TASK [/stigforge/roles/rhel8_cis : Disable storing core dump - Count number of files which contain the correct section] ***
skipping: [localhost]

TASK [/stigforge/roles/rhel8_cis : Disable storing core dump - Add missing configuration to correct section] ***
skipping: [localhost]

TASK [/stigforge/roles/rhel8_cis : Disable storing core dump - Add configuration to new remediation file] ***
skipping: [localhost]

TASK [/stigforge/roles/rhel8_cis : Disable Core Dumps for All Users - Set dirs, files and regex variables] ***
skipping: [localhost]

TASK [/stigforge/roles/rhel8_cis : Disable Core Dumps for All Users - Find valid drop-ins for core limit] ***
skipping: [localhost]

TASK [/stigforge/roles/rhel8_cis : Disable Core Dumps for All Users - Find all drop-ins with any core limit] ***
skipping: [localhost]

TASK [/stigforge/roles/rhel8_cis : Disable Core Dumps for All Users - Get invalid drop-ins] ***
skipping: [localhost]

TASK [/stigforge/roles/rhel8_cis : Disable Core Dumps for All Users - Comment invalid * hard core lines in drop-ins] ***
skipping: [localhost]

TASK [/stigforge/roles/rhel8_cis : Disable Core Dumps for All Users - Check if main limits.conf contains correct core limit] ***
skipping: [localhost]

TASK [/stigforge/roles/rhel8_cis : Disable Core Dumps for All Users - Set fact if configuration is valid] ***
skipping: [localhost]

TASK [/stigforge/roles/rhel8_cis : Disable Core Dumps for All Users - Ensure drop-in directory exists] ***
skipping: [localhost]

TASK [/stigforge/roles/rhel8_cis : Disable Core Dumps for All Users - Deploy 10-ssg-hardening.conf drop-in with correct core limit] ***
skipping: [localhost]

TASK [/stigforge/roles/rhel8_cis : Disable Core Dumps for SUID programs - Set fact for sysctl paths] ***
skipping: [localhost]

TASK [/stigforge/roles/rhel8_cis : Disable Core Dumps for SUID programs - Find all files that contain fs.suid_dumpable] ***
skipping: [localhost]

TASK [/stigforge/roles/rhel8_cis : Disable Core Dumps for SUID programs - Find all files that set fs.suid_dumpable to correct value] ***
skipping: [localhost]

TASK [/stigforge/roles/rhel8_cis : Disable Core Dumps for SUID programs - Comment out any occurrences of fs.suid_dumpable from config files] ***
skipping: [localhost]

TASK [/stigforge/roles/rhel8_cis : Disable Core Dumps for SUID programs - Comment out any occurrences of fs.suid_dumpable from /etc/sysctl.conf] ***
skipping: [localhost] => (item=/etc/sysctl.conf) 
skipping: [localhost]

TASK [/stigforge/roles/rhel8_cis : Disable Core Dumps for SUID programs - Ensure sysctl fs.suid_dumpable is set to 0] ***
skipping: [localhost]

TASK [/stigforge/roles/rhel8_cis : Restrict Exposed Kernel Pointer Addresses Access - Set fact for sysctl paths] ***
skipping: [localhost]

TASK [/stigforge/roles/rhel8_cis : Restrict Exposed Kernel Pointer Addresses Access - Find all files that contain kernel.kptr_restrict] ***
skipping: [localhost]

TASK [/stigforge/roles/rhel8_cis : Restrict Exposed Kernel Pointer Addresses Access - Find all files that set kernel.kptr_restrict to correct value] ***
skipping: [localhost]

TASK [/stigforge/roles/rhel8_cis : Restrict Exposed Kernel Pointer Addresses Access - Comment out any occurrences of kernel.kptr_restrict from config files] ***
skipping: [localhost]

TASK [/stigforge/roles/rhel8_cis : Restrict Exposed Kernel Pointer Addresses Access - Comment out any occurrences of kernel.kptr_restrict from /etc/sysctl.conf] ***
skipping: [localhost] => (item=/etc/sysctl.conf) 
skipping: [localhost]

TASK [/stigforge/roles/rhel8_cis : Restrict Exposed Kernel Pointer Addresses Access - Ensure sysctl kernel.kptr_restrict is set to 1] ***
skipping: [localhost]

TASK [/stigforge/roles/rhel8_cis : Enable Randomized Layout of Virtual Address Space - Set fact for sysctl paths] ***
skipping: [localhost]

TASK [/stigforge/roles/rhel8_cis : Enable Randomized Layout of Virtual Address Space - Find all files that contain kernel.randomize_va_space] ***
skipping: [localhost]

TASK [/stigforge/roles/rhel8_cis : Enable Randomized Layout of Virtual Address Space - Find all files that set kernel.randomize_va_space to correct value] ***
skipping: [localhost]

TASK [/stigforge/roles/rhel8_cis : Enable Randomized Layout of Virtual Address Space - Comment out any occurrences of kernel.randomize_va_space from config files] ***
skipping: [localhost]

TASK [/stigforge/roles/rhel8_cis : Enable Randomized Layout of Virtual Address Space - Comment out any occurrences of kernel.randomize_va_space from /etc/sysctl.conf] ***
skipping: [localhost] => (item=/etc/sysctl.conf) 
skipping: [localhost]

TASK [/stigforge/roles/rhel8_cis : Enable Randomized Layout of Virtual Address Space - Ensure sysctl kernel.randomize_va_space is set to 2] ***
skipping: [localhost]

TASK [/stigforge/roles/rhel8_cis : Ensure SELinux Not Disabled in /etc/default/grub - Find /etc/grub.d/ files] ***
skipping: [localhost]

TASK [/stigforge/roles/rhel8_cis : Ensure SELinux Not Disabled in /etc/default/grub - Ensure SELinux Not Disabled in /etc/grub.d/ files] ***
skipping: [localhost]

TASK [/stigforge/roles/rhel8_cis : Ensure SELinux Not Disabled in /etc/default/grub - Check if /etc/grub2.cfg exists] ***
skipping: [localhost]

TASK [/stigforge/roles/rhel8_cis : Ensure SELinux Not Disabled in /etc/default/grub - Check if /etc/default/grub exists] ***
skipping: [localhost]

TASK [/stigforge/roles/rhel8_cis : Ensure SELinux Not Disabled in /etc/default/grub - Ensure SELinux Not Disabled in /etc/grub2.cfg] ***
skipping: [localhost]

TASK [/stigforge/roles/rhel8_cis : Ensure SELinux Not Disabled in /etc/default/grub - Ensure SELinux Not Disabled in /etc/default/grub] ***
skipping: [localhost]

TASK [/stigforge/roles/rhel8_cis : Ensure SELinux is Not Disabled - Check current SELinux configuration] ***
skipping: [localhost]

TASK [/stigforge/roles/rhel8_cis : Check for duplicate values] *****************
skipping: [localhost]

TASK [/stigforge/roles/rhel8_cis : Deduplicate values from /etc/selinux/config] ***
skipping: [localhost]

TASK [/stigforge/roles/rhel8_cis : Insert correct line to /etc/selinux/config] ***
skipping: [localhost]

TASK [/stigforge/roles/rhel8_cis : Ensure SELinux is Not Disabled - Mark system to relabel SELinux on next boot] ***
skipping: [localhost]

TASK [/stigforge/roles/rhel8_cis : Check for duplicate values] *****************
skipping: [localhost]

TASK [/stigforge/roles/rhel8_cis : Deduplicate values from /etc/selinux/config] ***
skipping: [localhost]

TASK [/stigforge/roles/rhel8_cis : Insert correct line to /etc/selinux/config] ***
skipping: [localhost]

TASK [/stigforge/roles/rhel8_cis : Ensure SELinux State is Enforcing - Check current SELinux state] ***
skipping: [localhost]

TASK [/stigforge/roles/rhel8_cis : Check for duplicate values] *****************
skipping: [localhost]

TASK [/stigforge/roles/rhel8_cis : Deduplicate values from /etc/selinux/config] ***
skipping: [localhost]

TASK [/stigforge/roles/rhel8_cis : Insert correct line to /etc/selinux/config] ***
skipping: [localhost]

TASK [/stigforge/roles/rhel8_cis : Ensure SELinux State is Enforcing - Mark system to relabel SELinux on next boot] ***
skipping: [localhost]

TASK [/stigforge/roles/rhel8_cis : Set the file_groupowner_cron_d_newgroup variable if represented by gid] ***
skipping: [localhost]

TASK [/stigforge/roles/rhel8_cis : Ensure group owner on /etc/cron.d/] *********
skipping: [localhost]

TASK [/stigforge/roles/rhel8_cis : Set the file_groupowner_cron_daily_newgroup variable if represented by gid] ***
skipping: [localhost]

TASK [/stigforge/roles/rhel8_cis : Ensure group owner on /etc/cron.daily/] *****
skipping: [localhost]

TASK [/stigforge/roles/rhel8_cis : Set the file_groupowner_cron_hourly_newgroup variable if represented by gid] ***
skipping: [localhost]

TASK [/stigforge/roles/rhel8_cis : Ensure group owner on /etc/cron.hourly/] ****
skipping: [localhost]

TASK [/stigforge/roles/rhel8_cis : Set the file_groupowner_cron_monthly_newgroup variable if represented by gid] ***
skipping: [localhost]

TASK [/stigforge/roles/rhel8_cis : Ensure group owner on /etc/cron.monthly/] ***
skipping: [localhost]

TASK [/stigforge/roles/rhel8_cis : Set the file_groupowner_cron_weekly_newgroup variable if represented by gid] ***
skipping: [localhost]

TASK [/stigforge/roles/rhel8_cis : Ensure group owner on /etc/cron.weekly/] ****
skipping: [localhost]

TASK [/stigforge/roles/rhel8_cis : Set the file_groupowner_cron_yearly_newgroup variable if represented by gid] ***
skipping: [localhost]

TASK [/stigforge/roles/rhel8_cis : Ensure group owner on /etc/cron.yearly/] ****
skipping: [localhost]

TASK [/stigforge/roles/rhel8_cis : Set the file_groupowner_crontab_newgroup variable if represented by gid] ***
skipping: [localhost]

TASK [/stigforge/roles/rhel8_cis : Test for existence /etc/crontab] ************
skipping: [localhost]

TASK [/stigforge/roles/rhel8_cis : Ensure group owner on /etc/crontab] *********
skipping: [localhost]

TASK [/stigforge/roles/rhel8_cis : Set the file_owner_cron_d_newown variable if represented by uid] ***
skipping: [localhost]

TASK [/stigforge/roles/rhel8_cis : Ensure owner on directory /etc/cron.d/] *****
skipping: [localhost]

TASK [/stigforge/roles/rhel8_cis : Set the file_owner_cron_daily_newown variable if represented by uid] ***
skipping: [localhost]

TASK [/stigforge/roles/rhel8_cis : Ensure owner on directory /etc/cron.daily/] ***
skipping: [localhost]

TASK [/stigforge/roles/rhel8_cis : Set the file_owner_cron_hourly_newown variable if represented by uid] ***
skipping: [localhost]

TASK [/stigforge/roles/rhel8_cis : Ensure owner on directory /etc/cron.hourly/] ***
skipping: [localhost]

TASK [/stigforge/roles/rhel8_cis : Set the file_owner_cron_monthly_newown variable if represented by uid] ***
skipping: [localhost]

TASK [/stigforge/roles/rhel8_cis : Ensure owner on directory /etc/cron.monthly/] ***
skipping: [localhost]

TASK [/stigforge/roles/rhel8_cis : Set the file_owner_cron_weekly_newown variable if represented by uid] ***
skipping: [localhost]

TASK [/stigforge/roles/rhel8_cis : Ensure owner on directory /etc/cron.weekly/] ***
skipping: [localhost]

TASK [/stigforge/roles/rhel8_cis : Set the file_owner_cron_yearly_newown variable if represented by uid] ***
skipping: [localhost]

TASK [/stigforge/roles/rhel8_cis : Ensure owner on directory /etc/cron.yearly/] ***
skipping: [localhost]

TASK [/stigforge/roles/rhel8_cis : Set the file_owner_crontab_newown variable if represented by uid] ***
skipping: [localhost]

TASK [/stigforge/roles/rhel8_cis : Test for existence /etc/crontab] ************
skipping: [localhost]

TASK [/stigforge/roles/rhel8_cis : Ensure owner on /etc/crontab] ***************
skipping: [localhost]

TASK [/stigforge/roles/rhel8_cis : Find /etc/cron.d/ file(s)] ******************
skipping: [localhost]

TASK [/stigforge/roles/rhel8_cis : Set permissions for /etc/cron.d/ file(s)] ***
skipping: [localhost]

TASK [/stigforge/roles/rhel8_cis : Find /etc/cron.daily/ file(s)] **************
skipping: [localhost]

TASK [/stigforge/roles/rhel8_cis : Set permissions for /etc/cron.daily/ file(s)] ***
skipping: [localhost]

TASK [/stigforge/roles/rhel8_cis : Find /etc/cron.hourly/ file(s)] *************
skipping: [localhost]

TASK [/stigforge/roles/rhel8_cis : Set permissions for /etc/cron.hourly/ file(s)] ***
skipping: [localhost]

TASK [/stigforge/roles/rhel8_cis : Find /etc/cron.monthly/ file(s)] ************
skipping: [localhost]

TASK [/stigforge/roles/rhel8_cis : Set permissions for /etc/cron.monthly/ file(s)] ***
skipping: [localhost]

TASK [/stigforge/roles/rhel8_cis : Find /etc/cron.weekly/ file(s)] *************
skipping: [localhost]

TASK [/stigforge/roles/rhel8_cis : Set permissions for /etc/cron.weekly/ file(s)] ***
skipping: [localhost]

TASK [/stigforge/roles/rhel8_cis : Find /etc/cron.yearly/ file(s)] *************
skipping: [localhost]

TASK [/stigforge/roles/rhel8_cis : Set permissions for /etc/cron.yearly/ file(s)] ***
skipping: [localhost]

TASK [/stigforge/roles/rhel8_cis : Test for existence /etc/crontab] ************
skipping: [localhost]

TASK [/stigforge/roles/rhel8_cis : Ensure permission u-xs,g-xwrs,o-xwrt on /etc/crontab] ***
skipping: [localhost]

TASK [/stigforge/roles/rhel8_cis : Ensure that /etc/at.allow exists - Add empty /etc/at.allow] ***
skipping: [localhost]

TASK [/stigforge/roles/rhel8_cis : Ensure that /etc/at.deny does not exist - Remove /etc/at.deny] ***
skipping: [localhost]

TASK [/stigforge/roles/rhel8_cis : Ensure that /etc/cron.allow exists - Add empty /etc/cron.allow] ***
skipping: [localhost]

TASK [/stigforge/roles/rhel8_cis : Ensure that /etc/cron.deny does not exist - Remove /etc/cron.deny] ***
skipping: [localhost]

TASK [/stigforge/roles/rhel8_cis : Set the file_groupowner_at_allow_newgroup variable if represented by gid] ***
skipping: [localhost]

TASK [/stigforge/roles/rhel8_cis : Test for existence /etc/at.allow] ***********
skipping: [localhost]

TASK [/stigforge/roles/rhel8_cis : Ensure group owner on /etc/at.allow] ********
skipping: [localhost]

TASK [/stigforge/roles/rhel8_cis : Set the file_groupowner_cron_allow_newgroup variable if represented by gid] ***
skipping: [localhost]

TASK [/stigforge/roles/rhel8_cis : Test for existence /etc/cron.allow] *********
skipping: [localhost]

TASK [/stigforge/roles/rhel8_cis : Ensure group owner on /etc/cron.allow] ******
skipping: [localhost]

TASK [/stigforge/roles/rhel8_cis : Set the file_owner_at_allow_newown variable if represented by uid] ***
skipping: [localhost]

TASK [/stigforge/roles/rhel8_cis : Test for existence /etc/at.allow] ***********
skipping: [localhost]

TASK [/stigforge/roles/rhel8_cis : Ensure owner on /etc/at.allow] **************
skipping: [localhost]

TASK [/stigforge/roles/rhel8_cis : Set the file_owner_cron_allow_newown variable if represented by uid] ***
skipping: [localhost]

TASK [/stigforge/roles/rhel8_cis : Test for existence /etc/cron.allow] *********
skipping: [localhost]

TASK [/stigforge/roles/rhel8_cis : Ensure owner on /etc/cron.allow] ************
skipping: [localhost]

TASK [/stigforge/roles/rhel8_cis : Test for existence /etc/at.allow] ***********
skipping: [localhost]

TASK [/stigforge/roles/rhel8_cis : Ensure permission u-xs,g-xws,o-xwrt on /etc/at.allow] ***
skipping: [localhost]

TASK [/stigforge/roles/rhel8_cis : Test for existence /etc/cron.allow] *********
skipping: [localhost]

TASK [/stigforge/roles/rhel8_cis : Ensure permission u-xs,g-xws,o-xwrt on /etc/cron.allow] ***
skipping: [localhost]

TASK [/stigforge/roles/rhel8_cis : Check for duplicate values] *****************
skipping: [localhost]

TASK [/stigforge/roles/rhel8_cis : Deduplicate values from /etc/postfix/main.cf] ***
skipping: [localhost]

TASK [/stigforge/roles/rhel8_cis : Insert correct line to /etc/postfix/main.cf] ***
skipping: [localhost]

TASK [/stigforge/roles/rhel8_cis : Check if chrony main config has active server/pool entries] ***
skipping: [localhost]

TASK [/stigforge/roles/rhel8_cis : Extract sourcedir paths from chrony configuration] ***
skipping: [localhost]

TASK [/stigforge/roles/rhel8_cis : Check for server/pool entries in sourcedir .sources files] ***
skipping: [localhost]

TASK [/stigforge/roles/rhel8_cis : Extract confdir paths from chrony configuration] ***
skipping: [localhost]

TASK [/stigforge/roles/rhel8_cis : Check for server/pool entries in confdir .conf files] ***
skipping: [localhost]

TASK [/stigforge/roles/rhel8_cis : Create sourcedir directory if needed] *******
skipping: [localhost]

TASK [/stigforge/roles/rhel8_cis : Add remote time servers to sourcedir .sources file] ***
skipping: [localhost] => (item=0.rhel.pool.ntp.org) 
skipping: [localhost] => (item=1.rhel.pool.ntp.org) 
skipping: [localhost] => (item=2.rhel.pool.ntp.org) 
skipping: [localhost] => (item=3.rhel.pool.ntp.org) 
skipping: [localhost]

TASK [/stigforge/roles/rhel8_cis : Create confdir directory if needed] *********
skipping: [localhost]

TASK [/stigforge/roles/rhel8_cis : Add remote time servers to confdir .conf file] ***
skipping: [localhost] => (item=0.rhel.pool.ntp.org) 
skipping: [localhost] => (item=1.rhel.pool.ntp.org) 
skipping: [localhost] => (item=2.rhel.pool.ntp.org) 
skipping: [localhost] => (item=3.rhel.pool.ntp.org) 
skipping: [localhost]

TASK [/stigforge/roles/rhel8_cis : Add remote time servers to main chrony configuration] ***
skipping: [localhost] => (item=0.rhel.pool.ntp.org) 
skipping: [localhost] => (item=1.rhel.pool.ntp.org) 
skipping: [localhost] => (item=2.rhel.pool.ntp.org) 
skipping: [localhost] => (item=3.rhel.pool.ntp.org) 
skipping: [localhost]

TASK [/stigforge/roles/rhel8_cis : Detect if file /etc/sysconfig/chronyd is not empty or missing] ***
skipping: [localhost]

TASK [/stigforge/roles/rhel8_cis : Remove any previous configuration of user used to run chronyd process] ***
skipping: [localhost]

TASK [/stigforge/roles/rhel8_cis : Set the file_groupowner_sshd_config_newgroup variable if represented by gid] ***
skipping: [localhost]

TASK [/stigforge/roles/rhel8_cis : Test for existence /etc/ssh/sshd_config] ****
skipping: [localhost]

TASK [/stigforge/roles/rhel8_cis : Ensure group owner on /etc/ssh/sshd_config] ***
skipping: [localhost]

TASK [/stigforge/roles/rhel8_cis : Check that the ssh_keys group is defined] ***
skipping: [localhost]

TASK [/stigforge/roles/rhel8_cis : Set the file_groupownership_sshd_private_key_newgroup variable if ssh_keys found] ***
skipping: [localhost]

TASK [/stigforge/roles/rhel8_cis : Find /etc/ssh/ file(s) matching ^.*_key$] ***
skipping: [localhost]

TASK [/stigforge/roles/rhel8_cis : Ensure group owner on /etc/ssh/ file(s) matching ^.*_key$] ***
skipping: [localhost]

TASK [/stigforge/roles/rhel8_cis : Set the file_groupownership_sshd_pub_key_newgroup variable if represented by gid] ***
skipping: [localhost]

TASK [/stigforge/roles/rhel8_cis : Find /etc/ssh/ file(s) matching ^.*\.pub$] ***
skipping: [localhost]

TASK [/stigforge/roles/rhel8_cis : Ensure group owner on /etc/ssh/ file(s) matching ^.*\.pub$] ***
skipping: [localhost]

TASK [/stigforge/roles/rhel8_cis : Set the file_owner_sshd_config_newown variable if represented by uid] ***
skipping: [localhost]

TASK [/stigforge/roles/rhel8_cis : Test for existence /etc/ssh/sshd_config] ****
skipping: [localhost]

TASK [/stigforge/roles/rhel8_cis : Ensure owner on /etc/ssh/sshd_config] *******
skipping: [localhost]

TASK [/stigforge/roles/rhel8_cis : Set the file_ownership_sshd_private_key_newown variable if represented by uid] ***
skipping: [localhost]

TASK [/stigforge/roles/rhel8_cis : Find /etc/ssh/ file(s) matching ^.*_key$] ***
skipping: [localhost]

TASK [/stigforge/roles/rhel8_cis : Ensure owner on /etc/ssh/ file(s) matching ^.*_key$] ***
skipping: [localhost]

TASK [/stigforge/roles/rhel8_cis : Set the file_ownership_sshd_pub_key_newown variable if represented by uid] ***
skipping: [localhost]

TASK [/stigforge/roles/rhel8_cis : Find /etc/ssh/ file(s) matching ^.*\.pub$] ***
skipping: [localhost]

TASK [/stigforge/roles/rhel8_cis : Ensure owner on /etc/ssh/ file(s) matching ^.*\.pub$] ***
skipping: [localhost]

TASK [/stigforge/roles/rhel8_cis : Test for existence /etc/ssh/sshd_config] ****
skipping: [localhost]

TASK [/stigforge/roles/rhel8_cis : Ensure permission u-xs,g-xwrs,o-xwrt on /etc/ssh/sshd_config] ***
skipping: [localhost]

TASK [/stigforge/roles/rhel8_cis : Find root:root-owned keys] ******************
skipping: [localhost]

TASK [/stigforge/roles/rhel8_cis : Set permissions for root:root-owned keys] ***
skipping: [localhost]

TASK [/stigforge/roles/rhel8_cis : Find root:ssh_keys-owned keys] **************
skipping: [localhost]

TASK [/stigforge/roles/rhel8_cis : Set permissions for root:ssh_keys-owned keys] ***
skipping: [localhost]

TASK [/stigforge/roles/rhel8_cis : Find /etc/ssh/ file(s)] *********************
skipping: [localhost]

TASK [/stigforge/roles/rhel8_cis : Set permissions for /etc/ssh/ file(s)] ******
skipping: [localhost]

TASK [/stigforge/roles/rhel8_cis : Check for duplicate values] *****************
skipping: [localhost]

TASK [/stigforge/roles/rhel8_cis : Deduplicate values from /etc/ssh/sshd_config] ***
skipping: [localhost]

TASK [/stigforge/roles/rhel8_cis : Insert correct line to /etc/ssh/sshd_config] ***
skipping: [localhost]

TASK [/stigforge/roles/rhel8_cis : Check for duplicate values] *****************
skipping: [localhost]

TASK [/stigforge/roles/rhel8_cis : Deduplicate values from /etc/ssh/sshd_config] ***
skipping: [localhost]

TASK [/stigforge/roles/rhel8_cis : Insert correct line to /etc/ssh/sshd_config] ***
skipping: [localhost]

TASK [/stigforge/roles/rhel8_cis : Check for duplicate values] *****************
skipping: [localhost]

TASK [/stigforge/roles/rhel8_cis : Deduplicate values from /etc/ssh/sshd_config] ***
skipping: [localhost]

TASK [/stigforge/roles/rhel8_cis : Insert correct line to /etc/ssh/sshd_config] ***
skipping: [localhost]

TASK [/stigforge/roles/rhel8_cis : Check for duplicate values] *****************
skipping: [localhost]

TASK [/stigforge/roles/rhel8_cis : Deduplicate values from /etc/ssh/sshd_config] ***
skipping: [localhost]

TASK [/stigforge/roles/rhel8_cis : Insert correct line to /etc/ssh/sshd_config] ***
skipping: [localhost]

TASK [/stigforge/roles/rhel8_cis : Check for duplicate values] *****************
skipping: [localhost]

TASK [/stigforge/roles/rhel8_cis : Deduplicate values from /etc/ssh/sshd_config] ***
skipping: [localhost]

TASK [/stigforge/roles/rhel8_cis : Insert correct line to /etc/ssh/sshd_config] ***
skipping: [localhost]

TASK [/stigforge/roles/rhel8_cis : Check for duplicate values] *****************
skipping: [localhost]

TASK [/stigforge/roles/rhel8_cis : Deduplicate values from /etc/ssh/sshd_config] ***
skipping: [localhost]

TASK [/stigforge/roles/rhel8_cis : Insert correct line to /etc/ssh/sshd_config] ***
skipping: [localhost]

TASK [/stigforge/roles/rhel8_cis : Check for duplicate values] *****************
skipping: [localhost]

TASK [/stigforge/roles/rhel8_cis : Deduplicate values from /etc/ssh/sshd_config] ***
skipping: [localhost]

TASK [/stigforge/roles/rhel8_cis : Insert correct line to /etc/ssh/sshd_config] ***
skipping: [localhost]

TASK [/stigforge/roles/rhel8_cis : Check for duplicate values] *****************
skipping: [localhost]

TASK [/stigforge/roles/rhel8_cis : Deduplicate values from /etc/ssh/sshd_config] ***
skipping: [localhost]

TASK [/stigforge/roles/rhel8_cis : Insert correct line to /etc/ssh/sshd_config] ***
skipping: [localhost]

TASK [/stigforge/roles/rhel8_cis : Check for duplicate values] *****************
skipping: [localhost]

TASK [/stigforge/roles/rhel8_cis : Deduplicate values from /etc/ssh/sshd_config] ***
skipping: [localhost]

TASK [/stigforge/roles/rhel8_cis : Insert correct line to /etc/ssh/sshd_config] ***
skipping: [localhost]

TASK [/stigforge/roles/rhel8_cis : Check for duplicate values] *****************
skipping: [localhost]

TASK [/stigforge/roles/rhel8_cis : Deduplicate values from /etc/ssh/sshd_config] ***
skipping: [localhost]

TASK [/stigforge/roles/rhel8_cis : Insert correct line to /etc/ssh/sshd_config] ***
skipping: [localhost]

TASK [/stigforge/roles/rhel8_cis : Check for duplicate values] *****************
skipping: [localhost]

TASK [/stigforge/roles/rhel8_cis : Deduplicate values from /etc/ssh/sshd_config] ***
skipping: [localhost]

TASK [/stigforge/roles/rhel8_cis : Insert correct line to /etc/ssh/sshd_config] ***
skipping: [localhost]

TASK [/stigforge/roles/rhel8_cis : Check for duplicate values] *****************
skipping: [localhost]

TASK [/stigforge/roles/rhel8_cis : Deduplicate values from /etc/ssh/sshd_config] ***
skipping: [localhost]

TASK [/stigforge/roles/rhel8_cis : Insert correct line to /etc/ssh/sshd_config] ***
skipping: [localhost]

TASK [/stigforge/roles/rhel8_cis : Check for duplicate values] *****************
skipping: [localhost]

TASK [/stigforge/roles/rhel8_cis : Deduplicate values from /etc/ssh/sshd_config] ***
skipping: [localhost]

TASK [/stigforge/roles/rhel8_cis : Insert correct line to /etc/ssh/sshd_config] ***
skipping: [localhost]

TASK [/stigforge/roles/rhel8_cis : Check for duplicate values] *****************
skipping: [localhost]

TASK [/stigforge/roles/rhel8_cis : Deduplicate values from /etc/ssh/sshd_config] ***
skipping: [localhost]

TASK [/stigforge/roles/rhel8_cis : Insert correct line to /etc/ssh/sshd_config] ***
skipping: [localhost]

TASK [/stigforge/roles/rhel8_cis : Check for duplicate values] *****************
skipping: [localhost]

TASK [/stigforge/roles/rhel8_cis : Deduplicate values from /etc/ssh/sshd_config] ***
skipping: [localhost]

TASK [/stigforge/roles/rhel8_cis : Insert correct line to /etc/ssh/sshd_config] ***
skipping: [localhost]

TASK [/stigforge/roles/rhel8_cis : Check for duplicate values] *****************
skipping: [localhost]

TASK [/stigforge/roles/rhel8_cis : Deduplicate values from /etc/ssh/sshd_config] ***
skipping: [localhost]

TASK [/stigforge/roles/rhel8_cis : Insert correct line to /etc/ssh/sshd_config] ***
skipping: [localhost]

TASK [/stigforge/roles/rhel8_cis : Check if audit argument is already present in /etc/default/grub] ***
skipping: [localhost]

TASK [/stigforge/roles/rhel8_cis : Check if audit argument is already present] ***
skipping: [localhost]

TASK [/stigforge/roles/rhel8_cis : Update grub defaults and the bootloader menu] ***
skipping: [localhost]

TASK [/stigforge/roles/rhel8_cis : Check if audit_backlog_limit argument is already present in /etc/default/grub] ***
skipping: [localhost]

TASK [/stigforge/roles/rhel8_cis : Check if audit_backlog_limit argument is already present] ***
skipping: [localhost]

TASK [/stigforge/roles/rhel8_cis : Update grub defaults and the bootloader menu] ***
skipping: [localhost]

TASK [/stigforge/roles/rhel8_cis : Ensure the Audit Configuration is Loaded Regardless of Errors - Collect all files from /etc/audit/rules.d with .rules extension] ***
skipping: [localhost]

TASK [/stigforge/roles/rhel8_cis : Ensure the Audit Configuration is Loaded Regardless of Errors - Check if target files exist and get their content] ***
skipping: [localhost] => (item=/etc/audit/audit.rules) 
skipping: [localhost] => (item=/etc/audit/rules.d/01-initialize.rules) 
skipping: [localhost]

TASK [/stigforge/roles/rhel8_cis : Ensure the Audit Configuration is Loaded Regardless of Errors - Read content of existing audit files] ***
skipping: [localhost] => (item={'changed': False, 'skipped': True, 'skip_reason': 'Conditional result was False', 'false_condition': '"audit" in ansible_facts.packages', 'item': '/etc/audit/audit.rules', 'ansible_loop_var': 'item'}) 
skipping: [localhost] => (item={'changed': False, 'skipped': True, 'skip_reason': 'Conditional result was False', 'false_condition': '"audit" in ansible_facts.packages', 'item': '/etc/audit/rules.d/01-initialize.rules', 'ansible_loop_var': 'item'}) 
skipping: [localhost]

TASK [/stigforge/roles/rhel8_cis : Ensure the Audit Configuration is Loaded Regardless of Errors - Check if -c is already correctly set in target files] ***
skipping: [localhost]

TASK [/stigforge/roles/rhel8_cis : Ensure the Audit Configuration is Loaded Regardless of Errors - Remove any existing -c option from all Audit config files] ***
skipping: [localhost]

TASK [/stigforge/roles/rhel8_cis : Ensure the Audit Configuration is Loaded Regardless of Errors - Ensure target directories exist] ***
skipping: [localhost] => (item=/etc/audit/audit.rules) 
skipping: [localhost] => (item=/etc/audit/rules.d/01-initialize.rules) 
skipping: [localhost]

TASK [/stigforge/roles/rhel8_cis : Ensure the Audit Configuration is Loaded Regardless of Errors - Add Audit -c option to make rules continue loading] ***
skipping: [localhost] => (item=/etc/audit/audit.rules) 
skipping: [localhost] => (item=/etc/audit/rules.d/01-initialize.rules) 
skipping: [localhost]

TASK [/stigforge/roles/rhel8_cis : Make the auditd Configuration Immutable - Collect all files from /etc/audit/rules.d with .rules extension] ***
skipping: [localhost]

TASK [/stigforge/roles/rhel8_cis : Make the auditd Configuration Immutable - Check if target files exist and get their content] ***
skipping: [localhost] => (item=/etc/audit/audit.rules) 
skipping: [localhost] => (item=/etc/audit/rules.d/immutable.rules) 
skipping: [localhost]

TASK [/stigforge/roles/rhel8_cis : Make the auditd Configuration Immutable - Read content of existing audit files] ***
skipping: [localhost] => (item={'changed': False, 'skipped': True, 'skip_reason': 'Conditional result was False', 'false_condition': '"audit" in ansible_facts.packages', 'item': '/etc/audit/audit.rules', 'ansible_loop_var': 'item'}) 
skipping: [localhost] => (item={'changed': False, 'skipped': True, 'skip_reason': 'Conditional result was False', 'false_condition': '"audit" in ansible_facts.packages', 'item': '/etc/audit/rules.d/immutable.rules', 'ansible_loop_var': 'item'}) 
skipping: [localhost]

TASK [/stigforge/roles/rhel8_cis : Make the auditd Configuration Immutable - Check if -e 2 is already correctly set in target files] ***
skipping: [localhost]

TASK [/stigforge/roles/rhel8_cis : Make the auditd Configuration Immutable - Remove any existing -e option from all Audit config files] ***
skipping: [localhost]

TASK [/stigforge/roles/rhel8_cis : Make the auditd Configuration Immutable - Ensure target directories exist] ***
skipping: [localhost] => (item=/etc/audit/audit.rules) 
skipping: [localhost] => (item=/etc/audit/rules.d/immutable.rules) 
skipping: [localhost]

TASK [/stigforge/roles/rhel8_cis : Make the auditd Configuration Immutable - Add Audit -e 2 option to make rules immutable] ***
skipping: [localhost] => (item=/etc/audit/audit.rules) 
skipping: [localhost] => (item=/etc/audit/rules.d/immutable.rules) 
skipping: [localhost]

TASK [/stigforge/roles/rhel8_cis : Record Events that Modify the System's Mandatory Access Controls - Check if watch rule for /etc/selinux/ already exists in /etc/audit/rules.d/] ***
skipping: [localhost]

TASK [/stigforge/roles/rhel8_cis : Record Events that Modify the System's Mandatory Access Controls - Search /etc/audit/rules.d for other rules with specified key MAC-policy] ***
skipping: [localhost]

TASK [/stigforge/roles/rhel8_cis : Record Events that Modify the System's Mandatory Access Controls - Use /etc/audit/rules.d/MAC-policy.rules as the recipient for the rule] ***
skipping: [localhost]

TASK [/stigforge/roles/rhel8_cis : Record Events that Modify the System's Mandatory Access Controls - Use matched file as the recipient for the rule] ***
skipping: [localhost]

TASK [/stigforge/roles/rhel8_cis : Record Events that Modify the System's Mandatory Access Controls - Add watch rule for /etc/selinux/ in /etc/audit/rules.d/] ***
skipping: [localhost]

TASK [/stigforge/roles/rhel8_cis : Record Events that Modify the System's Mandatory Access Controls - Check if watch rule for /etc/selinux/ already exists in /etc/audit/audit.rules] ***
skipping: [localhost]

TASK [/stigforge/roles/rhel8_cis : Record Events that Modify the System's Mandatory Access Controls - Add watch rule for /etc/selinux/ in /etc/audit/audit.rules] ***
skipping: [localhost]

TASK [/stigforge/roles/rhel8_cis : Record Events that Modify the System's Mandatory Access Controls in usr/share - Check if watch rule for /usr/share/selinux/ already exists in /etc/audit/rules.d/] ***
skipping: [localhost]

TASK [/stigforge/roles/rhel8_cis : Record Events that Modify the System's Mandatory Access Controls in usr/share - Search /etc/audit/rules.d for other rules with specified key MAC-policy] ***
skipping: [localhost]

TASK [/stigforge/roles/rhel8_cis : Record Events that Modify the System's Mandatory Access Controls in usr/share - Use /etc/audit/rules.d/MAC-policy.rules as the recipient for the rule] ***
skipping: [localhost]

TASK [/stigforge/roles/rhel8_cis : Record Events that Modify the System's Mandatory Access Controls in usr/share - Use matched file as the recipient for the rule] ***
skipping: [localhost]

TASK [/stigforge/roles/rhel8_cis : Record Events that Modify the System's Mandatory Access Controls in usr/share - Add watch rule for /usr/share/selinux/ in /etc/audit/rules.d/] ***
skipping: [localhost]

TASK [/stigforge/roles/rhel8_cis : Record Events that Modify the System's Mandatory Access Controls in usr/share - Check if watch rule for /usr/share/selinux/ already exists in /etc/audit/audit.rules] ***
skipping: [localhost]

TASK [/stigforge/roles/rhel8_cis : Record Events that Modify the System's Mandatory Access Controls in usr/share - Add watch rule for /usr/share/selinux/ in /etc/audit/audit.rules] ***
skipping: [localhost]

TASK [/stigforge/roles/rhel8_cis : Set architecture for audit mount tasks] *****
skipping: [localhost]

TASK [/stigforge/roles/rhel8_cis : Declare list of syscalls] *******************
skipping: [localhost]

TASK [/stigforge/roles/rhel8_cis : Check existence of mount in /etc/audit/rules.d/] ***
skipping: [localhost]

TASK [/stigforge/roles/rhel8_cis : Reset syscalls found per file] **************
skipping: [localhost]

TASK [/stigforge/roles/rhel8_cis : Declare syscalls found per file] ************
skipping: [localhost]

TASK [/stigforge/roles/rhel8_cis : Declare files where syscalls were found] ****
skipping: [localhost]

TASK [/stigforge/roles/rhel8_cis : Count occurrences of syscalls in paths] *****
skipping: [localhost]

TASK [/stigforge/roles/rhel8_cis : Get path with most syscalls] ****************
skipping: [localhost]

TASK [/stigforge/roles/rhel8_cis : No file with syscall found, set path to /etc/audit/rules.d/export.rules] ***
skipping: [localhost]

TASK [/stigforge/roles/rhel8_cis : Declare found syscalls] *********************
skipping: [localhost]

TASK [/stigforge/roles/rhel8_cis : Declare missing syscalls] *******************
skipping: [localhost]

TASK [/stigforge/roles/rhel8_cis : Replace the audit rule in {{ audit_file }}] ***
skipping: [localhost]

TASK [/stigforge/roles/rhel8_cis : Add the audit rule to {{ audit_file }}] *****
skipping: [localhost]

TASK [/stigforge/roles/rhel8_cis : Declare list of syscalls] *******************
skipping: [localhost]

TASK [/stigforge/roles/rhel8_cis : Check existence of mount in /etc/audit/audit.rules] ***
skipping: [localhost]

TASK [/stigforge/roles/rhel8_cis : Set path to /etc/audit/audit.rules] *********
skipping: [localhost]

TASK [/stigforge/roles/rhel8_cis : Declare found syscalls] *********************
skipping: [localhost]

TASK [/stigforge/roles/rhel8_cis : Declare missing syscalls] *******************
skipping: [localhost]

TASK [/stigforge/roles/rhel8_cis : Replace the audit rule in {{ audit_file }}] ***
skipping: [localhost]

TASK [/stigforge/roles/rhel8_cis : Add the audit rule to {{ audit_file }}] *****
skipping: [localhost]

TASK [/stigforge/roles/rhel8_cis : Declare list of syscalls] *******************
skipping: [localhost]

TASK [/stigforge/roles/rhel8_cis : Check existence of mount in /etc/audit/rules.d/] ***
skipping: [localhost]

TASK [/stigforge/roles/rhel8_cis : Reset syscalls found per file] **************
skipping: [localhost]

TASK [/stigforge/roles/rhel8_cis : Declare syscalls found per file] ************
skipping: [localhost]

TASK [/stigforge/roles/rhel8_cis : Declare files where syscalls were found] ****
skipping: [localhost]

TASK [/stigforge/roles/rhel8_cis : Count occurrences of syscalls in paths] *****
skipping: [localhost]

TASK [/stigforge/roles/rhel8_cis : Get path with most syscalls] ****************
skipping: [localhost]

TASK [/stigforge/roles/rhel8_cis : No file with syscall found, set path to /etc/audit/rules.d/export.rules] ***
skipping: [localhost]

TASK [/stigforge/roles/rhel8_cis : Declare found syscalls] *********************
skipping: [localhost]

TASK [/stigforge/roles/rhel8_cis : Declare missing syscalls] *******************
skipping: [localhost]

TASK [/stigforge/roles/rhel8_cis : Replace the audit rule in {{ audit_file }}] ***
skipping: [localhost]

TASK [/stigforge/roles/rhel8_cis : Add the audit rule to {{ audit_file }}] *****
skipping: [localhost]

TASK [/stigforge/roles/rhel8_cis : Declare list of syscalls] *******************
skipping: [localhost]

TASK [/stigforge/roles/rhel8_cis : Check existence of mount in /etc/audit/audit.rules] ***
skipping: [localhost]

TASK [/stigforge/roles/rhel8_cis : Set path to /etc/audit/audit.rules] *********
skipping: [localhost]

TASK [/stigforge/roles/rhel8_cis : Declare found syscalls] *********************
skipping: [localhost]

TASK [/stigforge/roles/rhel8_cis : Declare missing syscalls] *******************
skipping: [localhost]

TASK [/stigforge/roles/rhel8_cis : Replace the audit rule in {{ audit_file }}] ***
skipping: [localhost]

TASK [/stigforge/roles/rhel8_cis : Add the audit rule to {{ audit_file }}] *****
skipping: [localhost]

TASK [/stigforge/roles/rhel8_cis : Set architecture for audit tasks] ***********
skipping: [localhost]

TASK [/stigforge/roles/rhel8_cis : Declare list of syscalls] *******************
skipping: [localhost]

TASK [/stigforge/roles/rhel8_cis : Check existence of sethostname, setdomainname in /etc/audit/rules.d/] ***
skipping: [localhost]

TASK [/stigforge/roles/rhel8_cis : Reset syscalls found per file] **************
skipping: [localhost]

TASK [/stigforge/roles/rhel8_cis : Declare syscalls found per file] ************
skipping: [localhost]

TASK [/stigforge/roles/rhel8_cis : Declare files where syscalls were found] ****
skipping: [localhost]

TASK [/stigforge/roles/rhel8_cis : Count occurrences of syscalls in paths] *****
skipping: [localhost]

TASK [/stigforge/roles/rhel8_cis : Get path with most syscalls] ****************
skipping: [localhost]

TASK [/stigforge/roles/rhel8_cis : No file with syscall found, set path to /etc/audit/rules.d/audit_rules_networkconfig_modification.rules] ***
skipping: [localhost]

TASK [/stigforge/roles/rhel8_cis : Declare found syscalls] *********************
skipping: [localhost]

TASK [/stigforge/roles/rhel8_cis : Declare missing syscalls] *******************
skipping: [localhost]

TASK [/stigforge/roles/rhel8_cis : Replace the audit rule in {{ audit_file }}] ***
skipping: [localhost]

TASK [/stigforge/roles/rhel8_cis : Add the audit rule to {{ audit_file }}] *****
skipping: [localhost]

TASK [/stigforge/roles/rhel8_cis : Declare list of syscalls] *******************
skipping: [localhost]

TASK [/stigforge/roles/rhel8_cis : Check existence of sethostname, setdomainname in /etc/audit/audit.rules] ***
skipping: [localhost]

TASK [/stigforge/roles/rhel8_cis : Set path to /etc/audit/audit.rules] *********
skipping: [localhost]

TASK [/stigforge/roles/rhel8_cis : Declare found syscalls] *********************
skipping: [localhost]

TASK [/stigforge/roles/rhel8_cis : Declare missing syscalls] *******************
skipping: [localhost]

TASK [/stigforge/roles/rhel8_cis : Replace the audit rule in {{ audit_file }}] ***
skipping: [localhost]

TASK [/stigforge/roles/rhel8_cis : Add the audit rule to {{ audit_file }}] *****
skipping: [localhost]

TASK [/stigforge/roles/rhel8_cis : Declare list of syscalls] *******************
skipping: [localhost]

TASK [/stigforge/roles/rhel8_cis : Check existence of sethostname, setdomainname in /etc/audit/rules.d/] ***
skipping: [localhost]

TASK [/stigforge/roles/rhel8_cis : Reset syscalls found per file] **************
skipping: [localhost]

TASK [/stigforge/roles/rhel8_cis : Declare syscalls found per file] ************
skipping: [localhost]

TASK [/stigforge/roles/rhel8_cis : Declare files where syscalls were found] ****
skipping: [localhost]

TASK [/stigforge/roles/rhel8_cis : Count occurrences of syscalls in paths] *****
skipping: [localhost]

TASK [/stigforge/roles/rhel8_cis : Get path with most syscalls] ****************
skipping: [localhost]

TASK [/stigforge/roles/rhel8_cis : No file with syscall found, set path to /etc/audit/rules.d/audit_rules_networkconfig_modification.rules] ***
skipping: [localhost]

TASK [/stigforge/roles/rhel8_cis : Declare found syscalls] *********************
skipping: [localhost]

TASK [/stigforge/roles/rhel8_cis : Declare missing syscalls] *******************
skipping: [localhost]

TASK [/stigforge/roles/rhel8_cis : Replace the audit rule in {{ audit_file }}] ***
skipping: [localhost]

TASK [/stigforge/roles/rhel8_cis : Add the audit rule to {{ audit_file }}] *****
skipping: [localhost]

TASK [/stigforge/roles/rhel8_cis : Declare list of syscalls] *******************
skipping: [localhost]

TASK [/stigforge/roles/rhel8_cis : Check existence of sethostname, setdomainname in /etc/audit/audit.rules] ***
skipping: [localhost]

TASK [/stigforge/roles/rhel8_cis : Set path to /etc/audit/audit.rules] *********
skipping: [localhost]

TASK [/stigforge/roles/rhel8_cis : Declare found syscalls] *********************
skipping: [localhost]

TASK [/stigforge/roles/rhel8_cis : Declare missing syscalls] *******************
skipping: [localhost]

TASK [/stigforge/roles/rhel8_cis : Replace the audit rule in {{ audit_file }}] ***
skipping: [localhost]

TASK [/stigforge/roles/rhel8_cis : Add the audit rule to {{ audit_file }}] *****
skipping: [localhost]

TASK [/stigforge/roles/rhel8_cis : Record Events that Modify the System's Network Environment - Check if watch rule for /etc/issue already exists in /etc/audit/rules.d/] ***
skipping: [localhost]

TASK [/stigforge/roles/rhel8_cis : Record Events that Modify the System's Network Environment - Search /etc/audit/rules.d for other rules with specified key audit_rules_networkconfig_modification] ***
skipping: [localhost]

TASK [/stigforge/roles/rhel8_cis : Record Events that Modify the System's Network Environment - Use /etc/audit/rules.d/audit_rules_networkconfig_modification.rules as the recipient for the rule] ***
skipping: [localhost]

TASK [/stigforge/roles/rhel8_cis : Record Events that Modify the System's Network Environment - Use matched file as the recipient for the rule] ***
skipping: [localhost]

TASK [/stigforge/roles/rhel8_cis : Record Events that Modify the System's Network Environment - Add watch rule for /etc/issue in /etc/audit/rules.d/] ***
skipping: [localhost]

TASK [/stigforge/roles/rhel8_cis : Record Events that Modify the System's Network Environment - Check if watch rule for /etc/issue already exists in /etc/audit/audit.rules] ***
skipping: [localhost]

TASK [/stigforge/roles/rhel8_cis : Record Events that Modify the System's Network Environment - Add watch rule for /etc/issue in /etc/audit/audit.rules] ***
skipping: [localhost]

TASK [/stigforge/roles/rhel8_cis : Record Events that Modify the System's Network Environment - Check if watch rule for /etc/issue.net already exists in /etc/audit/rules.d/] ***
skipping: [localhost]

TASK [/stigforge/roles/rhel8_cis : Record Events that Modify the System's Network Environment - Search /etc/audit/rules.d for other rules with specified key audit_rules_networkconfig_modification] ***
skipping: [localhost]

TASK [/stigforge/roles/rhel8_cis : Record Events that Modify the System's Network Environment - Use /etc/audit/rules.d/audit_rules_networkconfig_modification.rules as the recipient for the rule] ***
skipping: [localhost]

TASK [/stigforge/roles/rhel8_cis : Record Events that Modify the System's Network Environment - Use matched file as the recipient for the rule] ***
skipping: [localhost]

TASK [/stigforge/roles/rhel8_cis : Record Events that Modify the System's Network Environment - Add watch rule for /etc/issue.net in /etc/audit/rules.d/] ***
skipping: [localhost]

TASK [/stigforge/roles/rhel8_cis : Record Events that Modify the System's Network Environment - Check if watch rule for /etc/issue.net already exists in /etc/audit/audit.rules] ***
skipping: [localhost]

TASK [/stigforge/roles/rhel8_cis : Record Events that Modify the System's Network Environment - Add watch rule for /etc/issue.net in /etc/audit/audit.rules] ***
skipping: [localhost]

TASK [/stigforge/roles/rhel8_cis : Record Events that Modify the System's Network Environment - Check if watch rule for /etc/hosts already exists in /etc/audit/rules.d/] ***
skipping: [localhost]

TASK [/stigforge/roles/rhel8_cis : Record Events that Modify the System's Network Environment - Search /etc/audit/rules.d for other rules with specified key audit_rules_networkconfig_modification] ***
skipping: [localhost]

TASK [/stigforge/roles/rhel8_cis : Record Events that Modify the System's Network Environment - Use /etc/audit/rules.d/audit_rules_networkconfig_modification.rules as the recipient for the rule] ***
skipping: [localhost]

TASK [/stigforge/roles/rhel8_cis : Record Events that Modify the System's Network Environment - Use matched file as the recipient for the rule] ***
skipping: [localhost]

TASK [/stigforge/roles/rhel8_cis : Record Events that Modify the System's Network Environment - Add watch rule for /etc/hosts in /etc/audit/rules.d/] ***
skipping: [localhost]

TASK [/stigforge/roles/rhel8_cis : Record Events that Modify the System's Network Environment - Check if watch rule for /etc/hosts already exists in /etc/audit/audit.rules] ***
skipping: [localhost]

TASK [/stigforge/roles/rhel8_cis : Record Events that Modify the System's Network Environment - Add watch rule for /etc/hosts in /etc/audit/audit.rules] ***
skipping: [localhost]

TASK [/stigforge/roles/rhel8_cis : Record Events that Modify the System's Network Environment - Check if watch rule for /etc/sysconfig/network already exists in /etc/audit/rules.d/] ***
skipping: [localhost]

TASK [/stigforge/roles/rhel8_cis : Record Events that Modify the System's Network Environment - Search /etc/audit/rules.d for other rules with specified key audit_rules_networkconfig_modification] ***
skipping: [localhost]

TASK [/stigforge/roles/rhel8_cis : Record Events that Modify the System's Network Environment - Use /etc/audit/rules.d/audit_rules_networkconfig_modification.rules as the recipient for the rule] ***
skipping: [localhost]

TASK [/stigforge/roles/rhel8_cis : Record Events that Modify the System's Network Environment - Use matched file as the recipient for the rule] ***
skipping: [localhost]

TASK [/stigforge/roles/rhel8_cis : Record Events that Modify the System's Network Environment - Add watch rule for /etc/sysconfig/network in /etc/audit/rules.d/] ***
skipping: [localhost]

TASK [/stigforge/roles/rhel8_cis : Record Events that Modify the System's Network Environment - Check if watch rule for /etc/sysconfig/network already exists in /etc/audit/audit.rules] ***
skipping: [localhost]

TASK [/stigforge/roles/rhel8_cis : Record Events that Modify the System's Network Environment - Add watch rule for /etc/sysconfig/network in /etc/audit/audit.rules] ***
skipping: [localhost]

TASK [/stigforge/roles/rhel8_cis : Record Events that Modify the System's Network Environment - /etc/sysconfig/network-scripts - Check if watch rule for /etc/sysconfig/network-scripts already exists in /etc/audit/rules.d/] ***
skipping: [localhost]

TASK [/stigforge/roles/rhel8_cis : Record Events that Modify the System's Network Environment - /etc/sysconfig/network-scripts - Search /etc/audit/rules.d for other rules with specified key system-locale] ***
skipping: [localhost]

TASK [/stigforge/roles/rhel8_cis : Record Events that Modify the System's Network Environment - /etc/sysconfig/network-scripts - Use /etc/audit/rules.d/system-locale.rules as the recipient for the rule] ***
skipping: [localhost]

TASK [/stigforge/roles/rhel8_cis : Record Events that Modify the System's Network Environment - /etc/sysconfig/network-scripts - Use matched file as the recipient for the rule] ***
skipping: [localhost]

TASK [/stigforge/roles/rhel8_cis : Record Events that Modify the System's Network Environment - /etc/sysconfig/network-scripts - Add watch rule for /etc/sysconfig/network-scripts in /etc/audit/rules.d/] ***
skipping: [localhost]

TASK [/stigforge/roles/rhel8_cis : Record Events that Modify the System's Network Environment - /etc/sysconfig/network-scripts - Check if watch rule for /etc/sysconfig/network-scripts already exists in /etc/audit/audit.rules] ***
skipping: [localhost]

TASK [/stigforge/roles/rhel8_cis : Record Events that Modify the System's Network Environment - /etc/sysconfig/network-scripts - Add watch rule for /etc/sysconfig/network-scripts in /etc/audit/audit.rules] ***
skipping: [localhost]

TASK [/stigforge/roles/rhel8_cis : Record Attempts to Alter Process and Session Initiation Information btmp - Check if watch rule for /var/log/btmp already exists in /etc/audit/rules.d/] ***
skipping: [localhost]

TASK [/stigforge/roles/rhel8_cis : Record Attempts to Alter Process and Session Initiation Information btmp - Search /etc/audit/rules.d for other rules with specified key session] ***
skipping: [localhost]

TASK [/stigforge/roles/rhel8_cis : Record Attempts to Alter Process and Session Initiation Information btmp - Use /etc/audit/rules.d/session.rules as the recipient for the rule] ***
skipping: [localhost]

TASK [/stigforge/roles/rhel8_cis : Record Attempts to Alter Process and Session Initiation Information btmp - Use matched file as the recipient for the rule] ***
skipping: [localhost]

TASK [/stigforge/roles/rhel8_cis : Record Attempts to Alter Process and Session Initiation Information btmp - Add watch rule for /var/log/btmp in /etc/audit/rules.d/] ***
skipping: [localhost]

TASK [/stigforge/roles/rhel8_cis : Record Attempts to Alter Process and Session Initiation Information btmp - Check if watch rule for /var/log/btmp already exists in /etc/audit/audit.rules] ***
skipping: [localhost]

TASK [/stigforge/roles/rhel8_cis : Record Attempts to Alter Process and Session Initiation Information btmp - Add watch rule for /var/log/btmp in /etc/audit/audit.rules] ***
skipping: [localhost]

TASK [/stigforge/roles/rhel8_cis : Record Attempts to Alter Process and Session Initiation Information utmp - Check if watch rule for /var/run/utmp already exists in /etc/audit/rules.d/] ***
skipping: [localhost]

TASK [/stigforge/roles/rhel8_cis : Record Attempts to Alter Process and Session Initiation Information utmp - Search /etc/audit/rules.d for other rules with specified key session] ***
skipping: [localhost]

TASK [/stigforge/roles/rhel8_cis : Record Attempts to Alter Process and Session Initiation Information utmp - Use /etc/audit/rules.d/session.rules as the recipient for the rule] ***
skipping: [localhost]

TASK [/stigforge/roles/rhel8_cis : Record Attempts to Alter Process and Session Initiation Information utmp - Use matched file as the recipient for the rule] ***
skipping: [localhost]

TASK [/stigforge/roles/rhel8_cis : Record Attempts to Alter Process and Session Initiation Information utmp - Add watch rule for /var/run/utmp in /etc/audit/rules.d/] ***
skipping: [localhost]

TASK [/stigforge/roles/rhel8_cis : Record Attempts to Alter Process and Session Initiation Information utmp - Check if watch rule for /var/run/utmp already exists in /etc/audit/audit.rules] ***
skipping: [localhost]

TASK [/stigforge/roles/rhel8_cis : Record Attempts to Alter Process and Session Initiation Information utmp - Add watch rule for /var/run/utmp in /etc/audit/audit.rules] ***
skipping: [localhost]

TASK [/stigforge/roles/rhel8_cis : Record Attempts to Alter Process and Session Initiation Information wtmp - Check if watch rule for /var/log/wtmp already exists in /etc/audit/rules.d/] ***
skipping: [localhost]

TASK [/stigforge/roles/rhel8_cis : Record Attempts to Alter Process and Session Initiation Information wtmp - Search /etc/audit/rules.d for other rules with specified key session] ***
skipping: [localhost]

TASK [/stigforge/roles/rhel8_cis : Record Attempts to Alter Process and Session Initiation Information wtmp - Use /etc/audit/rules.d/session.rules as the recipient for the rule] ***
skipping: [localhost]

TASK [/stigforge/roles/rhel8_cis : Record Attempts to Alter Process and Session Initiation Information wtmp - Use matched file as the recipient for the rule] ***
skipping: [localhost]

TASK [/stigforge/roles/rhel8_cis : Record Attempts to Alter Process and Session Initiation Information wtmp - Add watch rule for /var/log/wtmp in /etc/audit/rules.d/] ***
skipping: [localhost]

TASK [/stigforge/roles/rhel8_cis : Record Attempts to Alter Process and Session Initiation Information wtmp - Check if watch rule for /var/log/wtmp already exists in /etc/audit/audit.rules] ***
skipping: [localhost]

TASK [/stigforge/roles/rhel8_cis : Record Attempts to Alter Process and Session Initiation Information wtmp - Add watch rule for /var/log/wtmp in /etc/audit/audit.rules] ***
skipping: [localhost]

TASK [/stigforge/roles/rhel8_cis : Check the rules script being used] **********
skipping: [localhost]

TASK [/stigforge/roles/rhel8_cis : Set suid_audit_rules fact] ******************
skipping: [localhost]

TASK [/stigforge/roles/rhel8_cis : Update /etc/audit/rules.d/user_emulation.rules to audit privileged functions] ***
skipping: [localhost]

TASK [/stigforge/roles/rhel8_cis : Update Update /etc/audit/audit.rules to audit privileged functions] ***
skipping: [localhost]

TASK [/stigforge/roles/rhel8_cis : Restart Auditd] *****************************
skipping: [localhost]

TASK [/stigforge/roles/rhel8_cis : Ensure auditd Collects System Administrator Actions - Check if watch rule for /etc/sudoers already exists in /etc/audit/audit.rules] ***
skipping: [localhost]

TASK [/stigforge/roles/rhel8_cis : Ensure auditd Collects System Administrator Actions - Add watch rule for /etc/sudoers in /etc/audit/audit.rules] ***
skipping: [localhost]

TASK [/stigforge/roles/rhel8_cis : Ensure auditd Collects System Administrator Actions - Check if watch rule for /etc/sudoers already exists in /etc/audit/rules.d/] ***
skipping: [localhost]

TASK [/stigforge/roles/rhel8_cis : Ensure auditd Collects System Administrator Actions - Search /etc/audit/rules.d for other rules with specified key actions] ***
skipping: [localhost]

TASK [/stigforge/roles/rhel8_cis : Ensure auditd Collects System Administrator Actions - Use /etc/audit/rules.d/actions.rules as the recipient for the rule] ***
skipping: [localhost]

TASK [/stigforge/roles/rhel8_cis : Ensure auditd Collects System Administrator Actions - Use matched file as the recipient for the rule] ***
skipping: [localhost]

TASK [/stigforge/roles/rhel8_cis : Ensure auditd Collects System Administrator Actions - Add watch rule for /etc/sudoers in /etc/audit/rules.d/] ***
skipping: [localhost]

TASK [/stigforge/roles/rhel8_cis : Ensure auditd Collects System Administrator Actions - Check if watch rule for /etc/sudoers.d/ already exists in /etc/audit/audit.rules] ***
skipping: [localhost]

TASK [/stigforge/roles/rhel8_cis : Ensure auditd Collects System Administrator Actions - Add watch rule for /etc/sudoers.d/ in /etc/audit/audit.rules] ***
skipping: [localhost]

TASK [/stigforge/roles/rhel8_cis : Ensure auditd Collects System Administrator Actions - Check if watch rule for /etc/sudoers.d/ already exists in /etc/audit/rules.d/] ***
skipping: [localhost]

TASK [/stigforge/roles/rhel8_cis : Ensure auditd Collects System Administrator Actions - Search /etc/audit/rules.d for other rules with specified key actions] ***
skipping: [localhost]

TASK [/stigforge/roles/rhel8_cis : Ensure auditd Collects System Administrator Actions - Use /etc/audit/rules.d/actions.rules as the recipient for the rule] ***
skipping: [localhost]

TASK [/stigforge/roles/rhel8_cis : Ensure auditd Collects System Administrator Actions - Use matched file as the recipient for the rule] ***
skipping: [localhost]

TASK [/stigforge/roles/rhel8_cis : Ensure auditd Collects System Administrator Actions - Add watch rule for /etc/sudoers.d/ in /etc/audit/rules.d/] ***
skipping: [localhost]

TASK [/stigforge/roles/rhel8_cis : Record Events that Modify User/Group Information - /etc/group - Check if watch rule for /etc/group already exists in /etc/audit/rules.d/] ***
skipping: [localhost]

TASK [/stigforge/roles/rhel8_cis : Record Events that Modify User/Group Information - /etc/group - Search /etc/audit/rules.d for other rules with specified key audit_rules_usergroup_modification] ***
skipping: [localhost]

TASK [/stigforge/roles/rhel8_cis : Record Events that Modify User/Group Information - /etc/group - Use /etc/audit/rules.d/audit_rules_usergroup_modification.rules as the recipient for the rule] ***
skipping: [localhost]

TASK [/stigforge/roles/rhel8_cis : Record Events that Modify User/Group Information - /etc/group - Use matched file as the recipient for the rule] ***
skipping: [localhost]

TASK [/stigforge/roles/rhel8_cis : Record Events that Modify User/Group Information - /etc/group - Add watch rule for /etc/group in /etc/audit/rules.d/] ***
skipping: [localhost]

TASK [/stigforge/roles/rhel8_cis : Record Events that Modify User/Group Information - /etc/group - Check if watch rule for /etc/group already exists in /etc/audit/audit.rules] ***
skipping: [localhost]

TASK [/stigforge/roles/rhel8_cis : Record Events that Modify User/Group Information - /etc/group - Add watch rule for /etc/group in /etc/audit/audit.rules] ***
skipping: [localhost]

TASK [/stigforge/roles/rhel8_cis : Record Events that Modify User/Group Information - /etc/gshadow - Check if watch rule for /etc/gshadow already exists in /etc/audit/rules.d/] ***
skipping: [localhost]

TASK [/stigforge/roles/rhel8_cis : Record Events that Modify User/Group Information - /etc/gshadow - Search /etc/audit/rules.d for other rules with specified key audit_rules_usergroup_modification] ***
skipping: [localhost]

TASK [/stigforge/roles/rhel8_cis : Record Events that Modify User/Group Information - /etc/gshadow - Use /etc/audit/rules.d/audit_rules_usergroup_modification.rules as the recipient for the rule] ***
skipping: [localhost]

TASK [/stigforge/roles/rhel8_cis : Record Events that Modify User/Group Information - /etc/gshadow - Use matched file as the recipient for the rule] ***
skipping: [localhost]

TASK [/stigforge/roles/rhel8_cis : Record Events that Modify User/Group Information - /etc/gshadow - Add watch rule for /etc/gshadow in /etc/audit/rules.d/] ***
skipping: [localhost]

TASK [/stigforge/roles/rhel8_cis : Record Events that Modify User/Group Information - /etc/gshadow - Check if watch rule for /etc/gshadow already exists in /etc/audit/audit.rules] ***
skipping: [localhost]

TASK [/stigforge/roles/rhel8_cis : Record Events that Modify User/Group Information - /etc/gshadow - Add watch rule for /etc/gshadow in /etc/audit/audit.rules] ***
skipping: [localhost]

TASK [/stigforge/roles/rhel8_cis : Record Events that Modify User/Group Information - /etc/nsswitch.conf - Check if watch rule for /etc/nsswitch.conf already exists in /etc/audit/rules.d/] ***
skipping: [localhost]

TASK [/stigforge/roles/rhel8_cis : Record Events that Modify User/Group Information - /etc/nsswitch.conf - Search /etc/audit/rules.d for other rules with specified key audit_rules_usergroup_modification] ***
skipping: [localhost]

TASK [/stigforge/roles/rhel8_cis : Record Events that Modify User/Group Information - /etc/nsswitch.conf - Use /etc/audit/rules.d/audit_rules_usergroup_modification.rules as the recipient for the rule] ***
skipping: [localhost]

TASK [/stigforge/roles/rhel8_cis : Record Events that Modify User/Group Information - /etc/nsswitch.conf - Use matched file as the recipient for the rule] ***
skipping: [localhost]

TASK [/stigforge/roles/rhel8_cis : Record Events that Modify User/Group Information - /etc/nsswitch.conf - Add watch rule for /etc/nsswitch.conf in /etc/audit/rules.d/] ***
skipping: [localhost]

TASK [/stigforge/roles/rhel8_cis : Record Events that Modify User/Group Information - /etc/nsswitch.conf - Check if watch rule for /etc/nsswitch.conf already exists in /etc/audit/audit.rules] ***
skipping: [localhost]

TASK [/stigforge/roles/rhel8_cis : Record Events that Modify User/Group Information - /etc/nsswitch.conf - Add watch rule for /etc/nsswitch.conf in /etc/audit/audit.rules] ***
skipping: [localhost]

TASK [/stigforge/roles/rhel8_cis : Record Events that Modify User/Group Information - /etc/security/opasswd - Check if watch rule for /etc/security/opasswd already exists in /etc/audit/rules.d/] ***
skipping: [localhost]

TASK [/stigforge/roles/rhel8_cis : Record Events that Modify User/Group Information - /etc/security/opasswd - Search /etc/audit/rules.d for other rules with specified key audit_rules_usergroup_modification] ***
skipping: [localhost]

TASK [/stigforge/roles/rhel8_cis : Record Events that Modify User/Group Information - /etc/security/opasswd - Use /etc/audit/rules.d/audit_rules_usergroup_modification.rules as the recipient for the rule] ***
skipping: [localhost]

TASK [/stigforge/roles/rhel8_cis : Record Events that Modify User/Group Information - /etc/security/opasswd - Use matched file as the recipient for the rule] ***
skipping: [localhost]

TASK [/stigforge/roles/rhel8_cis : Record Events that Modify User/Group Information - /etc/security/opasswd - Add watch rule for /etc/security/opasswd in /etc/audit/rules.d/] ***
skipping: [localhost]

TASK [/stigforge/roles/rhel8_cis : Record Events that Modify User/Group Information - /etc/security/opasswd - Check if watch rule for /etc/security/opasswd already exists in /etc/audit/audit.rules] ***
skipping: [localhost]

TASK [/stigforge/roles/rhel8_cis : Record Events that Modify User/Group Information - /etc/security/opasswd - Add watch rule for /etc/security/opasswd in /etc/audit/audit.rules] ***
skipping: [localhost]

TASK [/stigforge/roles/rhel8_cis : Record Events that Modify User/Group Information - /etc/pam.conf - Check if watch rule for /etc/pam.conf already exists in /etc/audit/rules.d/] ***
skipping: [localhost]

TASK [/stigforge/roles/rhel8_cis : Record Events that Modify User/Group Information - /etc/pam.conf - Search /etc/audit/rules.d for other rules with specified key audit_rules_usergroup_modification] ***
skipping: [localhost]

TASK [/stigforge/roles/rhel8_cis : Record Events that Modify User/Group Information - /etc/pam.conf - Use /etc/audit/rules.d/audit_rules_usergroup_modification.rules as the recipient for the rule] ***
skipping: [localhost]

TASK [/stigforge/roles/rhel8_cis : Record Events that Modify User/Group Information - /etc/pam.conf - Use matched file as the recipient for the rule] ***
skipping: [localhost]

TASK [/stigforge/roles/rhel8_cis : Record Events that Modify User/Group Information - /etc/pam.conf - Add watch rule for /etc/pam.conf in /etc/audit/rules.d/] ***
skipping: [localhost]

TASK [/stigforge/roles/rhel8_cis : Record Events that Modify User/Group Information - /etc/pam.conf - Check if watch rule for /etc/pam.conf already exists in /etc/audit/audit.rules] ***
skipping: [localhost]

TASK [/stigforge/roles/rhel8_cis : Record Events that Modify User/Group Information - /etc/pam.conf - Add watch rule for /etc/pam.conf in /etc/audit/audit.rules] ***
skipping: [localhost]

TASK [/stigforge/roles/rhel8_cis : Record Events that Modify User/Group Information - /etc/pam.d/ - Check if watch rule for /etc/pam.d/ already exists in /etc/audit/rules.d/] ***
skipping: [localhost]

TASK [/stigforge/roles/rhel8_cis : Record Events that Modify User/Group Information - /etc/pam.d/ - Search /etc/audit/rules.d for other rules with specified key audit_rules_usergroup_modification] ***
skipping: [localhost]

TASK [/stigforge/roles/rhel8_cis : Record Events that Modify User/Group Information - /etc/pam.d/ - Use /etc/audit/rules.d/audit_rules_usergroup_modification.rules as the recipient for the rule] ***
skipping: [localhost]

TASK [/stigforge/roles/rhel8_cis : Record Events that Modify User/Group Information - /etc/pam.d/ - Use matched file as the recipient for the rule] ***
skipping: [localhost]

TASK [/stigforge/roles/rhel8_cis : Record Events that Modify User/Group Information - /etc/pam.d/ - Add watch rule for /etc/pam.d/ in /etc/audit/rules.d/] ***
skipping: [localhost]

TASK [/stigforge/roles/rhel8_cis : Record Events that Modify User/Group Information - /etc/pam.d/ - Check if watch rule for /etc/pam.d/ already exists in /etc/audit/audit.rules] ***
skipping: [localhost]

TASK [/stigforge/roles/rhel8_cis : Record Events that Modify User/Group Information - /etc/pam.d/ - Add watch rule for /etc/pam.d/ in /etc/audit/audit.rules] ***
skipping: [localhost]

TASK [/stigforge/roles/rhel8_cis : Record Events that Modify User/Group Information - /etc/passwd - Check if watch rule for /etc/passwd already exists in /etc/audit/rules.d/] ***
skipping: [localhost]

TASK [/stigforge/roles/rhel8_cis : Record Events that Modify User/Group Information - /etc/passwd - Search /etc/audit/rules.d for other rules with specified key audit_rules_usergroup_modification] ***
skipping: [localhost]

TASK [/stigforge/roles/rhel8_cis : Record Events that Modify User/Group Information - /etc/passwd - Use /etc/audit/rules.d/audit_rules_usergroup_modification.rules as the recipient for the rule] ***
skipping: [localhost]

TASK [/stigforge/roles/rhel8_cis : Record Events that Modify User/Group Information - /etc/passwd - Use matched file as the recipient for the rule] ***
skipping: [localhost]

TASK [/stigforge/roles/rhel8_cis : Record Events that Modify User/Group Information - /etc/passwd - Add watch rule for /etc/passwd in /etc/audit/rules.d/] ***
skipping: [localhost]

TASK [/stigforge/roles/rhel8_cis : Record Events that Modify User/Group Information - /etc/passwd - Check if watch rule for /etc/passwd already exists in /etc/audit/audit.rules] ***
skipping: [localhost]

TASK [/stigforge/roles/rhel8_cis : Record Events that Modify User/Group Information - /etc/passwd - Add watch rule for /etc/passwd in /etc/audit/audit.rules] ***
skipping: [localhost]

TASK [/stigforge/roles/rhel8_cis : Record Events that Modify User/Group Information - /etc/shadow - Check if watch rule for /etc/shadow already exists in /etc/audit/rules.d/] ***
skipping: [localhost]

TASK [/stigforge/roles/rhel8_cis : Record Events that Modify User/Group Information - /etc/shadow - Search /etc/audit/rules.d for other rules with specified key audit_rules_usergroup_modification] ***
skipping: [localhost]

TASK [/stigforge/roles/rhel8_cis : Record Events that Modify User/Group Information - /etc/shadow - Use /etc/audit/rules.d/audit_rules_usergroup_modification.rules as the recipient for the rule] ***
skipping: [localhost]

TASK [/stigforge/roles/rhel8_cis : Record Events that Modify User/Group Information - /etc/shadow - Use matched file as the recipient for the rule] ***
skipping: [localhost]

TASK [/stigforge/roles/rhel8_cis : Record Events that Modify User/Group Information - /etc/shadow - Add watch rule for /etc/shadow in /etc/audit/rules.d/] ***
skipping: [localhost]

TASK [/stigforge/roles/rhel8_cis : Record Events that Modify User/Group Information - /etc/shadow - Check if watch rule for /etc/shadow already exists in /etc/audit/audit.rules] ***
skipping: [localhost]

TASK [/stigforge/roles/rhel8_cis : Record Events that Modify User/Group Information - /etc/shadow - Add watch rule for /etc/shadow in /etc/audit/audit.rules] ***
skipping: [localhost]

TASK [/stigforge/roles/rhel8_cis : Record Attempts to perform maintenance activities - Check if watch rule for /var/log/sudo.log already exists in /etc/audit/rules.d/] ***
skipping: [localhost]

TASK [/stigforge/roles/rhel8_cis : Record Attempts to perform maintenance activities - Search /etc/audit/rules.d for other rules with specified key maintenance] ***
skipping: [localhost]

TASK [/stigforge/roles/rhel8_cis : Record Attempts to perform maintenance activities - Use /etc/audit/rules.d/maintenance.rules as the recipient for the rule] ***
skipping: [localhost]

TASK [/stigforge/roles/rhel8_cis : Record Attempts to perform maintenance activities - Use matched file as the recipient for the rule] ***
skipping: [localhost]

TASK [/stigforge/roles/rhel8_cis : Record Attempts to perform maintenance activities - Add watch rule for /var/log/sudo.log in /etc/audit/rules.d/] ***
skipping: [localhost]

TASK [/stigforge/roles/rhel8_cis : Record Attempts to perform maintenance activities - Check if watch rule for /var/log/sudo.log already exists in /etc/audit/audit.rules] ***
skipping: [localhost]

TASK [/stigforge/roles/rhel8_cis : Record Attempts to perform maintenance activities - Add watch rule for /var/log/sudo.log in /etc/audit/audit.rules] ***
skipping: [localhost]

TASK [/stigforge/roles/rhel8_cis : System Audit Logs Must Have Mode 0750 or Less Permissive - Get audit log file from /etc/audit/auditd.conf] ***
skipping: [localhost]

TASK [/stigforge/roles/rhel8_cis : System Audit Logs Must Have Mode 0750 or Less Permissive - Set audit log directory path] ***
skipping: [localhost]

TASK [/stigforge/roles/rhel8_cis : System Audit Logs Must Have Mode 0750 or Less Permissive - Get audit log group from /etc/audit/auditd.conf] ***
skipping: [localhost]

TASK [/stigforge/roles/rhel8_cis : System Audit Logs Must Have Mode 0750 or Less Permissive - Set audit log group] ***
skipping: [localhost]

TASK [/stigforge/roles/rhel8_cis : System Audit Logs Must Have Mode 0750 or Less Permissive - Set audit log directory permissions] ***
skipping: [localhost]

TASK [/stigforge/roles/rhel8_cis : Set the file_groupownership_audit_configuration_newgroup variable if represented by gid] ***
skipping: [localhost]

TASK [/stigforge/roles/rhel8_cis : Find /etc/audit/ file(s) matching ^.*audit(\.rules|d\.conf)$] ***
skipping: [localhost]

TASK [/stigforge/roles/rhel8_cis : Ensure group owner on /etc/audit/ file(s) matching ^.*audit(\.rules|d\.conf)$] ***
skipping: [localhost]

TASK [/stigforge/roles/rhel8_cis : Find /etc/audit/rules.d/ file(s) matching ^.*\.rules$] ***
skipping: [localhost]

TASK [/stigforge/roles/rhel8_cis : Ensure group owner on /etc/audit/rules.d/ file(s) matching ^.*\.rules$] ***
skipping: [localhost]

TASK [/stigforge/roles/rhel8_cis : Set the file_ownership_audit_configuration_newown variable if represented by uid] ***
skipping: [localhost]

TASK [/stigforge/roles/rhel8_cis : Find /etc/audit/ file(s) matching ^.*audit(\.rules|d\.conf)$] ***
skipping: [localhost]

TASK [/stigforge/roles/rhel8_cis : Ensure owner on /etc/audit/ file(s) matching ^.*audit(\.rules|d\.conf)$] ***
skipping: [localhost]

TASK [/stigforge/roles/rhel8_cis : Find /etc/audit/rules.d/ file(s) matching ^.*\.rules$] ***
skipping: [localhost]

TASK [/stigforge/roles/rhel8_cis : Ensure owner on /etc/audit/rules.d/ file(s) matching ^.*\.rules$] ***
skipping: [localhost]

TASK [/stigforge/roles/rhel8_cis : Find /etc/audit/ file(s)] *******************
skipping: [localhost]

TASK [/stigforge/roles/rhel8_cis : Set permissions for /etc/audit/ file(s)] ****
skipping: [localhost]

TASK [/stigforge/roles/rhel8_cis : Find /etc/audit/rules.d/ file(s)] ***********
skipping: [localhost]

TASK [/stigforge/roles/rhel8_cis : Set permissions for /etc/audit/rules.d/ file(s)] ***
skipping: [localhost]

TASK [/stigforge/roles/rhel8_cis : System Audit Logs Must Have Mode 0640 or Less Permissive - Get audit log file from /etc/audit/auditd.conf] ***
skipping: [localhost]

TASK [/stigforge/roles/rhel8_cis : System Audit Logs Must Have Mode 0640 or Less Permissive - Set audit log file path] ***
skipping: [localhost]

TASK [/stigforge/roles/rhel8_cis : System Audit Logs Must Have Mode 0640 or Less Permissive - Get audit log group from /etc/audit/auditd.conf] ***
skipping: [localhost]

TASK [/stigforge/roles/rhel8_cis : System Audit Logs Must Have Mode 0640 or Less Permissive - Set audit log group] ***
skipping: [localhost]

TASK [/stigforge/roles/rhel8_cis : System Audit Logs Must Have Mode 0640 or Less Permissive - Set audit log file permissions] ***
skipping: [localhost]

TASK [/stigforge/roles/rhel8_cis : Set architecture for audit chmod tasks] *****
skipping: [localhost]

TASK [/stigforge/roles/rhel8_cis : Declare list of syscalls] *******************
skipping: [localhost]

TASK [/stigforge/roles/rhel8_cis : Check existence of chmod in /etc/audit/rules.d/] ***
skipping: [localhost]

TASK [/stigforge/roles/rhel8_cis : Reset syscalls found per file] **************
skipping: [localhost]

TASK [/stigforge/roles/rhel8_cis : Declare syscalls found per file] ************
skipping: [localhost]

TASK [/stigforge/roles/rhel8_cis : Declare files where syscalls were found] ****
skipping: [localhost]

TASK [/stigforge/roles/rhel8_cis : Count occurrences of syscalls in paths] *****
skipping: [localhost]

TASK [/stigforge/roles/rhel8_cis : Get path with most syscalls] ****************
skipping: [localhost]

TASK [/stigforge/roles/rhel8_cis : No file with syscall found, set path to /etc/audit/rules.d/perm_mod.rules] ***
skipping: [localhost]

TASK [/stigforge/roles/rhel8_cis : Declare found syscalls] *********************
skipping: [localhost]

TASK [/stigforge/roles/rhel8_cis : Declare missing syscalls] *******************
skipping: [localhost]

TASK [/stigforge/roles/rhel8_cis : Replace the audit rule in {{ audit_file }}] ***
skipping: [localhost]

TASK [/stigforge/roles/rhel8_cis : Add the audit rule to {{ audit_file }}] *****
skipping: [localhost]

TASK [/stigforge/roles/rhel8_cis : Declare list of syscalls] *******************
skipping: [localhost]

TASK [/stigforge/roles/rhel8_cis : Check existence of chmod in /etc/audit/audit.rules] ***
skipping: [localhost]

TASK [/stigforge/roles/rhel8_cis : Set path to /etc/audit/audit.rules] *********
skipping: [localhost]

TASK [/stigforge/roles/rhel8_cis : Declare found syscalls] *********************
skipping: [localhost]

TASK [/stigforge/roles/rhel8_cis : Declare missing syscalls] *******************
skipping: [localhost]

TASK [/stigforge/roles/rhel8_cis : Replace the audit rule in {{ audit_file }}] ***
skipping: [localhost]

TASK [/stigforge/roles/rhel8_cis : Add the audit rule to {{ audit_file }}] *****
skipping: [localhost]

TASK [/stigforge/roles/rhel8_cis : Declare list of syscalls] *******************
skipping: [localhost]

TASK [/stigforge/roles/rhel8_cis : Check existence of chmod in /etc/audit/rules.d/] ***
skipping: [localhost]

TASK [/stigforge/roles/rhel8_cis : Reset syscalls found per file] **************
skipping: [localhost]

TASK [/stigforge/roles/rhel8_cis : Declare syscalls found per file] ************
skipping: [localhost]

TASK [/stigforge/roles/rhel8_cis : Declare files where syscalls were found] ****
skipping: [localhost]

TASK [/stigforge/roles/rhel8_cis : Count occurrences of syscalls in paths] *****
skipping: [localhost]

TASK [/stigforge/roles/rhel8_cis : Get path with most syscalls] ****************
skipping: [localhost]

TASK [/stigforge/roles/rhel8_cis : No file with syscall found, set path to /etc/audit/rules.d/perm_mod.rules] ***
skipping: [localhost]

TASK [/stigforge/roles/rhel8_cis : Declare found syscalls] *********************
skipping: [localhost]

TASK [/stigforge/roles/rhel8_cis : Declare missing syscalls] *******************
skipping: [localhost]

TASK [/stigforge/roles/rhel8_cis : Replace the audit rule in {{ audit_file }}] ***
skipping: [localhost]

TASK [/stigforge/roles/rhel8_cis : Add the audit rule to {{ audit_file }}] *****
skipping: [localhost]

TASK [/stigforge/roles/rhel8_cis : Declare list of syscalls] *******************
skipping: [localhost]

TASK [/stigforge/roles/rhel8_cis : Check existence of chmod in /etc/audit/audit.rules] ***
skipping: [localhost]

TASK [/stigforge/roles/rhel8_cis : Set path to /etc/audit/audit.rules] *********
skipping: [localhost]

TASK [/stigforge/roles/rhel8_cis : Declare found syscalls] *********************
skipping: [localhost]

TASK [/stigforge/roles/rhel8_cis : Declare missing syscalls] *******************
skipping: [localhost]

TASK [/stigforge/roles/rhel8_cis : Replace the audit rule in {{ audit_file }}] ***
skipping: [localhost]

TASK [/stigforge/roles/rhel8_cis : Add the audit rule to {{ audit_file }}] *****
skipping: [localhost]

TASK [/stigforge/roles/rhel8_cis : Set architecture for audit chown tasks] *****
skipping: [localhost]

TASK [/stigforge/roles/rhel8_cis : Declare list of syscalls] *******************
skipping: [localhost]

TASK [/stigforge/roles/rhel8_cis : Check existence of chown in /etc/audit/rules.d/] ***
skipping: [localhost]

TASK [/stigforge/roles/rhel8_cis : Reset syscalls found per file] **************
skipping: [localhost]

TASK [/stigforge/roles/rhel8_cis : Declare syscalls found per file] ************
skipping: [localhost]

TASK [/stigforge/roles/rhel8_cis : Declare files where syscalls were found] ****
skipping: [localhost]

TASK [/stigforge/roles/rhel8_cis : Count occurrences of syscalls in paths] *****
skipping: [localhost]

TASK [/stigforge/roles/rhel8_cis : Get path with most syscalls] ****************
skipping: [localhost]

TASK [/stigforge/roles/rhel8_cis : No file with syscall found, set path to /etc/audit/rules.d/perm_mod.rules] ***
skipping: [localhost]

TASK [/stigforge/roles/rhel8_cis : Declare found syscalls] *********************
skipping: [localhost]

TASK [/stigforge/roles/rhel8_cis : Declare missing syscalls] *******************
skipping: [localhost]

TASK [/stigforge/roles/rhel8_cis : Replace the audit rule in {{ audit_file }}] ***
skipping: [localhost]

TASK [/stigforge/roles/rhel8_cis : Add the audit rule to {{ audit_file }}] *****
skipping: [localhost]

TASK [/stigforge/roles/rhel8_cis : Declare list of syscalls] *******************
skipping: [localhost]

TASK [/stigforge/roles/rhel8_cis : Check existence of chown in /etc/audit/audit.rules] ***
skipping: [localhost]

TASK [/stigforge/roles/rhel8_cis : Set path to /etc/audit/audit.rules] *********
skipping: [localhost]

TASK [/stigforge/roles/rhel8_cis : Declare found syscalls] *********************
skipping: [localhost]

TASK [/stigforge/roles/rhel8_cis : Declare missing syscalls] *******************
skipping: [localhost]

TASK [/stigforge/roles/rhel8_cis : Replace the audit rule in {{ audit_file }}] ***
skipping: [localhost]

TASK [/stigforge/roles/rhel8_cis : Add the audit rule to {{ audit_file }}] *****
skipping: [localhost]

TASK [/stigforge/roles/rhel8_cis : Declare list of syscalls] *******************
skipping: [localhost]

TASK [/stigforge/roles/rhel8_cis : Check existence of chown in /etc/audit/rules.d/] ***
skipping: [localhost]

TASK [/stigforge/roles/rhel8_cis : Reset syscalls found per file] **************
skipping: [localhost]

TASK [/stigforge/roles/rhel8_cis : Declare syscalls found per file] ************
skipping: [localhost]

TASK [/stigforge/roles/rhel8_cis : Declare files where syscalls were found] ****
skipping: [localhost]

TASK [/stigforge/roles/rhel8_cis : Count occurrences of syscalls in paths] *****
skipping: [localhost]

TASK [/stigforge/roles/rhel8_cis : Get path with most syscalls] ****************
skipping: [localhost]

TASK [/stigforge/roles/rhel8_cis : No file with syscall found, set path to /etc/audit/rules.d/perm_mod.rules] ***
skipping: [localhost]

TASK [/stigforge/roles/rhel8_cis : Declare found syscalls] *********************
skipping: [localhost]

TASK [/stigforge/roles/rhel8_cis : Declare missing syscalls] *******************
skipping: [localhost]

TASK [/stigforge/roles/rhel8_cis : Replace the audit rule in {{ audit_file }}] ***
skipping: [localhost]

TASK [/stigforge/roles/rhel8_cis : Add the audit rule to {{ audit_file }}] *****
skipping: [localhost]

TASK [/stigforge/roles/rhel8_cis : Declare list of syscalls] *******************
skipping: [localhost]

TASK [/stigforge/roles/rhel8_cis : Check existence of chown in /etc/audit/audit.rules] ***
skipping: [localhost]

TASK [/stigforge/roles/rhel8_cis : Set path to /etc/audit/audit.rules] *********
skipping: [localhost]

TASK [/stigforge/roles/rhel8_cis : Declare found syscalls] *********************
skipping: [localhost]

TASK [/stigforge/roles/rhel8_cis : Declare missing syscalls] *******************
skipping: [localhost]

TASK [/stigforge/roles/rhel8_cis : Replace the audit rule in {{ audit_file }}] ***
skipping: [localhost]

TASK [/stigforge/roles/rhel8_cis : Add the audit rule to {{ audit_file }}] *****
skipping: [localhost]

TASK [/stigforge/roles/rhel8_cis : Set architecture for audit fchmod tasks] ****
skipping: [localhost]

TASK [/stigforge/roles/rhel8_cis : Declare list of syscalls] *******************
skipping: [localhost]

TASK [/stigforge/roles/rhel8_cis : Check existence of fchmod in /etc/audit/rules.d/] ***
skipping: [localhost]

TASK [/stigforge/roles/rhel8_cis : Reset syscalls found per file] **************
skipping: [localhost]

TASK [/stigforge/roles/rhel8_cis : Declare syscalls found per file] ************
skipping: [localhost]

TASK [/stigforge/roles/rhel8_cis : Declare files where syscalls were found] ****
skipping: [localhost]

TASK [/stigforge/roles/rhel8_cis : Count occurrences of syscalls in paths] *****
skipping: [localhost]

TASK [/stigforge/roles/rhel8_cis : Get path with most syscalls] ****************
skipping: [localhost]

TASK [/stigforge/roles/rhel8_cis : No file with syscall found, set path to /etc/audit/rules.d/perm_mod.rules] ***
skipping: [localhost]

TASK [/stigforge/roles/rhel8_cis : Declare found syscalls] *********************
skipping: [localhost]

TASK [/stigforge/roles/rhel8_cis : Declare missing syscalls] *******************
skipping: [localhost]

TASK [/stigforge/roles/rhel8_cis : Replace the audit rule in {{ audit_file }}] ***
skipping: [localhost]

TASK [/stigforge/roles/rhel8_cis : Add the audit rule to {{ audit_file }}] *****
skipping: [localhost]

TASK [/stigforge/roles/rhel8_cis : Declare list of syscalls] *******************
skipping: [localhost]

TASK [/stigforge/roles/rhel8_cis : Check existence of fchmod in /etc/audit/audit.rules] ***
skipping: [localhost]

TASK [/stigforge/roles/rhel8_cis : Set path to /etc/audit/audit.rules] *********
skipping: [localhost]

TASK [/stigforge/roles/rhel8_cis : Declare found syscalls] *********************
skipping: [localhost]

TASK [/stigforge/roles/rhel8_cis : Declare missing syscalls] *******************
skipping: [localhost]

TASK [/stigforge/roles/rhel8_cis : Replace the audit rule in {{ audit_file }}] ***
skipping: [localhost]

TASK [/stigforge/roles/rhel8_cis : Add the audit rule to {{ audit_file }}] *****
skipping: [localhost]

TASK [/stigforge/roles/rhel8_cis : Declare list of syscalls] *******************
skipping: [localhost]

TASK [/stigforge/roles/rhel8_cis : Check existence of fchmod in /etc/audit/rules.d/] ***
skipping: [localhost]

TASK [/stigforge/roles/rhel8_cis : Reset syscalls found per file] **************
skipping: [localhost]

TASK [/stigforge/roles/rhel8_cis : Declare syscalls found per file] ************
skipping: [localhost]

TASK [/stigforge/roles/rhel8_cis : Declare files where syscalls were found] ****
skipping: [localhost]

TASK [/stigforge/roles/rhel8_cis : Count occurrences of syscalls in paths] *****
skipping: [localhost]

TASK [/stigforge/roles/rhel8_cis : Get path with most syscalls] ****************
skipping: [localhost]

TASK [/stigforge/roles/rhel8_cis : No file with syscall found, set path to /etc/audit/rules.d/perm_mod.rules] ***
skipping: [localhost]

TASK [/stigforge/roles/rhel8_cis : Declare found syscalls] *********************
skipping: [localhost]

TASK [/stigforge/roles/rhel8_cis : Declare missing syscalls] *******************
skipping: [localhost]

TASK [/stigforge/roles/rhel8_cis : Replace the audit rule in {{ audit_file }}] ***
skipping: [localhost]

TASK [/stigforge/roles/rhel8_cis : Add the audit rule to {{ audit_file }}] *****
skipping: [localhost]

TASK [/stigforge/roles/rhel8_cis : Declare list of syscalls] *******************
skipping: [localhost]

TASK [/stigforge/roles/rhel8_cis : Check existence of fchmod in /etc/audit/audit.rules] ***
skipping: [localhost]

TASK [/stigforge/roles/rhel8_cis : Set path to /etc/audit/audit.rules] *********
skipping: [localhost]

TASK [/stigforge/roles/rhel8_cis : Declare found syscalls] *********************
skipping: [localhost]

TASK [/stigforge/roles/rhel8_cis : Declare missing syscalls] *******************
skipping: [localhost]

TASK [/stigforge/roles/rhel8_cis : Replace the audit rule in {{ audit_file }}] ***
skipping: [localhost]

TASK [/stigforge/roles/rhel8_cis : Add the audit rule to {{ audit_file }}] *****
skipping: [localhost]

TASK [/stigforge/roles/rhel8_cis : Set architecture for audit fchmodat tasks] ***
skipping: [localhost]

TASK [/stigforge/roles/rhel8_cis : Declare list of syscalls] *******************
skipping: [localhost]

TASK [/stigforge/roles/rhel8_cis : Check existence of fchmodat in /etc/audit/rules.d/] ***
skipping: [localhost]

TASK [/stigforge/roles/rhel8_cis : Reset syscalls found per file] **************
skipping: [localhost]

TASK [/stigforge/roles/rhel8_cis : Declare syscalls found per file] ************
skipping: [localhost]

TASK [/stigforge/roles/rhel8_cis : Declare files where syscalls were found] ****
skipping: [localhost]

TASK [/stigforge/roles/rhel8_cis : Count occurrences of syscalls in paths] *****
skipping: [localhost]

TASK [/stigforge/roles/rhel8_cis : Get path with most syscalls] ****************
skipping: [localhost]

TASK [/stigforge/roles/rhel8_cis : No file with syscall found, set path to /etc/audit/rules.d/perm_mod.rules] ***
skipping: [localhost]

TASK [/stigforge/roles/rhel8_cis : Declare found syscalls] *********************
skipping: [localhost]

TASK [/stigforge/roles/rhel8_cis : Declare missing syscalls] *******************
skipping: [localhost]

TASK [/stigforge/roles/rhel8_cis : Replace the audit rule in {{ audit_file }}] ***
skipping: [localhost]

TASK [/stigforge/roles/rhel8_cis : Add the audit rule to {{ audit_file }}] *****
skipping: [localhost]

TASK [/stigforge/roles/rhel8_cis : Declare list of syscalls] *******************
skipping: [localhost]

TASK [/stigforge/roles/rhel8_cis : Check existence of fchmodat in /etc/audit/audit.rules] ***
skipping: [localhost]

TASK [/stigforge/roles/rhel8_cis : Set path to /etc/audit/audit.rules] *********
skipping: [localhost]

TASK [/stigforge/roles/rhel8_cis : Declare found syscalls] *********************
skipping: [localhost]

TASK [/stigforge/roles/rhel8_cis : Declare missing syscalls] *******************
skipping: [localhost]

TASK [/stigforge/roles/rhel8_cis : Replace the audit rule in {{ audit_file }}] ***
skipping: [localhost]

TASK [/stigforge/roles/rhel8_cis : Add the audit rule to {{ audit_file }}] *****
skipping: [localhost]

TASK [/stigforge/roles/rhel8_cis : Declare list of syscalls] *******************
skipping: [localhost]

TASK [/stigforge/roles/rhel8_cis : Check existence of fchmodat in /etc/audit/rules.d/] ***
skipping: [localhost]

TASK [/stigforge/roles/rhel8_cis : Reset syscalls found per file] **************
skipping: [localhost]

TASK [/stigforge/roles/rhel8_cis : Declare syscalls found per file] ************
skipping: [localhost]

TASK [/stigforge/roles/rhel8_cis : Declare files where syscalls were found] ****
skipping: [localhost]

TASK [/stigforge/roles/rhel8_cis : Count occurrences of syscalls in paths] *****
skipping: [localhost]

TASK [/stigforge/roles/rhel8_cis : Get path with most syscalls] ****************
skipping: [localhost]

TASK [/stigforge/roles/rhel8_cis : No file with syscall found, set path to /etc/audit/rules.d/perm_mod.rules] ***
skipping: [localhost]

TASK [/stigforge/roles/rhel8_cis : Declare found syscalls] *********************
skipping: [localhost]

TASK [/stigforge/roles/rhel8_cis : Declare missing syscalls] *******************
skipping: [localhost]

TASK [/stigforge/roles/rhel8_cis : Replace the audit rule in {{ audit_file }}] ***
skipping: [localhost]

TASK [/stigforge/roles/rhel8_cis : Add the audit rule to {{ audit_file }}] *****
skipping: [localhost]

TASK [/stigforge/roles/rhel8_cis : Declare list of syscalls] *******************
skipping: [localhost]

TASK [/stigforge/roles/rhel8_cis : Check existence of fchmodat in /etc/audit/audit.rules] ***
skipping: [localhost]

TASK [/stigforge/roles/rhel8_cis : Set path to /etc/audit/audit.rules] *********
skipping: [localhost]

TASK [/stigforge/roles/rhel8_cis : Declare found syscalls] *********************
skipping: [localhost]

TASK [/stigforge/roles/rhel8_cis : Declare missing syscalls] *******************
skipping: [localhost]

TASK [/stigforge/roles/rhel8_cis : Replace the audit rule in {{ audit_file }}] ***
skipping: [localhost]

TASK [/stigforge/roles/rhel8_cis : Add the audit rule to {{ audit_file }}] *****
skipping: [localhost]

TASK [/stigforge/roles/rhel8_cis : Set architecture for audit fchown tasks] ****
skipping: [localhost]

TASK [/stigforge/roles/rhel8_cis : Declare list of syscalls] *******************
skipping: [localhost]

TASK [/stigforge/roles/rhel8_cis : Check existence of fchown in /etc/audit/rules.d/] ***
skipping: [localhost]

TASK [/stigforge/roles/rhel8_cis : Reset syscalls found per file] **************
skipping: [localhost]

TASK [/stigforge/roles/rhel8_cis : Declare syscalls found per file] ************
skipping: [localhost]

TASK [/stigforge/roles/rhel8_cis : Declare files where syscalls were found] ****
skipping: [localhost]

TASK [/stigforge/roles/rhel8_cis : Count occurrences of syscalls in paths] *****
skipping: [localhost]

TASK [/stigforge/roles/rhel8_cis : Get path with most syscalls] ****************
skipping: [localhost]

TASK [/stigforge/roles/rhel8_cis : No file with syscall found, set path to /etc/audit/rules.d/perm_mod.rules] ***
skipping: [localhost]

TASK [/stigforge/roles/rhel8_cis : Declare found syscalls] *********************
skipping: [localhost]

TASK [/stigforge/roles/rhel8_cis : Declare missing syscalls] *******************
skipping: [localhost]

TASK [/stigforge/roles/rhel8_cis : Replace the audit rule in {{ audit_file }}] ***
skipping: [localhost]

TASK [/stigforge/roles/rhel8_cis : Add the audit rule to {{ audit_file }}] *****
skipping: [localhost]

TASK [/stigforge/roles/rhel8_cis : Declare list of syscalls] *******************
skipping: [localhost]

TASK [/stigforge/roles/rhel8_cis : Check existence of fchown in /etc/audit/audit.rules] ***
skipping: [localhost]

TASK [/stigforge/roles/rhel8_cis : Set path to /etc/audit/audit.rules] *********
skipping: [localhost]

TASK [/stigforge/roles/rhel8_cis : Declare found syscalls] *********************
skipping: [localhost]

TASK [/stigforge/roles/rhel8_cis : Declare missing syscalls] *******************
skipping: [localhost]

TASK [/stigforge/roles/rhel8_cis : Replace the audit rule in {{ audit_file }}] ***
skipping: [localhost]

TASK [/stigforge/roles/rhel8_cis : Add the audit rule to {{ audit_file }}] *****
skipping: [localhost]

TASK [/stigforge/roles/rhel8_cis : Declare list of syscalls] *******************
skipping: [localhost]

TASK [/stigforge/roles/rhel8_cis : Check existence of fchown in /etc/audit/rules.d/] ***
skipping: [localhost]

TASK [/stigforge/roles/rhel8_cis : Reset syscalls found per file] **************
skipping: [localhost]

TASK [/stigforge/roles/rhel8_cis : Declare syscalls found per file] ************
skipping: [localhost]

TASK [/stigforge/roles/rhel8_cis : Declare files where syscalls were found] ****
skipping: [localhost]

TASK [/stigforge/roles/rhel8_cis : Count occurrences of syscalls in paths] *****
skipping: [localhost]

TASK [/stigforge/roles/rhel8_cis : Get path with most syscalls] ****************
skipping: [localhost]

TASK [/stigforge/roles/rhel8_cis : No file with syscall found, set path to /etc/audit/rules.d/perm_mod.rules] ***
skipping: [localhost]

TASK [/stigforge/roles/rhel8_cis : Declare found syscalls] *********************
skipping: [localhost]

TASK [/stigforge/roles/rhel8_cis : Declare missing syscalls] *******************
skipping: [localhost]

TASK [/stigforge/roles/rhel8_cis : Replace the audit rule in {{ audit_file }}] ***
skipping: [localhost]

TASK [/stigforge/roles/rhel8_cis : Add the audit rule to {{ audit_file }}] *****
skipping: [localhost]

TASK [/stigforge/roles/rhel8_cis : Declare list of syscalls] *******************
skipping: [localhost]

TASK [/stigforge/roles/rhel8_cis : Check existence of fchown in /etc/audit/audit.rules] ***
skipping: [localhost]

TASK [/stigforge/roles/rhel8_cis : Set path to /etc/audit/audit.rules] *********
skipping: [localhost]

TASK [/stigforge/roles/rhel8_cis : Declare found syscalls] *********************
skipping: [localhost]

TASK [/stigforge/roles/rhel8_cis : Declare missing syscalls] *******************
skipping: [localhost]

TASK [/stigforge/roles/rhel8_cis : Replace the audit rule in {{ audit_file }}] ***
skipping: [localhost]

TASK [/stigforge/roles/rhel8_cis : Add the audit rule to {{ audit_file }}] *****
skipping: [localhost]

TASK [/stigforge/roles/rhel8_cis : Set architecture for audit fchownat tasks] ***
skipping: [localhost]

TASK [/stigforge/roles/rhel8_cis : Declare list of syscalls] *******************
skipping: [localhost]

TASK [/stigforge/roles/rhel8_cis : Check existence of fchownat in /etc/audit/rules.d/] ***
skipping: [localhost]

TASK [/stigforge/roles/rhel8_cis : Reset syscalls found per file] **************
skipping: [localhost]

TASK [/stigforge/roles/rhel8_cis : Declare syscalls found per file] ************
skipping: [localhost]

TASK [/stigforge/roles/rhel8_cis : Declare files where syscalls were found] ****
skipping: [localhost]

TASK [/stigforge/roles/rhel8_cis : Count occurrences of syscalls in paths] *****
skipping: [localhost]

TASK [/stigforge/roles/rhel8_cis : Get path with most syscalls] ****************
skipping: [localhost]

TASK [/stigforge/roles/rhel8_cis : No file with syscall found, set path to /etc/audit/rules.d/perm_mod.rules] ***
skipping: [localhost]

TASK [/stigforge/roles/rhel8_cis : Declare found syscalls] *********************
skipping: [localhost]

TASK [/stigforge/roles/rhel8_cis : Declare missing syscalls] *******************
skipping: [localhost]

TASK [/stigforge/roles/rhel8_cis : Replace the audit rule in {{ audit_file }}] ***
skipping: [localhost]

TASK [/stigforge/roles/rhel8_cis : Add the audit rule to {{ audit_file }}] *****
skipping: [localhost]

TASK [/stigforge/roles/rhel8_cis : Declare list of syscalls] *******************
skipping: [localhost]

TASK [/stigforge/roles/rhel8_cis : Check existence of fchownat in /etc/audit/audit.rules] ***
skipping: [localhost]

TASK [/stigforge/roles/rhel8_cis : Set path to /etc/audit/audit.rules] *********
skipping: [localhost]

TASK [/stigforge/roles/rhel8_cis : Declare found syscalls] *********************
skipping: [localhost]

TASK [/stigforge/roles/rhel8_cis : Declare missing syscalls] *******************
skipping: [localhost]

TASK [/stigforge/roles/rhel8_cis : Replace the audit rule in {{ audit_file }}] ***
skipping: [localhost]

TASK [/stigforge/roles/rhel8_cis : Add the audit rule to {{ audit_file }}] *****
skipping: [localhost]

TASK [/stigforge/roles/rhel8_cis : Declare list of syscalls] *******************
skipping: [localhost]

TASK [/stigforge/roles/rhel8_cis : Check existence of fchownat in /etc/audit/rules.d/] ***
skipping: [localhost]

TASK [/stigforge/roles/rhel8_cis : Reset syscalls found per file] **************
skipping: [localhost]

TASK [/stigforge/roles/rhel8_cis : Declare syscalls found per file] ************
skipping: [localhost]

TASK [/stigforge/roles/rhel8_cis : Declare files where syscalls were found] ****
skipping: [localhost]

TASK [/stigforge/roles/rhel8_cis : Count occurrences of syscalls in paths] *****
skipping: [localhost]

TASK [/stigforge/roles/rhel8_cis : Get path with most syscalls] ****************
skipping: [localhost]

TASK [/stigforge/roles/rhel8_cis : No file with syscall found, set path to /etc/audit/rules.d/perm_mod.rules] ***
skipping: [localhost]

TASK [/stigforge/roles/rhel8_cis : Declare found syscalls] *********************
skipping: [localhost]

TASK [/stigforge/roles/rhel8_cis : Declare missing syscalls] *******************
skipping: [localhost]

TASK [/stigforge/roles/rhel8_cis : Replace the audit rule in {{ audit_file }}] ***
skipping: [localhost]

TASK [/stigforge/roles/rhel8_cis : Add the audit rule to {{ audit_file }}] *****
skipping: [localhost]

TASK [/stigforge/roles/rhel8_cis : Declare list of syscalls] *******************
skipping: [localhost]

TASK [/stigforge/roles/rhel8_cis : Check existence of fchownat in /etc/audit/audit.rules] ***
skipping: [localhost]

TASK [/stigforge/roles/rhel8_cis : Set path to /etc/audit/audit.rules] *********
skipping: [localhost]

TASK [/stigforge/roles/rhel8_cis : Declare found syscalls] *********************
skipping: [localhost]

TASK [/stigforge/roles/rhel8_cis : Declare missing syscalls] *******************
skipping: [localhost]

TASK [/stigforge/roles/rhel8_cis : Replace the audit rule in {{ audit_file }}] ***
skipping: [localhost]

TASK [/stigforge/roles/rhel8_cis : Add the audit rule to {{ audit_file }}] *****
skipping: [localhost]

TASK [/stigforge/roles/rhel8_cis : Set architecture for audit fremovexattr tasks] ***
skipping: [localhost]

TASK [/stigforge/roles/rhel8_cis : Declare list of syscalls] *******************
skipping: [localhost]

TASK [/stigforge/roles/rhel8_cis : Check existence of fremovexattr in /etc/audit/rules.d/] ***
skipping: [localhost]

TASK [/stigforge/roles/rhel8_cis : Reset syscalls found per file] **************
skipping: [localhost]

TASK [/stigforge/roles/rhel8_cis : Declare syscalls found per file] ************
skipping: [localhost]

TASK [/stigforge/roles/rhel8_cis : Declare files where syscalls were found] ****
skipping: [localhost]

TASK [/stigforge/roles/rhel8_cis : Count occurrences of syscalls in paths] *****
skipping: [localhost]

TASK [/stigforge/roles/rhel8_cis : Get path with most syscalls] ****************
skipping: [localhost]

TASK [/stigforge/roles/rhel8_cis : No file with syscall found, set path to /etc/audit/rules.d/perm_mod.rules] ***
skipping: [localhost]

TASK [/stigforge/roles/rhel8_cis : Declare found syscalls] *********************
skipping: [localhost]

TASK [/stigforge/roles/rhel8_cis : Declare missing syscalls] *******************
skipping: [localhost]

TASK [/stigforge/roles/rhel8_cis : Replace the audit rule in {{ audit_file }}] ***
skipping: [localhost]

TASK [/stigforge/roles/rhel8_cis : Add the audit rule to {{ audit_file }}] *****
skipping: [localhost]

TASK [/stigforge/roles/rhel8_cis : Declare list of syscalls] *******************
skipping: [localhost]

TASK [/stigforge/roles/rhel8_cis : Check existence of fremovexattr in /etc/audit/audit.rules] ***
skipping: [localhost]

TASK [/stigforge/roles/rhel8_cis : Set path to /etc/audit/audit.rules] *********
skipping: [localhost]

TASK [/stigforge/roles/rhel8_cis : Declare found syscalls] *********************
skipping: [localhost]

TASK [/stigforge/roles/rhel8_cis : Declare missing syscalls] *******************
skipping: [localhost]

TASK [/stigforge/roles/rhel8_cis : Replace the audit rule in {{ audit_file }}] ***
skipping: [localhost]

TASK [/stigforge/roles/rhel8_cis : Add the audit rule to {{ audit_file }}] *****
skipping: [localhost]

TASK [/stigforge/roles/rhel8_cis : Declare list of syscalls] *******************
skipping: [localhost]

TASK [/stigforge/roles/rhel8_cis : Check existence of fremovexattr in /etc/audit/rules.d/] ***
skipping: [localhost]

TASK [/stigforge/roles/rhel8_cis : Reset syscalls found per file] **************
skipping: [localhost]

TASK [/stigforge/roles/rhel8_cis : Declare syscalls found per file] ************
skipping: [localhost]

TASK [/stigforge/roles/rhel8_cis : Declare files where syscalls were found] ****
skipping: [localhost]

TASK [/stigforge/roles/rhel8_cis : Count occurrences of syscalls in paths] *****
skipping: [localhost]

TASK [/stigforge/roles/rhel8_cis : Get path with most syscalls] ****************
skipping: [localhost]

TASK [/stigforge/roles/rhel8_cis : No file with syscall found, set path to /etc/audit/rules.d/perm_mod.rules] ***
skipping: [localhost]

TASK [/stigforge/roles/rhel8_cis : Declare found syscalls] *********************
skipping: [localhost]

TASK [/stigforge/roles/rhel8_cis : Declare missing syscalls] *******************
skipping: [localhost]

TASK [/stigforge/roles/rhel8_cis : Replace the audit rule in {{ audit_file }}] ***
skipping: [localhost]

TASK [/stigforge/roles/rhel8_cis : Add the audit rule to {{ audit_file }}] *****
skipping: [localhost]

TASK [/stigforge/roles/rhel8_cis : Declare list of syscalls] *******************
skipping: [localhost]

TASK [/stigforge/roles/rhel8_cis : Check existence of fremovexattr in /etc/audit/audit.rules] ***
skipping: [localhost]

TASK [/stigforge/roles/rhel8_cis : Set path to /etc/audit/audit.rules] *********
skipping: [localhost]

TASK [/stigforge/roles/rhel8_cis : Declare found syscalls] *********************
skipping: [localhost]

TASK [/stigforge/roles/rhel8_cis : Declare missing syscalls] *******************
skipping: [localhost]

TASK [/stigforge/roles/rhel8_cis : Replace the audit rule in {{ audit_file }}] ***
skipping: [localhost]

TASK [/stigforge/roles/rhel8_cis : Add the audit rule to {{ audit_file }}] *****
skipping: [localhost]

TASK [/stigforge/roles/rhel8_cis : Declare list of syscalls] *******************
skipping: [localhost]

TASK [/stigforge/roles/rhel8_cis : Check existence of fremovexattr in /etc/audit/rules.d/] ***
skipping: [localhost]

TASK [/stigforge/roles/rhel8_cis : Reset syscalls found per file] **************
skipping: [localhost]

TASK [/stigforge/roles/rhel8_cis : Declare syscalls found per file] ************
skipping: [localhost]

TASK [/stigforge/roles/rhel8_cis : Declare files where syscalls were found] ****
skipping: [localhost]

TASK [/stigforge/roles/rhel8_cis : Count occurrences of syscalls in paths] *****
skipping: [localhost]

TASK [/stigforge/roles/rhel8_cis : Get path with most syscalls] ****************
skipping: [localhost]

TASK [/stigforge/roles/rhel8_cis : No file with syscall found, set path to /etc/audit/rules.d/perm_mod.rules] ***
skipping: [localhost]

TASK [/stigforge/roles/rhel8_cis : Declare found syscalls] *********************
skipping: [localhost]

TASK [/stigforge/roles/rhel8_cis : Declare missing syscalls] *******************
skipping: [localhost]

TASK [/stigforge/roles/rhel8_cis : Replace the audit rule in {{ audit_file }}] ***
skipping: [localhost]

TASK [/stigforge/roles/rhel8_cis : Add the audit rule to {{ audit_file }}] *****
skipping: [localhost]

TASK [/stigforge/roles/rhel8_cis : Declare list of syscalls] *******************
skipping: [localhost]

TASK [/stigforge/roles/rhel8_cis : Check existence of fremovexattr in /etc/audit/audit.rules] ***
skipping: [localhost]

TASK [/stigforge/roles/rhel8_cis : Set path to /etc/audit/audit.rules] *********
skipping: [localhost]

TASK [/stigforge/roles/rhel8_cis : Declare found syscalls] *********************
skipping: [localhost]

TASK [/stigforge/roles/rhel8_cis : Declare missing syscalls] *******************
skipping: [localhost]

TASK [/stigforge/roles/rhel8_cis : Replace the audit rule in {{ audit_file }}] ***
skipping: [localhost]

TASK [/stigforge/roles/rhel8_cis : Add the audit rule to {{ audit_file }}] *****
skipping: [localhost]

TASK [/stigforge/roles/rhel8_cis : Declare list of syscalls] *******************
skipping: [localhost]

TASK [/stigforge/roles/rhel8_cis : Check existence of fremovexattr in /etc/audit/rules.d/] ***
skipping: [localhost]

TASK [/stigforge/roles/rhel8_cis : Reset syscalls found per file] **************
skipping: [localhost]

TASK [/stigforge/roles/rhel8_cis : Declare syscalls found per file] ************
skipping: [localhost]

TASK [/stigforge/roles/rhel8_cis : Declare files where syscalls were found] ****
skipping: [localhost]

TASK [/stigforge/roles/rhel8_cis : Count occurrences of syscalls in paths] *****
skipping: [localhost]

TASK [/stigforge/roles/rhel8_cis : Get path with most syscalls] ****************
skipping: [localhost]

TASK [/stigforge/roles/rhel8_cis : No file with syscall found, set path to /etc/audit/rules.d/perm_mod.rules] ***
skipping: [localhost]

TASK [/stigforge/roles/rhel8_cis : Declare found syscalls] *********************
skipping: [localhost]

TASK [/stigforge/roles/rhel8_cis : Declare missing syscalls] *******************
skipping: [localhost]

TASK [/stigforge/roles/rhel8_cis : Replace the audit rule in {{ audit_file }}] ***
skipping: [localhost]

TASK [/stigforge/roles/rhel8_cis : Add the audit rule to {{ audit_file }}] *****
skipping: [localhost]

TASK [/stigforge/roles/rhel8_cis : Declare list of syscalls] *******************
skipping: [localhost]

TASK [/stigforge/roles/rhel8_cis : Check existence of fremovexattr in /etc/audit/audit.rules] ***
skipping: [localhost]

TASK [/stigforge/roles/rhel8_cis : Set path to /etc/audit/audit.rules] *********
skipping: [localhost]

TASK [/stigforge/roles/rhel8_cis : Declare found syscalls] *********************
skipping: [localhost]

TASK [/stigforge/roles/rhel8_cis : Declare missing syscalls] *******************
skipping: [localhost]

TASK [/stigforge/roles/rhel8_cis : Replace the audit rule in {{ audit_file }}] ***
skipping: [localhost]

TASK [/stigforge/roles/rhel8_cis : Add the audit rule to {{ audit_file }}] *****
skipping: [localhost]

TASK [/stigforge/roles/rhel8_cis : Set architecture for audit fsetxattr tasks] ***
skipping: [localhost]

TASK [/stigforge/roles/rhel8_cis : Declare list of syscalls] *******************
skipping: [localhost]

TASK [/stigforge/roles/rhel8_cis : Check existence of fsetxattr in /etc/audit/rules.d/] ***
skipping: [localhost]

TASK [/stigforge/roles/rhel8_cis : Reset syscalls found per file] **************
skipping: [localhost]

TASK [/stigforge/roles/rhel8_cis : Declare syscalls found per file] ************
skipping: [localhost]

TASK [/stigforge/roles/rhel8_cis : Declare files where syscalls were found] ****
skipping: [localhost]

TASK [/stigforge/roles/rhel8_cis : Count occurrences of syscalls in paths] *****
skipping: [localhost]

TASK [/stigforge/roles/rhel8_cis : Get path with most syscalls] ****************
skipping: [localhost]

TASK [/stigforge/roles/rhel8_cis : No file with syscall found, set path to /etc/audit/rules.d/perm_mod.rules] ***
skipping: [localhost]

TASK [/stigforge/roles/rhel8_cis : Declare found syscalls] *********************
skipping: [localhost]

TASK [/stigforge/roles/rhel8_cis : Declare missing syscalls] *******************
skipping: [localhost]

TASK [/stigforge/roles/rhel8_cis : Replace the audit rule in {{ audit_file }}] ***
skipping: [localhost]

TASK [/stigforge/roles/rhel8_cis : Add the audit rule to {{ audit_file }}] *****
skipping: [localhost]

TASK [/stigforge/roles/rhel8_cis : Declare list of syscalls] *******************
skipping: [localhost]

TASK [/stigforge/roles/rhel8_cis : Check existence of fsetxattr in /etc/audit/audit.rules] ***
skipping: [localhost]

TASK [/stigforge/roles/rhel8_cis : Set path to /etc/audit/audit.rules] *********
skipping: [localhost]

TASK [/stigforge/roles/rhel8_cis : Declare found syscalls] *********************
skipping: [localhost]

TASK [/stigforge/roles/rhel8_cis : Declare missing syscalls] *******************
skipping: [localhost]

TASK [/stigforge/roles/rhel8_cis : Replace the audit rule in {{ audit_file }}] ***
skipping: [localhost]

TASK [/stigforge/roles/rhel8_cis : Add the audit rule to {{ audit_file }}] *****
skipping: [localhost]

TASK [/stigforge/roles/rhel8_cis : Declare list of syscalls] *******************
skipping: [localhost]

TASK [/stigforge/roles/rhel8_cis : Check existence of fsetxattr in /etc/audit/rules.d/] ***
skipping: [localhost]

TASK [/stigforge/roles/rhel8_cis : Reset syscalls found per file] **************
skipping: [localhost]

TASK [/stigforge/roles/rhel8_cis : Declare syscalls found per file] ************
skipping: [localhost]

TASK [/stigforge/roles/rhel8_cis : Declare files where syscalls were found] ****
skipping: [localhost]

TASK [/stigforge/roles/rhel8_cis : Count occurrences of syscalls in paths] *****
skipping: [localhost]

TASK [/stigforge/roles/rhel8_cis : Get path with most syscalls] ****************
skipping: [localhost]

TASK [/stigforge/roles/rhel8_cis : No file with syscall found, set path to /etc/audit/rules.d/perm_mod.rules] ***
skipping: [localhost]

TASK [/stigforge/roles/rhel8_cis : Declare found syscalls] *********************
skipping: [localhost]

TASK [/stigforge/roles/rhel8_cis : Declare missing syscalls] *******************
skipping: [localhost]

TASK [/stigforge/roles/rhel8_cis : Replace the audit rule in {{ audit_file }}] ***
skipping: [localhost]

TASK [/stigforge/roles/rhel8_cis : Add the audit rule to {{ audit_file }}] *****
skipping: [localhost]

TASK [/stigforge/roles/rhel8_cis : Declare list of syscalls] *******************
skipping: [localhost]

TASK [/stigforge/roles/rhel8_cis : Check existence of fsetxattr in /etc/audit/audit.rules] ***
skipping: [localhost]

TASK [/stigforge/roles/rhel8_cis : Set path to /etc/audit/audit.rules] *********
skipping: [localhost]

TASK [/stigforge/roles/rhel8_cis : Declare found syscalls] *********************
skipping: [localhost]

TASK [/stigforge/roles/rhel8_cis : Declare missing syscalls] *******************
skipping: [localhost]

TASK [/stigforge/roles/rhel8_cis : Replace the audit rule in {{ audit_file }}] ***
skipping: [localhost]

TASK [/stigforge/roles/rhel8_cis : Add the audit rule to {{ audit_file }}] *****
skipping: [localhost]

TASK [/stigforge/roles/rhel8_cis : Declare list of syscalls] *******************
skipping: [localhost]

TASK [/stigforge/roles/rhel8_cis : Check existence of fsetxattr in /etc/audit/rules.d/] ***
skipping: [localhost]

TASK [/stigforge/roles/rhel8_cis : Reset syscalls found per file] **************
skipping: [localhost]

TASK [/stigforge/roles/rhel8_cis : Declare syscalls found per file] ************
skipping: [localhost]

TASK [/stigforge/roles/rhel8_cis : Declare files where syscalls were found] ****
skipping: [localhost]

TASK [/stigforge/roles/rhel8_cis : Count occurrences of syscalls in paths] *****
skipping: [localhost]

TASK [/stigforge/roles/rhel8_cis : Get path with most syscalls] ****************
skipping: [localhost]

TASK [/stigforge/roles/rhel8_cis : No file with syscall found, set path to /etc/audit/rules.d/perm_mod.rules] ***
skipping: [localhost]

TASK [/stigforge/roles/rhel8_cis : Declare found syscalls] *********************
skipping: [localhost]

TASK [/stigforge/roles/rhel8_cis : Declare missing syscalls] *******************
skipping: [localhost]

TASK [/stigforge/roles/rhel8_cis : Replace the audit rule in {{ audit_file }}] ***
skipping: [localhost]

TASK [/stigforge/roles/rhel8_cis : Add the audit rule to {{ audit_file }}] *****
skipping: [localhost]

TASK [/stigforge/roles/rhel8_cis : Declare list of syscalls] *******************
skipping: [localhost]

TASK [/stigforge/roles/rhel8_cis : Check existence of fsetxattr in /etc/audit/audit.rules] ***
skipping: [localhost]

TASK [/stigforge/roles/rhel8_cis : Set path to /etc/audit/audit.rules] *********
skipping: [localhost]

TASK [/stigforge/roles/rhel8_cis : Declare found syscalls] *********************
skipping: [localhost]

TASK [/stigforge/roles/rhel8_cis : Declare missing syscalls] *******************
skipping: [localhost]

TASK [/stigforge/roles/rhel8_cis : Replace the audit rule in {{ audit_file }}] ***
skipping: [localhost]

TASK [/stigforge/roles/rhel8_cis : Add the audit rule to {{ audit_file }}] *****
skipping: [localhost]

TASK [/stigforge/roles/rhel8_cis : Declare list of syscalls] *******************
skipping: [localhost]

TASK [/stigforge/roles/rhel8_cis : Check existence of fsetxattr in /etc/audit/rules.d/] ***
skipping: [localhost]

TASK [/stigforge/roles/rhel8_cis : Reset syscalls found per file] **************
skipping: [localhost]

TASK [/stigforge/roles/rhel8_cis : Declare syscalls found per file] ************
skipping: [localhost]

TASK [/stigforge/roles/rhel8_cis : Declare files where syscalls were found] ****
skipping: [localhost]

TASK [/stigforge/roles/rhel8_cis : Count occurrences of syscalls in paths] *****
skipping: [localhost]

TASK [/stigforge/roles/rhel8_cis : Get path with most syscalls] ****************
skipping: [localhost]

TASK [/stigforge/roles/rhel8_cis : No file with syscall found, set path to /etc/audit/rules.d/perm_mod.rules] ***
skipping: [localhost]

TASK [/stigforge/roles/rhel8_cis : Declare found syscalls] *********************
skipping: [localhost]

TASK [/stigforge/roles/rhel8_cis : Declare missing syscalls] *******************
skipping: [localhost]

TASK [/stigforge/roles/rhel8_cis : Replace the audit rule in {{ audit_file }}] ***
skipping: [localhost]

TASK [/stigforge/roles/rhel8_cis : Add the audit rule to {{ audit_file }}] *****
skipping: [localhost]

TASK [/stigforge/roles/rhel8_cis : Declare list of syscalls] *******************
skipping: [localhost]

TASK [/stigforge/roles/rhel8_cis : Check existence of fsetxattr in /etc/audit/audit.rules] ***
skipping: [localhost]

TASK [/stigforge/roles/rhel8_cis : Set path to /etc/audit/audit.rules] *********
skipping: [localhost]

TASK [/stigforge/roles/rhel8_cis : Declare found syscalls] *********************
skipping: [localhost]

TASK [/stigforge/roles/rhel8_cis : Declare missing syscalls] *******************
skipping: [localhost]

TASK [/stigforge/roles/rhel8_cis : Replace the audit rule in {{ audit_file }}] ***
skipping: [localhost]

TASK [/stigforge/roles/rhel8_cis : Add the audit rule to {{ audit_file }}] *****
skipping: [localhost]

TASK [/stigforge/roles/rhel8_cis : Set architecture for audit lchown tasks] ****
skipping: [localhost]

TASK [/stigforge/roles/rhel8_cis : Declare list of syscalls] *******************
skipping: [localhost]

TASK [/stigforge/roles/rhel8_cis : Check existence of lchown in /etc/audit/rules.d/] ***
skipping: [localhost]

TASK [/stigforge/roles/rhel8_cis : Reset syscalls found per file] **************
skipping: [localhost]

TASK [/stigforge/roles/rhel8_cis : Declare syscalls found per file] ************
skipping: [localhost]

TASK [/stigforge/roles/rhel8_cis : Declare files where syscalls were found] ****
skipping: [localhost]

TASK [/stigforge/roles/rhel8_cis : Count occurrences of syscalls in paths] *****
skipping: [localhost]

TASK [/stigforge/roles/rhel8_cis : Get path with most syscalls] ****************
skipping: [localhost]

TASK [/stigforge/roles/rhel8_cis : No file with syscall found, set path to /etc/audit/rules.d/perm_mod.rules] ***
skipping: [localhost]

TASK [/stigforge/roles/rhel8_cis : Declare found syscalls] *********************
skipping: [localhost]

TASK [/stigforge/roles/rhel8_cis : Declare missing syscalls] *******************
skipping: [localhost]

TASK [/stigforge/roles/rhel8_cis : Replace the audit rule in {{ audit_file }}] ***
skipping: [localhost]

TASK [/stigforge/roles/rhel8_cis : Add the audit rule to {{ audit_file }}] *****
skipping: [localhost]

TASK [/stigforge/roles/rhel8_cis : Declare list of syscalls] *******************
skipping: [localhost]

TASK [/stigforge/roles/rhel8_cis : Check existence of lchown in /etc/audit/audit.rules] ***
skipping: [localhost]

TASK [/stigforge/roles/rhel8_cis : Set path to /etc/audit/audit.rules] *********
skipping: [localhost]

TASK [/stigforge/roles/rhel8_cis : Declare found syscalls] *********************
skipping: [localhost]

TASK [/stigforge/roles/rhel8_cis : Declare missing syscalls] *******************
skipping: [localhost]

TASK [/stigforge/roles/rhel8_cis : Replace the audit rule in {{ audit_file }}] ***
skipping: [localhost]

TASK [/stigforge/roles/rhel8_cis : Add the audit rule to {{ audit_file }}] *****
skipping: [localhost]

TASK [/stigforge/roles/rhel8_cis : Declare list of syscalls] *******************
skipping: [localhost]

TASK [/stigforge/roles/rhel8_cis : Check existence of lchown in /etc/audit/rules.d/] ***
skipping: [localhost]

TASK [/stigforge/roles/rhel8_cis : Reset syscalls found per file] **************
skipping: [localhost]

TASK [/stigforge/roles/rhel8_cis : Declare syscalls found per file] ************
skipping: [localhost]

TASK [/stigforge/roles/rhel8_cis : Declare files where syscalls were found] ****
skipping: [localhost]

TASK [/stigforge/roles/rhel8_cis : Count occurrences of syscalls in paths] *****
skipping: [localhost]

TASK [/stigforge/roles/rhel8_cis : Get path with most syscalls] ****************
skipping: [localhost]

TASK [/stigforge/roles/rhel8_cis : No file with syscall found, set path to /etc/audit/rules.d/perm_mod.rules] ***
skipping: [localhost]

TASK [/stigforge/roles/rhel8_cis : Declare found syscalls] *********************
skipping: [localhost]

TASK [/stigforge/roles/rhel8_cis : Declare missing syscalls] *******************
skipping: [localhost]

TASK [/stigforge/roles/rhel8_cis : Replace the audit rule in {{ audit_file }}] ***
skipping: [localhost]

TASK [/stigforge/roles/rhel8_cis : Add the audit rule to {{ audit_file }}] *****
skipping: [localhost]

TASK [/stigforge/roles/rhel8_cis : Declare list of syscalls] *******************
skipping: [localhost]

TASK [/stigforge/roles/rhel8_cis : Check existence of lchown in /etc/audit/audit.rules] ***
skipping: [localhost]

TASK [/stigforge/roles/rhel8_cis : Set path to /etc/audit/audit.rules] *********
skipping: [localhost]

TASK [/stigforge/roles/rhel8_cis : Declare found syscalls] *********************
skipping: [localhost]

TASK [/stigforge/roles/rhel8_cis : Declare missing syscalls] *******************
skipping: [localhost]

TASK [/stigforge/roles/rhel8_cis : Replace the audit rule in {{ audit_file }}] ***
skipping: [localhost]

TASK [/stigforge/roles/rhel8_cis : Add the audit rule to {{ audit_file }}] *****
skipping: [localhost]

TASK [/stigforge/roles/rhel8_cis : Set architecture for audit lremovexattr tasks] ***
skipping: [localhost]

TASK [/stigforge/roles/rhel8_cis : Declare list of syscalls] *******************
skipping: [localhost]

TASK [/stigforge/roles/rhel8_cis : Check existence of lremovexattr in /etc/audit/rules.d/] ***
skipping: [localhost]

TASK [/stigforge/roles/rhel8_cis : Reset syscalls found per file] **************
skipping: [localhost]

TASK [/stigforge/roles/rhel8_cis : Declare syscalls found per file] ************
skipping: [localhost]

TASK [/stigforge/roles/rhel8_cis : Declare files where syscalls were found] ****
skipping: [localhost]

TASK [/stigforge/roles/rhel8_cis : Count occurrences of syscalls in paths] *****
skipping: [localhost]

TASK [/stigforge/roles/rhel8_cis : Get path with most syscalls] ****************
skipping: [localhost]

TASK [/stigforge/roles/rhel8_cis : No file with syscall found, set path to /etc/audit/rules.d/perm_mod.rules] ***
skipping: [localhost]

TASK [/stigforge/roles/rhel8_cis : Declare found syscalls] *********************
skipping: [localhost]

TASK [/stigforge/roles/rhel8_cis : Declare missing syscalls] *******************
skipping: [localhost]

TASK [/stigforge/roles/rhel8_cis : Replace the audit rule in {{ audit_file }}] ***
skipping: [localhost]

TASK [/stigforge/roles/rhel8_cis : Add the audit rule to {{ audit_file }}] *****
skipping: [localhost]

TASK [/stigforge/roles/rhel8_cis : Declare list of syscalls] *******************
skipping: [localhost]

TASK [/stigforge/roles/rhel8_cis : Check existence of lremovexattr in /etc/audit/audit.rules] ***
skipping: [localhost]

TASK [/stigforge/roles/rhel8_cis : Set path to /etc/audit/audit.rules] *********
skipping: [localhost]

TASK [/stigforge/roles/rhel8_cis : Declare found syscalls] *********************
skipping: [localhost]

TASK [/stigforge/roles/rhel8_cis : Declare missing syscalls] *******************
skipping: [localhost]

TASK [/stigforge/roles/rhel8_cis : Replace the audit rule in {{ audit_file }}] ***
skipping: [localhost]

TASK [/stigforge/roles/rhel8_cis : Add the audit rule to {{ audit_file }}] *****
skipping: [localhost]

TASK [/stigforge/roles/rhel8_cis : Declare list of syscalls] *******************
skipping: [localhost]

TASK [/stigforge/roles/rhel8_cis : Check existence of lremovexattr in /etc/audit/rules.d/] ***
skipping: [localhost]

TASK [/stigforge/roles/rhel8_cis : Reset syscalls found per file] **************
skipping: [localhost]

TASK [/stigforge/roles/rhel8_cis : Declare syscalls found per file] ************
skipping: [localhost]

TASK [/stigforge/roles/rhel8_cis : Declare files where syscalls were found] ****
skipping: [localhost]

TASK [/stigforge/roles/rhel8_cis : Count occurrences of syscalls in paths] *****
skipping: [localhost]

TASK [/stigforge/roles/rhel8_cis : Get path with most syscalls] ****************
skipping: [localhost]

TASK [/stigforge/roles/rhel8_cis : No file with syscall found, set path to /etc/audit/rules.d/perm_mod.rules] ***
skipping: [localhost]

TASK [/stigforge/roles/rhel8_cis : Declare found syscalls] *********************
skipping: [localhost]

TASK [/stigforge/roles/rhel8_cis : Declare missing syscalls] *******************
skipping: [localhost]

TASK [/stigforge/roles/rhel8_cis : Replace the audit rule in {{ audit_file }}] ***
skipping: [localhost]

TASK [/stigforge/roles/rhel8_cis : Add the audit rule to {{ audit_file }}] *****
skipping: [localhost]

TASK [/stigforge/roles/rhel8_cis : Declare list of syscalls] *******************
skipping: [localhost]

TASK [/stigforge/roles/rhel8_cis : Check existence of lremovexattr in /etc/audit/audit.rules] ***
skipping: [localhost]

TASK [/stigforge/roles/rhel8_cis : Set path to /etc/audit/audit.rules] *********
skipping: [localhost]

TASK [/stigforge/roles/rhel8_cis : Declare found syscalls] *********************
skipping: [localhost]

TASK [/stigforge/roles/rhel8_cis : Declare missing syscalls] *******************
skipping: [localhost]

TASK [/stigforge/roles/rhel8_cis : Replace the audit rule in {{ audit_file }}] ***
skipping: [localhost]

TASK [/stigforge/roles/rhel8_cis : Add the audit rule to {{ audit_file }}] *****
skipping: [localhost]

TASK [/stigforge/roles/rhel8_cis : Declare list of syscalls] *******************
skipping: [localhost]

TASK [/stigforge/roles/rhel8_cis : Check existence of lremovexattr in /etc/audit/rules.d/] ***
skipping: [localhost]

TASK [/stigforge/roles/rhel8_cis : Reset syscalls found per file] **************
skipping: [localhost]

TASK [/stigforge/roles/rhel8_cis : Declare syscalls found per file] ************
skipping: [localhost]

TASK [/stigforge/roles/rhel8_cis : Declare files where syscalls were found] ****
skipping: [localhost]

TASK [/stigforge/roles/rhel8_cis : Count occurrences of syscalls in paths] *****
skipping: [localhost]

TASK [/stigforge/roles/rhel8_cis : Get path with most syscalls] ****************
skipping: [localhost]

TASK [/stigforge/roles/rhel8_cis : No file with syscall found, set path to /etc/audit/rules.d/perm_mod.rules] ***
skipping: [localhost]

TASK [/stigforge/roles/rhel8_cis : Declare found syscalls] *********************
skipping: [localhost]

TASK [/stigforge/roles/rhel8_cis : Declare missing syscalls] *******************
skipping: [localhost]

TASK [/stigforge/roles/rhel8_cis : Replace the audit rule in {{ audit_file }}] ***
skipping: [localhost]

TASK [/stigforge/roles/rhel8_cis : Add the audit rule to {{ audit_file }}] *****
skipping: [localhost]

TASK [/stigforge/roles/rhel8_cis : Declare list of syscalls] *******************
skipping: [localhost]

TASK [/stigforge/roles/rhel8_cis : Check existence of lremovexattr in /etc/audit/audit.rules] ***
skipping: [localhost]

TASK [/stigforge/roles/rhel8_cis : Set path to /etc/audit/audit.rules] *********
skipping: [localhost]

TASK [/stigforge/roles/rhel8_cis : Declare found syscalls] *********************
skipping: [localhost]

TASK [/stigforge/roles/rhel8_cis : Declare missing syscalls] *******************
skipping: [localhost]

TASK [/stigforge/roles/rhel8_cis : Replace the audit rule in {{ audit_file }}] ***
skipping: [localhost]

TASK [/stigforge/roles/rhel8_cis : Add the audit rule to {{ audit_file }}] *****
skipping: [localhost]

TASK [/stigforge/roles/rhel8_cis : Declare list of syscalls] *******************
skipping: [localhost]

TASK [/stigforge/roles/rhel8_cis : Check existence of lremovexattr in /etc/audit/rules.d/] ***
skipping: [localhost]

TASK [/stigforge/roles/rhel8_cis : Reset syscalls found per file] **************
skipping: [localhost]

TASK [/stigforge/roles/rhel8_cis : Declare syscalls found per file] ************
skipping: [localhost]

TASK [/stigforge/roles/rhel8_cis : Declare files where syscalls were found] ****
skipping: [localhost]

TASK [/stigforge/roles/rhel8_cis : Count occurrences of syscalls in paths] *****
skipping: [localhost]

TASK [/stigforge/roles/rhel8_cis : Get path with most syscalls] ****************
skipping: [localhost]

TASK [/stigforge/roles/rhel8_cis : No file with syscall found, set path to /etc/audit/rules.d/perm_mod.rules] ***
skipping: [localhost]

TASK [/stigforge/roles/rhel8_cis : Declare found syscalls] *********************
skipping: [localhost]

TASK [/stigforge/roles/rhel8_cis : Declare missing syscalls] *******************
skipping: [localhost]

TASK [/stigforge/roles/rhel8_cis : Replace the audit rule in {{ audit_file }}] ***
skipping: [localhost]

TASK [/stigforge/roles/rhel8_cis : Add the audit rule to {{ audit_file }}] *****
skipping: [localhost]

TASK [/stigforge/roles/rhel8_cis : Declare list of syscalls] *******************
skipping: [localhost]

TASK [/stigforge/roles/rhel8_cis : Check existence of lremovexattr in /etc/audit/audit.rules] ***
skipping: [localhost]

TASK [/stigforge/roles/rhel8_cis : Set path to /etc/audit/audit.rules] *********
skipping: [localhost]

TASK [/stigforge/roles/rhel8_cis : Declare found syscalls] *********************
skipping: [localhost]

TASK [/stigforge/roles/rhel8_cis : Declare missing syscalls] *******************
skipping: [localhost]

TASK [/stigforge/roles/rhel8_cis : Replace the audit rule in {{ audit_file }}] ***
skipping: [localhost]

TASK [/stigforge/roles/rhel8_cis : Add the audit rule to {{ audit_file }}] *****
skipping: [localhost]

TASK [/stigforge/roles/rhel8_cis : Set architecture for audit lsetxattr tasks] ***
skipping: [localhost]

TASK [/stigforge/roles/rhel8_cis : Declare list of syscalls] *******************
skipping: [localhost]

TASK [/stigforge/roles/rhel8_cis : Check existence of lsetxattr in /etc/audit/rules.d/] ***
skipping: [localhost]

TASK [/stigforge/roles/rhel8_cis : Reset syscalls found per file] **************
skipping: [localhost]

TASK [/stigforge/roles/rhel8_cis : Declare syscalls found per file] ************
skipping: [localhost]

TASK [/stigforge/roles/rhel8_cis : Declare files where syscalls were found] ****
skipping: [localhost]

TASK [/stigforge/roles/rhel8_cis : Count occurrences of syscalls in paths] *****
skipping: [localhost]

TASK [/stigforge/roles/rhel8_cis : Get path with most syscalls] ****************
skipping: [localhost]

TASK [/stigforge/roles/rhel8_cis : No file with syscall found, set path to /etc/audit/rules.d/perm_mod.rules] ***
skipping: [localhost]

TASK [/stigforge/roles/rhel8_cis : Declare found syscalls] *********************
skipping: [localhost]

TASK [/stigforge/roles/rhel8_cis : Declare missing syscalls] *******************
skipping: [localhost]

TASK [/stigforge/roles/rhel8_cis : Replace the audit rule in {{ audit_file }}] ***
skipping: [localhost]

TASK [/stigforge/roles/rhel8_cis : Add the audit rule to {{ audit_file }}] *****
skipping: [localhost]

TASK [/stigforge/roles/rhel8_cis : Declare list of syscalls] *******************
skipping: [localhost]

TASK [/stigforge/roles/rhel8_cis : Check existence of lsetxattr in /etc/audit/audit.rules] ***
skipping: [localhost]

TASK [/stigforge/roles/rhel8_cis : Set path to /etc/audit/audit.rules] *********
skipping: [localhost]

TASK [/stigforge/roles/rhel8_cis : Declare found syscalls] *********************
skipping: [localhost]

TASK [/stigforge/roles/rhel8_cis : Declare missing syscalls] *******************
skipping: [localhost]

TASK [/stigforge/roles/rhel8_cis : Replace the audit rule in {{ audit_file }}] ***
skipping: [localhost]

TASK [/stigforge/roles/rhel8_cis : Add the audit rule to {{ audit_file }}] *****
skipping: [localhost]

TASK [/stigforge/roles/rhel8_cis : Declare list of syscalls] *******************
skipping: [localhost]

TASK [/stigforge/roles/rhel8_cis : Check existence of lsetxattr in /etc/audit/rules.d/] ***
skipping: [localhost]

TASK [/stigforge/roles/rhel8_cis : Reset syscalls found per file] **************
skipping: [localhost]

TASK [/stigforge/roles/rhel8_cis : Declare syscalls found per file] ************
skipping: [localhost]

TASK [/stigforge/roles/rhel8_cis : Declare files where syscalls were found] ****
skipping: [localhost]

TASK [/stigforge/roles/rhel8_cis : Count occurrences of syscalls in paths] *****
skipping: [localhost]

TASK [/stigforge/roles/rhel8_cis : Get path with most syscalls] ****************
skipping: [localhost]

TASK [/stigforge/roles/rhel8_cis : No file with syscall found, set path to /etc/audit/rules.d/perm_mod.rules] ***
skipping: [localhost]

TASK [/stigforge/roles/rhel8_cis : Declare found syscalls] *********************
skipping: [localhost]

TASK [/stigforge/roles/rhel8_cis : Declare missing syscalls] *******************
skipping: [localhost]

TASK [/stigforge/roles/rhel8_cis : Replace the audit rule in {{ audit_file }}] ***
skipping: [localhost]

TASK [/stigforge/roles/rhel8_cis : Add the audit rule to {{ audit_file }}] *****
skipping: [localhost]

TASK [/stigforge/roles/rhel8_cis : Declare list of syscalls] *******************
skipping: [localhost]

TASK [/stigforge/roles/rhel8_cis : Check existence of lsetxattr in /etc/audit/audit.rules] ***
skipping: [localhost]

TASK [/stigforge/roles/rhel8_cis : Set path to /etc/audit/audit.rules] *********
skipping: [localhost]

TASK [/stigforge/roles/rhel8_cis : Declare found syscalls] *********************
skipping: [localhost]

TASK [/stigforge/roles/rhel8_cis : Declare missing syscalls] *******************
skipping: [localhost]

TASK [/stigforge/roles/rhel8_cis : Replace the audit rule in {{ audit_file }}] ***
skipping: [localhost]

TASK [/stigforge/roles/rhel8_cis : Add the audit rule to {{ audit_file }}] *****
skipping: [localhost]

TASK [/stigforge/roles/rhel8_cis : Declare list of syscalls] *******************
skipping: [localhost]

TASK [/stigforge/roles/rhel8_cis : Check existence of lsetxattr in /etc/audit/rules.d/] ***
skipping: [localhost]

TASK [/stigforge/roles/rhel8_cis : Reset syscalls found per file] **************
skipping: [localhost]

TASK [/stigforge/roles/rhel8_cis : Declare syscalls found per file] ************
skipping: [localhost]

TASK [/stigforge/roles/rhel8_cis : Declare files where syscalls were found] ****
skipping: [localhost]

TASK [/stigforge/roles/rhel8_cis : Count occurrences of syscalls in paths] *****
skipping: [localhost]

TASK [/stigforge/roles/rhel8_cis : Get path with most syscalls] ****************
skipping: [localhost]

TASK [/stigforge/roles/rhel8_cis : No file with syscall found, set path to /etc/audit/rules.d/perm_mod.rules] ***
skipping: [localhost]

TASK [/stigforge/roles/rhel8_cis : Declare found syscalls] *********************
skipping: [localhost]

TASK [/stigforge/roles/rhel8_cis : Declare missing syscalls] *******************
skipping: [localhost]

TASK [/stigforge/roles/rhel8_cis : Replace the audit rule in {{ audit_file }}] ***
skipping: [localhost]

TASK [/stigforge/roles/rhel8_cis : Add the audit rule to {{ audit_file }}] *****
skipping: [localhost]

TASK [/stigforge/roles/rhel8_cis : Declare list of syscalls] *******************
skipping: [localhost]

TASK [/stigforge/roles/rhel8_cis : Check existence of lsetxattr in /etc/audit/audit.rules] ***
skipping: [localhost]

TASK [/stigforge/roles/rhel8_cis : Set path to /etc/audit/audit.rules] *********
skipping: [localhost]

TASK [/stigforge/roles/rhel8_cis : Declare found syscalls] *********************
skipping: [localhost]

TASK [/stigforge/roles/rhel8_cis : Declare missing syscalls] *******************
skipping: [localhost]

TASK [/stigforge/roles/rhel8_cis : Replace the audit rule in {{ audit_file }}] ***
skipping: [localhost]

TASK [/stigforge/roles/rhel8_cis : Add the audit rule to {{ audit_file }}] *****
skipping: [localhost]

TASK [/stigforge/roles/rhel8_cis : Declare list of syscalls] *******************
skipping: [localhost]

TASK [/stigforge/roles/rhel8_cis : Check existence of lsetxattr in /etc/audit/rules.d/] ***
skipping: [localhost]

TASK [/stigforge/roles/rhel8_cis : Reset syscalls found per file] **************
skipping: [localhost]

TASK [/stigforge/roles/rhel8_cis : Declare syscalls found per file] ************
skipping: [localhost]

TASK [/stigforge/roles/rhel8_cis : Declare files where syscalls were found] ****
skipping: [localhost]

TASK [/stigforge/roles/rhel8_cis : Count occurrences of syscalls in paths] *****
skipping: [localhost]

TASK [/stigforge/roles/rhel8_cis : Get path with most syscalls] ****************
skipping: [localhost]

TASK [/stigforge/roles/rhel8_cis : No file with syscall found, set path to /etc/audit/rules.d/perm_mod.rules] ***
skipping: [localhost]

TASK [/stigforge/roles/rhel8_cis : Declare found syscalls] *********************
skipping: [localhost]

TASK [/stigforge/roles/rhel8_cis : Declare missing syscalls] *******************
skipping: [localhost]

TASK [/stigforge/roles/rhel8_cis : Replace the audit rule in {{ audit_file }}] ***
skipping: [localhost]

TASK [/stigforge/roles/rhel8_cis : Add the audit rule to {{ audit_file }}] *****
skipping: [localhost]

TASK [/stigforge/roles/rhel8_cis : Declare list of syscalls] *******************
skipping: [localhost]

TASK [/stigforge/roles/rhel8_cis : Check existence of lsetxattr in /etc/audit/audit.rules] ***
skipping: [localhost]

TASK [/stigforge/roles/rhel8_cis : Set path to /etc/audit/audit.rules] *********
skipping: [localhost]

TASK [/stigforge/roles/rhel8_cis : Declare found syscalls] *********************
skipping: [localhost]

TASK [/stigforge/roles/rhel8_cis : Declare missing syscalls] *******************
skipping: [localhost]

TASK [/stigforge/roles/rhel8_cis : Replace the audit rule in {{ audit_file }}] ***
skipping: [localhost]

TASK [/stigforge/roles/rhel8_cis : Add the audit rule to {{ audit_file }}] *****
skipping: [localhost]

TASK [/stigforge/roles/rhel8_cis : Set architecture for audit removexattr tasks] ***
skipping: [localhost]

TASK [/stigforge/roles/rhel8_cis : Declare list of syscalls] *******************
skipping: [localhost]

TASK [/stigforge/roles/rhel8_cis : Check existence of removexattr in /etc/audit/rules.d/] ***
skipping: [localhost]

TASK [/stigforge/roles/rhel8_cis : Reset syscalls found per file] **************
skipping: [localhost]

TASK [/stigforge/roles/rhel8_cis : Declare syscalls found per file] ************
skipping: [localhost]

TASK [/stigforge/roles/rhel8_cis : Declare files where syscalls were found] ****
skipping: [localhost]

TASK [/stigforge/roles/rhel8_cis : Count occurrences of syscalls in paths] *****
skipping: [localhost]

TASK [/stigforge/roles/rhel8_cis : Get path with most syscalls] ****************
skipping: [localhost]

TASK [/stigforge/roles/rhel8_cis : No file with syscall found, set path to /etc/audit/rules.d/perm_mod.rules] ***
skipping: [localhost]

TASK [/stigforge/roles/rhel8_cis : Declare found syscalls] *********************
skipping: [localhost]

TASK [/stigforge/roles/rhel8_cis : Declare missing syscalls] *******************
skipping: [localhost]

TASK [/stigforge/roles/rhel8_cis : Replace the audit rule in {{ audit_file }}] ***
skipping: [localhost]

TASK [/stigforge/roles/rhel8_cis : Add the audit rule to {{ audit_file }}] *****
skipping: [localhost]

TASK [/stigforge/roles/rhel8_cis : Declare list of syscalls] *******************
skipping: [localhost]

TASK [/stigforge/roles/rhel8_cis : Check existence of removexattr in /etc/audit/audit.rules] ***
skipping: [localhost]

TASK [/stigforge/roles/rhel8_cis : Set path to /etc/audit/audit.rules] *********
skipping: [localhost]

TASK [/stigforge/roles/rhel8_cis : Declare found syscalls] *********************
skipping: [localhost]

TASK [/stigforge/roles/rhel8_cis : Declare missing syscalls] *******************
skipping: [localhost]

TASK [/stigforge/roles/rhel8_cis : Replace the audit rule in {{ audit_file }}] ***
skipping: [localhost]

TASK [/stigforge/roles/rhel8_cis : Add the audit rule to {{ audit_file }}] *****
skipping: [localhost]

TASK [/stigforge/roles/rhel8_cis : Declare list of syscalls] *******************
skipping: [localhost]

TASK [/stigforge/roles/rhel8_cis : Check existence of removexattr in /etc/audit/rules.d/] ***
skipping: [localhost]

TASK [/stigforge/roles/rhel8_cis : Reset syscalls found per file] **************
skipping: [localhost]

TASK [/stigforge/roles/rhel8_cis : Declare syscalls found per file] ************
skipping: [localhost]

TASK [/stigforge/roles/rhel8_cis : Declare files where syscalls were found] ****
skipping: [localhost]

TASK [/stigforge/roles/rhel8_cis : Count occurrences of syscalls in paths] *****
skipping: [localhost]

TASK [/stigforge/roles/rhel8_cis : Get path with most syscalls] ****************
skipping: [localhost]

TASK [/stigforge/roles/rhel8_cis : No file with syscall found, set path to /etc/audit/rules.d/perm_mod.rules] ***
skipping: [localhost]

TASK [/stigforge/roles/rhel8_cis : Declare found syscalls] *********************
skipping: [localhost]

TASK [/stigforge/roles/rhel8_cis : Declare missing syscalls] *******************
skipping: [localhost]

TASK [/stigforge/roles/rhel8_cis : Replace the audit rule in {{ audit_file }}] ***
skipping: [localhost]

TASK [/stigforge/roles/rhel8_cis : Add the audit rule to {{ audit_file }}] *****
skipping: [localhost]

TASK [/stigforge/roles/rhel8_cis : Declare list of syscalls] *******************
skipping: [localhost]

TASK [/stigforge/roles/rhel8_cis : Check existence of removexattr in /etc/audit/audit.rules] ***
skipping: [localhost]

TASK [/stigforge/roles/rhel8_cis : Set path to /etc/audit/audit.rules] *********
skipping: [localhost]

TASK [/stigforge/roles/rhel8_cis : Declare found syscalls] *********************
skipping: [localhost]

TASK [/stigforge/roles/rhel8_cis : Declare missing syscalls] *******************
skipping: [localhost]

TASK [/stigforge/roles/rhel8_cis : Replace the audit rule in {{ audit_file }}] ***
skipping: [localhost]

TASK [/stigforge/roles/rhel8_cis : Add the audit rule to {{ audit_file }}] *****
skipping: [localhost]

TASK [/stigforge/roles/rhel8_cis : Declare list of syscalls] *******************
skipping: [localhost]

TASK [/stigforge/roles/rhel8_cis : Check existence of removexattr in /etc/audit/rules.d/] ***
skipping: [localhost]

TASK [/stigforge/roles/rhel8_cis : Reset syscalls found per file] **************
skipping: [localhost]

TASK [/stigforge/roles/rhel8_cis : Declare syscalls found per file] ************
skipping: [localhost]

TASK [/stigforge/roles/rhel8_cis : Declare files where syscalls were found] ****
skipping: [localhost]

TASK [/stigforge/roles/rhel8_cis : Count occurrences of syscalls in paths] *****
skipping: [localhost]

TASK [/stigforge/roles/rhel8_cis : Get path with most syscalls] ****************
skipping: [localhost]

TASK [/stigforge/roles/rhel8_cis : No file with syscall found, set path to /etc/audit/rules.d/perm_mod.rules] ***
skipping: [localhost]

TASK [/stigforge/roles/rhel8_cis : Declare found syscalls] *********************
skipping: [localhost]

TASK [/stigforge/roles/rhel8_cis : Declare missing syscalls] *******************
skipping: [localhost]

TASK [/stigforge/roles/rhel8_cis : Replace the audit rule in {{ audit_file }}] ***
skipping: [localhost]

TASK [/stigforge/roles/rhel8_cis : Add the audit rule to {{ audit_file }}] *****
skipping: [localhost]

TASK [/stigforge/roles/rhel8_cis : Declare list of syscalls] *******************
skipping: [localhost]

TASK [/stigforge/roles/rhel8_cis : Check existence of removexattr in /etc/audit/audit.rules] ***
skipping: [localhost]

TASK [/stigforge/roles/rhel8_cis : Set path to /etc/audit/audit.rules] *********
skipping: [localhost]

TASK [/stigforge/roles/rhel8_cis : Declare found syscalls] *********************
skipping: [localhost]

TASK [/stigforge/roles/rhel8_cis : Declare missing syscalls] *******************
skipping: [localhost]

TASK [/stigforge/roles/rhel8_cis : Replace the audit rule in {{ audit_file }}] ***
skipping: [localhost]

TASK [/stigforge/roles/rhel8_cis : Add the audit rule to {{ audit_file }}] *****
skipping: [localhost]

TASK [/stigforge/roles/rhel8_cis : Declare list of syscalls] *******************
skipping: [localhost]

TASK [/stigforge/roles/rhel8_cis : Check existence of removexattr in /etc/audit/rules.d/] ***
skipping: [localhost]

TASK [/stigforge/roles/rhel8_cis : Reset syscalls found per file] **************
skipping: [localhost]

TASK [/stigforge/roles/rhel8_cis : Declare syscalls found per file] ************
skipping: [localhost]

TASK [/stigforge/roles/rhel8_cis : Declare files where syscalls were found] ****
skipping: [localhost]

TASK [/stigforge/roles/rhel8_cis : Count occurrences of syscalls in paths] *****
skipping: [localhost]

TASK [/stigforge/roles/rhel8_cis : Get path with most syscalls] ****************
skipping: [localhost]

TASK [/stigforge/roles/rhel8_cis : No file with syscall found, set path to /etc/audit/rules.d/perm_mod.rules] ***
skipping: [localhost]

TASK [/stigforge/roles/rhel8_cis : Declare found syscalls] *********************
skipping: [localhost]

TASK [/stigforge/roles/rhel8_cis : Declare missing syscalls] *******************
skipping: [localhost]

TASK [/stigforge/roles/rhel8_cis : Replace the audit rule in {{ audit_file }}] ***
skipping: [localhost]

TASK [/stigforge/roles/rhel8_cis : Add the audit rule to {{ audit_file }}] *****
skipping: [localhost]

TASK [/stigforge/roles/rhel8_cis : Declare list of syscalls] *******************
skipping: [localhost]

TASK [/stigforge/roles/rhel8_cis : Check existence of removexattr in /etc/audit/audit.rules] ***
skipping: [localhost]

TASK [/stigforge/roles/rhel8_cis : Set path to /etc/audit/audit.rules] *********
skipping: [localhost]

TASK [/stigforge/roles/rhel8_cis : Declare found syscalls] *********************
skipping: [localhost]

TASK [/stigforge/roles/rhel8_cis : Declare missing syscalls] *******************
skipping: [localhost]

TASK [/stigforge/roles/rhel8_cis : Replace the audit rule in {{ audit_file }}] ***
skipping: [localhost]

TASK [/stigforge/roles/rhel8_cis : Add the audit rule to {{ audit_file }}] *****
skipping: [localhost]

TASK [/stigforge/roles/rhel8_cis : Set architecture for audit setxattr tasks] ***
skipping: [localhost]

TASK [/stigforge/roles/rhel8_cis : Declare list of syscalls] *******************
skipping: [localhost]

TASK [/stigforge/roles/rhel8_cis : Check existence of setxattr in /etc/audit/rules.d/] ***
skipping: [localhost]

TASK [/stigforge/roles/rhel8_cis : Reset syscalls found per file] **************
skipping: [localhost]

TASK [/stigforge/roles/rhel8_cis : Declare syscalls found per file] ************
skipping: [localhost]

TASK [/stigforge/roles/rhel8_cis : Declare files where syscalls were found] ****
skipping: [localhost]

TASK [/stigforge/roles/rhel8_cis : Count occurrences of syscalls in paths] *****
skipping: [localhost]

TASK [/stigforge/roles/rhel8_cis : Get path with most syscalls] ****************
skipping: [localhost]

TASK [/stigforge/roles/rhel8_cis : No file with syscall found, set path to /etc/audit/rules.d/perm_mod.rules] ***
skipping: [localhost]

TASK [/stigforge/roles/rhel8_cis : Declare found syscalls] *********************
skipping: [localhost]

TASK [/stigforge/roles/rhel8_cis : Declare missing syscalls] *******************
skipping: [localhost]

TASK [/stigforge/roles/rhel8_cis : Replace the audit rule in {{ audit_file }}] ***
skipping: [localhost]

TASK [/stigforge/roles/rhel8_cis : Add the audit rule to {{ audit_file }}] *****
skipping: [localhost]

TASK [/stigforge/roles/rhel8_cis : Declare list of syscalls] *******************
skipping: [localhost]

TASK [/stigforge/roles/rhel8_cis : Check existence of setxattr in /etc/audit/audit.rules] ***
skipping: [localhost]

TASK [/stigforge/roles/rhel8_cis : Set path to /etc/audit/audit.rules] *********
skipping: [localhost]

TASK [/stigforge/roles/rhel8_cis : Declare found syscalls] *********************
skipping: [localhost]

TASK [/stigforge/roles/rhel8_cis : Declare missing syscalls] *******************
skipping: [localhost]

TASK [/stigforge/roles/rhel8_cis : Replace the audit rule in {{ audit_file }}] ***
skipping: [localhost]

TASK [/stigforge/roles/rhel8_cis : Add the audit rule to {{ audit_file }}] *****
skipping: [localhost]

TASK [/stigforge/roles/rhel8_cis : Declare list of syscalls] *******************
skipping: [localhost]

TASK [/stigforge/roles/rhel8_cis : Check existence of setxattr in /etc/audit/rules.d/] ***
skipping: [localhost]

TASK [/stigforge/roles/rhel8_cis : Reset syscalls found per file] **************
skipping: [localhost]

TASK [/stigforge/roles/rhel8_cis : Declare syscalls found per file] ************
skipping: [localhost]

TASK [/stigforge/roles/rhel8_cis : Declare files where syscalls were found] ****
skipping: [localhost]

TASK [/stigforge/roles/rhel8_cis : Count occurrences of syscalls in paths] *****
skipping: [localhost]

TASK [/stigforge/roles/rhel8_cis : Get path with most syscalls] ****************
skipping: [localhost]

TASK [/stigforge/roles/rhel8_cis : No file with syscall found, set path to /etc/audit/rules.d/perm_mod.rules] ***
skipping: [localhost]

TASK [/stigforge/roles/rhel8_cis : Declare found syscalls] *********************
skipping: [localhost]

TASK [/stigforge/roles/rhel8_cis : Declare missing syscalls] *******************
skipping: [localhost]

TASK [/stigforge/roles/rhel8_cis : Replace the audit rule in {{ audit_file }}] ***
skipping: [localhost]

TASK [/stigforge/roles/rhel8_cis : Add the audit rule to {{ audit_file }}] *****
skipping: [localhost]

TASK [/stigforge/roles/rhel8_cis : Declare list of syscalls] *******************
skipping: [localhost]

TASK [/stigforge/roles/rhel8_cis : Check existence of setxattr in /etc/audit/audit.rules] ***
skipping: [localhost]

TASK [/stigforge/roles/rhel8_cis : Set path to /etc/audit/audit.rules] *********
skipping: [localhost]

TASK [/stigforge/roles/rhel8_cis : Declare found syscalls] *********************
skipping: [localhost]

TASK [/stigforge/roles/rhel8_cis : Declare missing syscalls] *******************
skipping: [localhost]

TASK [/stigforge/roles/rhel8_cis : Replace the audit rule in {{ audit_file }}] ***
skipping: [localhost]

TASK [/stigforge/roles/rhel8_cis : Add the audit rule to {{ audit_file }}] *****
skipping: [localhost]

TASK [/stigforge/roles/rhel8_cis : Declare list of syscalls] *******************
skipping: [localhost]

TASK [/stigforge/roles/rhel8_cis : Check existence of setxattr in /etc/audit/rules.d/] ***
skipping: [localhost]

TASK [/stigforge/roles/rhel8_cis : Reset syscalls found per file] **************
skipping: [localhost]

TASK [/stigforge/roles/rhel8_cis : Declare syscalls found per file] ************
skipping: [localhost]

TASK [/stigforge/roles/rhel8_cis : Declare files where syscalls were found] ****
skipping: [localhost]

TASK [/stigforge/roles/rhel8_cis : Count occurrences of syscalls in paths] *****
skipping: [localhost]

TASK [/stigforge/roles/rhel8_cis : Get path with most syscalls] ****************
skipping: [localhost]

TASK [/stigforge/roles/rhel8_cis : No file with syscall found, set path to /etc/audit/rules.d/perm_mod.rules] ***
skipping: [localhost]

TASK [/stigforge/roles/rhel8_cis : Declare found syscalls] *********************
skipping: [localhost]

TASK [/stigforge/roles/rhel8_cis : Declare missing syscalls] *******************
skipping: [localhost]

TASK [/stigforge/roles/rhel8_cis : Replace the audit rule in {{ audit_file }}] ***
skipping: [localhost]

TASK [/stigforge/roles/rhel8_cis : Add the audit rule to {{ audit_file }}] *****
skipping: [localhost]

TASK [/stigforge/roles/rhel8_cis : Declare list of syscalls] *******************
skipping: [localhost]

TASK [/stigforge/roles/rhel8_cis : Check existence of setxattr in /etc/audit/audit.rules] ***
skipping: [localhost]

TASK [/stigforge/roles/rhel8_cis : Set path to /etc/audit/audit.rules] *********
skipping: [localhost]

TASK [/stigforge/roles/rhel8_cis : Declare found syscalls] *********************
skipping: [localhost]

TASK [/stigforge/roles/rhel8_cis : Declare missing syscalls] *******************
skipping: [localhost]

TASK [/stigforge/roles/rhel8_cis : Replace the audit rule in {{ audit_file }}] ***
skipping: [localhost]

TASK [/stigforge/roles/rhel8_cis : Add the audit rule to {{ audit_file }}] *****
skipping: [localhost]

TASK [/stigforge/roles/rhel8_cis : Declare list of syscalls] *******************
skipping: [localhost]

TASK [/stigforge/roles/rhel8_cis : Check existence of setxattr in /etc/audit/rules.d/] ***
skipping: [localhost]

TASK [/stigforge/roles/rhel8_cis : Reset syscalls found per file] **************
skipping: [localhost]

TASK [/stigforge/roles/rhel8_cis : Declare syscalls found per file] ************
skipping: [localhost]

TASK [/stigforge/roles/rhel8_cis : Declare files where syscalls were found] ****
skipping: [localhost]

TASK [/stigforge/roles/rhel8_cis : Count occurrences of syscalls in paths] *****
skipping: [localhost]

TASK [/stigforge/roles/rhel8_cis : Get path with most syscalls] ****************
skipping: [localhost]

TASK [/stigforge/roles/rhel8_cis : No file with syscall found, set path to /etc/audit/rules.d/perm_mod.rules] ***
skipping: [localhost]

TASK [/stigforge/roles/rhel8_cis : Declare found syscalls] *********************
skipping: [localhost]

TASK [/stigforge/roles/rhel8_cis : Declare missing syscalls] *******************
skipping: [localhost]

TASK [/stigforge/roles/rhel8_cis : Replace the audit rule in {{ audit_file }}] ***
skipping: [localhost]

TASK [/stigforge/roles/rhel8_cis : Add the audit rule to {{ audit_file }}] *****
skipping: [localhost]

TASK [/stigforge/roles/rhel8_cis : Declare list of syscalls] *******************
skipping: [localhost]

TASK [/stigforge/roles/rhel8_cis : Check existence of setxattr in /etc/audit/audit.rules] ***
skipping: [localhost]

TASK [/stigforge/roles/rhel8_cis : Set path to /etc/audit/audit.rules] *********
skipping: [localhost]

TASK [/stigforge/roles/rhel8_cis : Declare found syscalls] *********************
skipping: [localhost]

TASK [/stigforge/roles/rhel8_cis : Declare missing syscalls] *******************
skipping: [localhost]

TASK [/stigforge/roles/rhel8_cis : Replace the audit rule in {{ audit_file }}] ***
skipping: [localhost]

TASK [/stigforge/roles/rhel8_cis : Add the audit rule to {{ audit_file }}] *****
skipping: [localhost]

TASK [/stigforge/roles/rhel8_cis : Declare list of syscalls] *******************
skipping: [localhost]

TASK [/stigforge/roles/rhel8_cis : Check existence of  in /etc/audit/rules.d/] ***
skipping: [localhost]

TASK [/stigforge/roles/rhel8_cis : Reset syscalls found per file] **************
skipping: [localhost]

TASK [/stigforge/roles/rhel8_cis : Declare syscalls found per file] ************
skipping: [localhost]

TASK [/stigforge/roles/rhel8_cis : Declare files where syscalls were found] ****
skipping: [localhost]

TASK [/stigforge/roles/rhel8_cis : Count occurrences of syscalls in paths] *****
skipping: [localhost]

TASK [/stigforge/roles/rhel8_cis : Get path with most syscalls] ****************
skipping: [localhost]

TASK [/stigforge/roles/rhel8_cis : No file with syscall found, set path to /etc/audit/rules.d/privileged.rules] ***
skipping: [localhost]

TASK [/stigforge/roles/rhel8_cis : Declare found syscalls] *********************
skipping: [localhost]

TASK [/stigforge/roles/rhel8_cis : Declare missing syscalls] *******************
skipping: [localhost]

TASK [/stigforge/roles/rhel8_cis : Replace the audit rule in {{ audit_file }}] ***
skipping: [localhost]

TASK [/stigforge/roles/rhel8_cis : Add the audit rule to {{ audit_file }}] *****
skipping: [localhost]

TASK [/stigforge/roles/rhel8_cis : Declare list of syscalls] *******************
skipping: [localhost]

TASK [/stigforge/roles/rhel8_cis : Check existence of  in /etc/audit/audit.rules] ***
skipping: [localhost]

TASK [/stigforge/roles/rhel8_cis : Set path to /etc/audit/audit.rules] *********
skipping: [localhost]

TASK [/stigforge/roles/rhel8_cis : Declare found syscalls] *********************
skipping: [localhost]

TASK [/stigforge/roles/rhel8_cis : Declare missing syscalls] *******************
skipping: [localhost]

TASK [/stigforge/roles/rhel8_cis : Replace the audit rule in {{ audit_file }}] ***
skipping: [localhost]

TASK [/stigforge/roles/rhel8_cis : Add the audit rule to {{ audit_file }}] *****
skipping: [localhost]

TASK [/stigforge/roles/rhel8_cis : Declare list of syscalls] *******************
skipping: [localhost]

TASK [/stigforge/roles/rhel8_cis : Check existence of  in /etc/audit/rules.d/] ***
skipping: [localhost]

TASK [/stigforge/roles/rhel8_cis : Reset syscalls found per file] **************
skipping: [localhost]

TASK [/stigforge/roles/rhel8_cis : Declare syscalls found per file] ************
skipping: [localhost]

TASK [/stigforge/roles/rhel8_cis : Declare files where syscalls were found] ****
skipping: [localhost]

TASK [/stigforge/roles/rhel8_cis : Count occurrences of syscalls in paths] *****
skipping: [localhost]

TASK [/stigforge/roles/rhel8_cis : Get path with most syscalls] ****************
skipping: [localhost]

TASK [/stigforge/roles/rhel8_cis : No file with syscall found, set path to /etc/audit/rules.d/privileged.rules] ***
skipping: [localhost]

TASK [/stigforge/roles/rhel8_cis : Declare found syscalls] *********************
skipping: [localhost]

TASK [/stigforge/roles/rhel8_cis : Declare missing syscalls] *******************
skipping: [localhost]

TASK [/stigforge/roles/rhel8_cis : Replace the audit rule in {{ audit_file }}] ***
skipping: [localhost]

TASK [/stigforge/roles/rhel8_cis : Add the audit rule to {{ audit_file }}] *****
skipping: [localhost]

TASK [/stigforge/roles/rhel8_cis : Declare list of syscalls] *******************
skipping: [localhost]

TASK [/stigforge/roles/rhel8_cis : Check existence of  in /etc/audit/audit.rules] ***
skipping: [localhost]

TASK [/stigforge/roles/rhel8_cis : Set path to /etc/audit/audit.rules] *********
skipping: [localhost]

TASK [/stigforge/roles/rhel8_cis : Declare found syscalls] *********************
skipping: [localhost]

TASK [/stigforge/roles/rhel8_cis : Declare missing syscalls] *******************
skipping: [localhost]

TASK [/stigforge/roles/rhel8_cis : Replace the audit rule in {{ audit_file }}] ***
skipping: [localhost]

TASK [/stigforge/roles/rhel8_cis : Add the audit rule to {{ audit_file }}] *****
skipping: [localhost]

TASK [/stigforge/roles/rhel8_cis : Declare list of syscalls] *******************
skipping: [localhost]

TASK [/stigforge/roles/rhel8_cis : Check existence of  in /etc/audit/rules.d/] ***
skipping: [localhost]

TASK [/stigforge/roles/rhel8_cis : Reset syscalls found per file] **************
skipping: [localhost]

TASK [/stigforge/roles/rhel8_cis : Declare syscalls found per file] ************
skipping: [localhost]

TASK [/stigforge/roles/rhel8_cis : Declare files where syscalls were found] ****
skipping: [localhost]

TASK [/stigforge/roles/rhel8_cis : Count occurrences of syscalls in paths] *****
skipping: [localhost]

TASK [/stigforge/roles/rhel8_cis : Get path with most syscalls] ****************
skipping: [localhost]

TASK [/stigforge/roles/rhel8_cis : No file with syscall found, set path to /etc/audit/rules.d/privileged.rules] ***
skipping: [localhost]

TASK [/stigforge/roles/rhel8_cis : Declare found syscalls] *********************
skipping: [localhost]

TASK [/stigforge/roles/rhel8_cis : Declare missing syscalls] *******************
skipping: [localhost]

TASK [/stigforge/roles/rhel8_cis : Replace the audit rule in {{ audit_file }}] ***
skipping: [localhost]

TASK [/stigforge/roles/rhel8_cis : Add the audit rule to {{ audit_file }}] *****
skipping: [localhost]

TASK [/stigforge/roles/rhel8_cis : Declare list of syscalls] *******************
skipping: [localhost]

TASK [/stigforge/roles/rhel8_cis : Check existence of  in /etc/audit/audit.rules] ***
skipping: [localhost]

TASK [/stigforge/roles/rhel8_cis : Set path to /etc/audit/audit.rules] *********
skipping: [localhost]

TASK [/stigforge/roles/rhel8_cis : Declare found syscalls] *********************
skipping: [localhost]

TASK [/stigforge/roles/rhel8_cis : Declare missing syscalls] *******************
skipping: [localhost]

TASK [/stigforge/roles/rhel8_cis : Replace the audit rule in {{ audit_file }}] ***
skipping: [localhost]

TASK [/stigforge/roles/rhel8_cis : Add the audit rule to {{ audit_file }}] *****
skipping: [localhost]

TASK [/stigforge/roles/rhel8_cis : Set architecture for audit rename tasks] ****
skipping: [localhost]

TASK [/stigforge/roles/rhel8_cis : Declare list of syscalls] *******************
skipping: [localhost]

TASK [/stigforge/roles/rhel8_cis : Check existence of rename in /etc/audit/rules.d/] ***
skipping: [localhost]

TASK [/stigforge/roles/rhel8_cis : Reset syscalls found per file] **************
skipping: [localhost]

TASK [/stigforge/roles/rhel8_cis : Declare syscalls found per file] ************
skipping: [localhost]

TASK [/stigforge/roles/rhel8_cis : Declare files where syscalls were found] ****
skipping: [localhost]

TASK [/stigforge/roles/rhel8_cis : Count occurrences of syscalls in paths] *****
skipping: [localhost]

TASK [/stigforge/roles/rhel8_cis : Get path with most syscalls] ****************
skipping: [localhost]

TASK [/stigforge/roles/rhel8_cis : No file with syscall found, set path to /etc/audit/rules.d/delete.rules] ***
skipping: [localhost]

TASK [/stigforge/roles/rhel8_cis : Declare found syscalls] *********************
skipping: [localhost]

TASK [/stigforge/roles/rhel8_cis : Declare missing syscalls] *******************
skipping: [localhost]

TASK [/stigforge/roles/rhel8_cis : Replace the audit rule in {{ audit_file }}] ***
skipping: [localhost]

TASK [/stigforge/roles/rhel8_cis : Add the audit rule to {{ audit_file }}] *****
skipping: [localhost]

TASK [/stigforge/roles/rhel8_cis : Declare list of syscalls] *******************
skipping: [localhost]

TASK [/stigforge/roles/rhel8_cis : Check existence of rename in /etc/audit/audit.rules] ***
skipping: [localhost]

TASK [/stigforge/roles/rhel8_cis : Set path to /etc/audit/audit.rules] *********
skipping: [localhost]

TASK [/stigforge/roles/rhel8_cis : Declare found syscalls] *********************
skipping: [localhost]

TASK [/stigforge/roles/rhel8_cis : Declare missing syscalls] *******************
skipping: [localhost]

TASK [/stigforge/roles/rhel8_cis : Replace the audit rule in {{ audit_file }}] ***
skipping: [localhost]

TASK [/stigforge/roles/rhel8_cis : Add the audit rule to {{ audit_file }}] *****
skipping: [localhost]

TASK [/stigforge/roles/rhel8_cis : Declare list of syscalls] *******************
skipping: [localhost]

TASK [/stigforge/roles/rhel8_cis : Check existence of rename in /etc/audit/rules.d/] ***
skipping: [localhost]

TASK [/stigforge/roles/rhel8_cis : Reset syscalls found per file] **************
skipping: [localhost]

TASK [/stigforge/roles/rhel8_cis : Declare syscalls found per file] ************
skipping: [localhost]

TASK [/stigforge/roles/rhel8_cis : Declare files where syscalls were found] ****
skipping: [localhost]

TASK [/stigforge/roles/rhel8_cis : Count occurrences of syscalls in paths] *****
skipping: [localhost]

TASK [/stigforge/roles/rhel8_cis : Get path with most syscalls] ****************
skipping: [localhost]

TASK [/stigforge/roles/rhel8_cis : No file with syscall found, set path to /etc/audit/rules.d/delete.rules] ***
skipping: [localhost]

TASK [/stigforge/roles/rhel8_cis : Declare found syscalls] *********************
skipping: [localhost]

TASK [/stigforge/roles/rhel8_cis : Declare missing syscalls] *******************
skipping: [localhost]

TASK [/stigforge/roles/rhel8_cis : Replace the audit rule in {{ audit_file }}] ***
skipping: [localhost]

TASK [/stigforge/roles/rhel8_cis : Add the audit rule to {{ audit_file }}] *****
skipping: [localhost]

TASK [/stigforge/roles/rhel8_cis : Declare list of syscalls] *******************
skipping: [localhost]

TASK [/stigforge/roles/rhel8_cis : Check existence of rename in /etc/audit/audit.rules] ***
skipping: [localhost]

TASK [/stigforge/roles/rhel8_cis : Set path to /etc/audit/audit.rules] *********
skipping: [localhost]

TASK [/stigforge/roles/rhel8_cis : Declare found syscalls] *********************
skipping: [localhost]

TASK [/stigforge/roles/rhel8_cis : Declare missing syscalls] *******************
skipping: [localhost]

TASK [/stigforge/roles/rhel8_cis : Replace the audit rule in {{ audit_file }}] ***
skipping: [localhost]

TASK [/stigforge/roles/rhel8_cis : Add the audit rule to {{ audit_file }}] *****
skipping: [localhost]

TASK [/stigforge/roles/rhel8_cis : Set architecture for audit renameat tasks] ***
skipping: [localhost]

TASK [/stigforge/roles/rhel8_cis : Declare list of syscalls] *******************
skipping: [localhost]

TASK [/stigforge/roles/rhel8_cis : Check existence of renameat in /etc/audit/rules.d/] ***
skipping: [localhost]

TASK [/stigforge/roles/rhel8_cis : Reset syscalls found per file] **************
skipping: [localhost]

TASK [/stigforge/roles/rhel8_cis : Declare syscalls found per file] ************
skipping: [localhost]

TASK [/stigforge/roles/rhel8_cis : Declare files where syscalls were found] ****
skipping: [localhost]

TASK [/stigforge/roles/rhel8_cis : Count occurrences of syscalls in paths] *****
skipping: [localhost]

TASK [/stigforge/roles/rhel8_cis : Get path with most syscalls] ****************
skipping: [localhost]

TASK [/stigforge/roles/rhel8_cis : No file with syscall found, set path to /etc/audit/rules.d/delete.rules] ***
skipping: [localhost]

TASK [/stigforge/roles/rhel8_cis : Declare found syscalls] *********************
skipping: [localhost]

TASK [/stigforge/roles/rhel8_cis : Declare missing syscalls] *******************
skipping: [localhost]

TASK [/stigforge/roles/rhel8_cis : Replace the audit rule in {{ audit_file }}] ***
skipping: [localhost]

TASK [/stigforge/roles/rhel8_cis : Add the audit rule to {{ audit_file }}] *****
skipping: [localhost]

TASK [/stigforge/roles/rhel8_cis : Declare list of syscalls] *******************
skipping: [localhost]

TASK [/stigforge/roles/rhel8_cis : Check existence of renameat in /etc/audit/audit.rules] ***
skipping: [localhost]

TASK [/stigforge/roles/rhel8_cis : Set path to /etc/audit/audit.rules] *********
skipping: [localhost]

TASK [/stigforge/roles/rhel8_cis : Declare found syscalls] *********************
skipping: [localhost]

TASK [/stigforge/roles/rhel8_cis : Declare missing syscalls] *******************
skipping: [localhost]

TASK [/stigforge/roles/rhel8_cis : Replace the audit rule in {{ audit_file }}] ***
skipping: [localhost]

TASK [/stigforge/roles/rhel8_cis : Add the audit rule to {{ audit_file }}] *****
skipping: [localhost]

TASK [/stigforge/roles/rhel8_cis : Declare list of syscalls] *******************
skipping: [localhost]

TASK [/stigforge/roles/rhel8_cis : Check existence of renameat in /etc/audit/rules.d/] ***
skipping: [localhost]

TASK [/stigforge/roles/rhel8_cis : Reset syscalls found per file] **************
skipping: [localhost]

TASK [/stigforge/roles/rhel8_cis : Declare syscalls found per file] ************
skipping: [localhost]

TASK [/stigforge/roles/rhel8_cis : Declare files where syscalls were found] ****
skipping: [localhost]

TASK [/stigforge/roles/rhel8_cis : Count occurrences of syscalls in paths] *****
skipping: [localhost]

TASK [/stigforge/roles/rhel8_cis : Get path with most syscalls] ****************
skipping: [localhost]

TASK [/stigforge/roles/rhel8_cis : No file with syscall found, set path to /etc/audit/rules.d/delete.rules] ***
skipping: [localhost]

TASK [/stigforge/roles/rhel8_cis : Declare found syscalls] *********************
skipping: [localhost]

TASK [/stigforge/roles/rhel8_cis : Declare missing syscalls] *******************
skipping: [localhost]

TASK [/stigforge/roles/rhel8_cis : Replace the audit rule in {{ audit_file }}] ***
skipping: [localhost]

TASK [/stigforge/roles/rhel8_cis : Add the audit rule to {{ audit_file }}] *****
skipping: [localhost]

TASK [/stigforge/roles/rhel8_cis : Declare list of syscalls] *******************
skipping: [localhost]

TASK [/stigforge/roles/rhel8_cis : Check existence of renameat in /etc/audit/audit.rules] ***
skipping: [localhost]

TASK [/stigforge/roles/rhel8_cis : Set path to /etc/audit/audit.rules] *********
skipping: [localhost]

TASK [/stigforge/roles/rhel8_cis : Declare found syscalls] *********************
skipping: [localhost]

TASK [/stigforge/roles/rhel8_cis : Declare missing syscalls] *******************
skipping: [localhost]

TASK [/stigforge/roles/rhel8_cis : Replace the audit rule in {{ audit_file }}] ***
skipping: [localhost]

TASK [/stigforge/roles/rhel8_cis : Add the audit rule to {{ audit_file }}] *****
skipping: [localhost]

TASK [/stigforge/roles/rhel8_cis : Set architecture for audit unlink tasks] ****
skipping: [localhost]

TASK [/stigforge/roles/rhel8_cis : Declare list of syscalls] *******************
skipping: [localhost]

TASK [/stigforge/roles/rhel8_cis : Check existence of unlink in /etc/audit/rules.d/] ***
skipping: [localhost]

TASK [/stigforge/roles/rhel8_cis : Reset syscalls found per file] **************
skipping: [localhost]

TASK [/stigforge/roles/rhel8_cis : Declare syscalls found per file] ************
skipping: [localhost]

TASK [/stigforge/roles/rhel8_cis : Declare files where syscalls were found] ****
skipping: [localhost]

TASK [/stigforge/roles/rhel8_cis : Count occurrences of syscalls in paths] *****
skipping: [localhost]

TASK [/stigforge/roles/rhel8_cis : Get path with most syscalls] ****************
skipping: [localhost]

TASK [/stigforge/roles/rhel8_cis : No file with syscall found, set path to /etc/audit/rules.d/delete.rules] ***
skipping: [localhost]

TASK [/stigforge/roles/rhel8_cis : Declare found syscalls] *********************
skipping: [localhost]

TASK [/stigforge/roles/rhel8_cis : Declare missing syscalls] *******************
skipping: [localhost]

TASK [/stigforge/roles/rhel8_cis : Replace the audit rule in {{ audit_file }}] ***
skipping: [localhost]

TASK [/stigforge/roles/rhel8_cis : Add the audit rule to {{ audit_file }}] *****
skipping: [localhost]

TASK [/stigforge/roles/rhel8_cis : Declare list of syscalls] *******************
skipping: [localhost]

TASK [/stigforge/roles/rhel8_cis : Check existence of unlink in /etc/audit/audit.rules] ***
skipping: [localhost]

TASK [/stigforge/roles/rhel8_cis : Set path to /etc/audit/audit.rules] *********
skipping: [localhost]

TASK [/stigforge/roles/rhel8_cis : Declare found syscalls] *********************
skipping: [localhost]

TASK [/stigforge/roles/rhel8_cis : Declare missing syscalls] *******************
skipping: [localhost]

TASK [/stigforge/roles/rhel8_cis : Replace the audit rule in {{ audit_file }}] ***
skipping: [localhost]

TASK [/stigforge/roles/rhel8_cis : Add the audit rule to {{ audit_file }}] *****
skipping: [localhost]

TASK [/stigforge/roles/rhel8_cis : Declare list of syscalls] *******************
skipping: [localhost]

TASK [/stigforge/roles/rhel8_cis : Check existence of unlink in /etc/audit/rules.d/] ***
skipping: [localhost]

TASK [/stigforge/roles/rhel8_cis : Reset syscalls found per file] **************
skipping: [localhost]

TASK [/stigforge/roles/rhel8_cis : Declare syscalls found per file] ************
skipping: [localhost]

TASK [/stigforge/roles/rhel8_cis : Declare files where syscalls were found] ****
skipping: [localhost]

TASK [/stigforge/roles/rhel8_cis : Count occurrences of syscalls in paths] *****
skipping: [localhost]

TASK [/stigforge/roles/rhel8_cis : Get path with most syscalls] ****************
skipping: [localhost]

TASK [/stigforge/roles/rhel8_cis : No file with syscall found, set path to /etc/audit/rules.d/delete.rules] ***
skipping: [localhost]

TASK [/stigforge/roles/rhel8_cis : Declare found syscalls] *********************
skipping: [localhost]

TASK [/stigforge/roles/rhel8_cis : Declare missing syscalls] *******************
skipping: [localhost]

TASK [/stigforge/roles/rhel8_cis : Replace the audit rule in {{ audit_file }}] ***
skipping: [localhost]

TASK [/stigforge/roles/rhel8_cis : Add the audit rule to {{ audit_file }}] *****
skipping: [localhost]

TASK [/stigforge/roles/rhel8_cis : Declare list of syscalls] *******************
skipping: [localhost]

TASK [/stigforge/roles/rhel8_cis : Check existence of unlink in /etc/audit/audit.rules] ***
skipping: [localhost]

TASK [/stigforge/roles/rhel8_cis : Set path to /etc/audit/audit.rules] *********
skipping: [localhost]

TASK [/stigforge/roles/rhel8_cis : Declare found syscalls] *********************
skipping: [localhost]

TASK [/stigforge/roles/rhel8_cis : Declare missing syscalls] *******************
skipping: [localhost]

TASK [/stigforge/roles/rhel8_cis : Replace the audit rule in {{ audit_file }}] ***
skipping: [localhost]

TASK [/stigforge/roles/rhel8_cis : Add the audit rule to {{ audit_file }}] *****
skipping: [localhost]

TASK [/stigforge/roles/rhel8_cis : Set architecture for audit unlinkat tasks] ***
skipping: [localhost]

TASK [/stigforge/roles/rhel8_cis : Declare list of syscalls] *******************
skipping: [localhost]

TASK [/stigforge/roles/rhel8_cis : Check existence of unlinkat in /etc/audit/rules.d/] ***
skipping: [localhost]

TASK [/stigforge/roles/rhel8_cis : Reset syscalls found per file] **************
skipping: [localhost]

TASK [/stigforge/roles/rhel8_cis : Declare syscalls found per file] ************
skipping: [localhost]

TASK [/stigforge/roles/rhel8_cis : Declare files where syscalls were found] ****
skipping: [localhost]

TASK [/stigforge/roles/rhel8_cis : Count occurrences of syscalls in paths] *****
skipping: [localhost]

TASK [/stigforge/roles/rhel8_cis : Get path with most syscalls] ****************
skipping: [localhost]

TASK [/stigforge/roles/rhel8_cis : No file with syscall found, set path to /etc/audit/rules.d/delete.rules] ***
skipping: [localhost]

TASK [/stigforge/roles/rhel8_cis : Declare found syscalls] *********************
skipping: [localhost]

TASK [/stigforge/roles/rhel8_cis : Declare missing syscalls] *******************
skipping: [localhost]

TASK [/stigforge/roles/rhel8_cis : Replace the audit rule in {{ audit_file }}] ***
skipping: [localhost]

TASK [/stigforge/roles/rhel8_cis : Add the audit rule to {{ audit_file }}] *****
skipping: [localhost]

TASK [/stigforge/roles/rhel8_cis : Declare list of syscalls] *******************
skipping: [localhost]

TASK [/stigforge/roles/rhel8_cis : Check existence of unlinkat in /etc/audit/audit.rules] ***
skipping: [localhost]

TASK [/stigforge/roles/rhel8_cis : Set path to /etc/audit/audit.rules] *********
skipping: [localhost]

TASK [/stigforge/roles/rhel8_cis : Declare found syscalls] *********************
skipping: [localhost]

TASK [/stigforge/roles/rhel8_cis : Declare missing syscalls] *******************
skipping: [localhost]

TASK [/stigforge/roles/rhel8_cis : Replace the audit rule in {{ audit_file }}] ***
skipping: [localhost]

TASK [/stigforge/roles/rhel8_cis : Add the audit rule to {{ audit_file }}] *****
skipping: [localhost]

TASK [/stigforge/roles/rhel8_cis : Declare list of syscalls] *******************
skipping: [localhost]

TASK [/stigforge/roles/rhel8_cis : Check existence of unlinkat in /etc/audit/rules.d/] ***
skipping: [localhost]

TASK [/stigforge/roles/rhel8_cis : Reset syscalls found per file] **************
skipping: [localhost]

TASK [/stigforge/roles/rhel8_cis : Declare syscalls found per file] ************
skipping: [localhost]

TASK [/stigforge/roles/rhel8_cis : Declare files where syscalls were found] ****
skipping: [localhost]

TASK [/stigforge/roles/rhel8_cis : Count occurrences of syscalls in paths] *****
skipping: [localhost]

TASK [/stigforge/roles/rhel8_cis : Get path with most syscalls] ****************
skipping: [localhost]

TASK [/stigforge/roles/rhel8_cis : No file with syscall found, set path to /etc/audit/rules.d/delete.rules] ***
skipping: [localhost]

TASK [/stigforge/roles/rhel8_cis : Declare found syscalls] *********************
skipping: [localhost]

TASK [/stigforge/roles/rhel8_cis : Declare missing syscalls] *******************
skipping: [localhost]

TASK [/stigforge/roles/rhel8_cis : Replace the audit rule in {{ audit_file }}] ***
skipping: [localhost]

TASK [/stigforge/roles/rhel8_cis : Add the audit rule to {{ audit_file }}] *****
skipping: [localhost]

TASK [/stigforge/roles/rhel8_cis : Declare list of syscalls] *******************
skipping: [localhost]

TASK [/stigforge/roles/rhel8_cis : Check existence of unlinkat in /etc/audit/audit.rules] ***
skipping: [localhost]

TASK [/stigforge/roles/rhel8_cis : Set path to /etc/audit/audit.rules] *********
skipping: [localhost]

TASK [/stigforge/roles/rhel8_cis : Declare found syscalls] *********************
skipping: [localhost]

TASK [/stigforge/roles/rhel8_cis : Declare missing syscalls] *******************
skipping: [localhost]

TASK [/stigforge/roles/rhel8_cis : Replace the audit rule in {{ audit_file }}] ***
skipping: [localhost]

TASK [/stigforge/roles/rhel8_cis : Add the audit rule to {{ audit_file }}] *****
skipping: [localhost]

TASK [/stigforge/roles/rhel8_cis : Set architecture for audit creat tasks] *****
skipping: [localhost]

TASK [/stigforge/roles/rhel8_cis : Declare list of syscalls] *******************
skipping: [localhost]

TASK [/stigforge/roles/rhel8_cis : Check existence of creat in /etc/audit/rules.d/] ***
skipping: [localhost]

TASK [/stigforge/roles/rhel8_cis : Reset syscalls found per file] **************
skipping: [localhost]

TASK [/stigforge/roles/rhel8_cis : Declare syscalls found per file] ************
skipping: [localhost]

TASK [/stigforge/roles/rhel8_cis : Declare files where syscalls were found] ****
skipping: [localhost]

TASK [/stigforge/roles/rhel8_cis : Count occurrences of syscalls in paths] *****
skipping: [localhost]

TASK [/stigforge/roles/rhel8_cis : Get path with most syscalls] ****************
skipping: [localhost]

TASK [/stigforge/roles/rhel8_cis : No file with syscall found, set path to /etc/audit/rules.d/access.rules] ***
skipping: [localhost]

TASK [/stigforge/roles/rhel8_cis : Declare found syscalls] *********************
skipping: [localhost]

TASK [/stigforge/roles/rhel8_cis : Declare missing syscalls] *******************
skipping: [localhost]

TASK [/stigforge/roles/rhel8_cis : Replace the audit rule in {{ audit_file }}] ***
skipping: [localhost]

TASK [/stigforge/roles/rhel8_cis : Add the audit rule to {{ audit_file }}] *****
skipping: [localhost]

TASK [/stigforge/roles/rhel8_cis : Declare list of syscalls] *******************
skipping: [localhost]

TASK [/stigforge/roles/rhel8_cis : Check existence of creat in /etc/audit/audit.rules] ***
skipping: [localhost]

TASK [/stigforge/roles/rhel8_cis : Set path to /etc/audit/audit.rules] *********
skipping: [localhost]

TASK [/stigforge/roles/rhel8_cis : Declare found syscalls] *********************
skipping: [localhost]

TASK [/stigforge/roles/rhel8_cis : Declare missing syscalls] *******************
skipping: [localhost]

TASK [/stigforge/roles/rhel8_cis : Replace the audit rule in {{ audit_file }}] ***
skipping: [localhost]

TASK [/stigforge/roles/rhel8_cis : Add the audit rule to {{ audit_file }}] *****
skipping: [localhost]

TASK [/stigforge/roles/rhel8_cis : Declare list of syscalls] *******************
skipping: [localhost]

TASK [/stigforge/roles/rhel8_cis : Check existence of creat in /etc/audit/rules.d/] ***
skipping: [localhost]

TASK [/stigforge/roles/rhel8_cis : Reset syscalls found per file] **************
skipping: [localhost]

TASK [/stigforge/roles/rhel8_cis : Declare syscalls found per file] ************
skipping: [localhost]

TASK [/stigforge/roles/rhel8_cis : Declare files where syscalls were found] ****
skipping: [localhost]

TASK [/stigforge/roles/rhel8_cis : Count occurrences of syscalls in paths] *****
skipping: [localhost]

TASK [/stigforge/roles/rhel8_cis : Get path with most syscalls] ****************
skipping: [localhost]

TASK [/stigforge/roles/rhel8_cis : No file with syscall found, set path to /etc/audit/rules.d/access.rules] ***
skipping: [localhost]

TASK [/stigforge/roles/rhel8_cis : Declare found syscalls] *********************
skipping: [localhost]

TASK [/stigforge/roles/rhel8_cis : Declare missing syscalls] *******************
skipping: [localhost]

TASK [/stigforge/roles/rhel8_cis : Replace the audit rule in {{ audit_file }}] ***
skipping: [localhost]

TASK [/stigforge/roles/rhel8_cis : Add the audit rule to {{ audit_file }}] *****
skipping: [localhost]

TASK [/stigforge/roles/rhel8_cis : Declare list of syscalls] *******************
skipping: [localhost]

TASK [/stigforge/roles/rhel8_cis : Check existence of creat in /etc/audit/audit.rules] ***
skipping: [localhost]

TASK [/stigforge/roles/rhel8_cis : Set path to /etc/audit/audit.rules] *********
skipping: [localhost]

TASK [/stigforge/roles/rhel8_cis : Declare found syscalls] *********************
skipping: [localhost]

TASK [/stigforge/roles/rhel8_cis : Declare missing syscalls] *******************
skipping: [localhost]

TASK [/stigforge/roles/rhel8_cis : Replace the audit rule in {{ audit_file }}] ***
skipping: [localhost]

TASK [/stigforge/roles/rhel8_cis : Add the audit rule to {{ audit_file }}] *****
skipping: [localhost]

TASK [/stigforge/roles/rhel8_cis : Declare list of syscalls] *******************
skipping: [localhost]

TASK [/stigforge/roles/rhel8_cis : Check existence of creat in /etc/audit/rules.d/] ***
skipping: [localhost]

TASK [/stigforge/roles/rhel8_cis : Reset syscalls found per file] **************
skipping: [localhost]

TASK [/stigforge/roles/rhel8_cis : Declare syscalls found per file] ************
skipping: [localhost]

TASK [/stigforge/roles/rhel8_cis : Declare files where syscalls were found] ****
skipping: [localhost]

TASK [/stigforge/roles/rhel8_cis : Count occurrences of syscalls in paths] *****
skipping: [localhost]

TASK [/stigforge/roles/rhel8_cis : Get path with most syscalls] ****************
skipping: [localhost]

TASK [/stigforge/roles/rhel8_cis : No file with syscall found, set path to /etc/audit/rules.d/access.rules] ***
skipping: [localhost]

TASK [/stigforge/roles/rhel8_cis : Declare found syscalls] *********************
skipping: [localhost]

TASK [/stigforge/roles/rhel8_cis : Declare missing syscalls] *******************
skipping: [localhost]

TASK [/stigforge/roles/rhel8_cis : Replace the audit rule in {{ audit_file }}] ***
skipping: [localhost]

TASK [/stigforge/roles/rhel8_cis : Add the audit rule to {{ audit_file }}] *****
skipping: [localhost]

TASK [/stigforge/roles/rhel8_cis : Declare list of syscalls] *******************
skipping: [localhost]

TASK [/stigforge/roles/rhel8_cis : Check existence of creat in /etc/audit/audit.rules] ***
skipping: [localhost]

TASK [/stigforge/roles/rhel8_cis : Set path to /etc/audit/audit.rules] *********
skipping: [localhost]

TASK [/stigforge/roles/rhel8_cis : Declare found syscalls] *********************
skipping: [localhost]

TASK [/stigforge/roles/rhel8_cis : Declare missing syscalls] *******************
skipping: [localhost]

TASK [/stigforge/roles/rhel8_cis : Replace the audit rule in {{ audit_file }}] ***
skipping: [localhost]

TASK [/stigforge/roles/rhel8_cis : Add the audit rule to {{ audit_file }}] *****
skipping: [localhost]

TASK [/stigforge/roles/rhel8_cis : Declare list of syscalls] *******************
skipping: [localhost]

TASK [/stigforge/roles/rhel8_cis : Check existence of creat in /etc/audit/rules.d/] ***
skipping: [localhost]

TASK [/stigforge/roles/rhel8_cis : Reset syscalls found per file] **************
skipping: [localhost]

TASK [/stigforge/roles/rhel8_cis : Declare syscalls found per file] ************
skipping: [localhost]

TASK [/stigforge/roles/rhel8_cis : Declare files where syscalls were found] ****
skipping: [localhost]

TASK [/stigforge/roles/rhel8_cis : Count occurrences of syscalls in paths] *****
skipping: [localhost]

TASK [/stigforge/roles/rhel8_cis : Get path with most syscalls] ****************
skipping: [localhost]

TASK [/stigforge/roles/rhel8_cis : No file with syscall found, set path to /etc/audit/rules.d/access.rules] ***
skipping: [localhost]

TASK [/stigforge/roles/rhel8_cis : Declare found syscalls] *********************
skipping: [localhost]

TASK [/stigforge/roles/rhel8_cis : Declare missing syscalls] *******************
skipping: [localhost]

TASK [/stigforge/roles/rhel8_cis : Replace the audit rule in {{ audit_file }}] ***
skipping: [localhost]

TASK [/stigforge/roles/rhel8_cis : Add the audit rule to {{ audit_file }}] *****
skipping: [localhost]

TASK [/stigforge/roles/rhel8_cis : Declare list of syscalls] *******************
skipping: [localhost]

TASK [/stigforge/roles/rhel8_cis : Check existence of creat in /etc/audit/audit.rules] ***
skipping: [localhost]

TASK [/stigforge/roles/rhel8_cis : Set path to /etc/audit/audit.rules] *********
skipping: [localhost]

TASK [/stigforge/roles/rhel8_cis : Declare found syscalls] *********************
skipping: [localhost]

TASK [/stigforge/roles/rhel8_cis : Declare missing syscalls] *******************
skipping: [localhost]

TASK [/stigforge/roles/rhel8_cis : Replace the audit rule in {{ audit_file }}] ***
skipping: [localhost]

TASK [/stigforge/roles/rhel8_cis : Add the audit rule to {{ audit_file }}] *****
skipping: [localhost]

TASK [/stigforge/roles/rhel8_cis : Set architecture for audit ftruncate tasks] ***
skipping: [localhost]

TASK [/stigforge/roles/rhel8_cis : Declare list of syscalls] *******************
skipping: [localhost]

TASK [/stigforge/roles/rhel8_cis : Check existence of ftruncate in /etc/audit/rules.d/] ***
skipping: [localhost]

TASK [/stigforge/roles/rhel8_cis : Reset syscalls found per file] **************
skipping: [localhost]

TASK [/stigforge/roles/rhel8_cis : Declare syscalls found per file] ************
skipping: [localhost]

TASK [/stigforge/roles/rhel8_cis : Declare files where syscalls were found] ****
skipping: [localhost]

TASK [/stigforge/roles/rhel8_cis : Count occurrences of syscalls in paths] *****
skipping: [localhost]

TASK [/stigforge/roles/rhel8_cis : Get path with most syscalls] ****************
skipping: [localhost]

TASK [/stigforge/roles/rhel8_cis : No file with syscall found, set path to /etc/audit/rules.d/access.rules] ***
skipping: [localhost]

TASK [/stigforge/roles/rhel8_cis : Declare found syscalls] *********************
skipping: [localhost]

TASK [/stigforge/roles/rhel8_cis : Declare missing syscalls] *******************
skipping: [localhost]

TASK [/stigforge/roles/rhel8_cis : Replace the audit rule in {{ audit_file }}] ***
skipping: [localhost]

TASK [/stigforge/roles/rhel8_cis : Add the audit rule to {{ audit_file }}] *****
skipping: [localhost]

TASK [/stigforge/roles/rhel8_cis : Declare list of syscalls] *******************
skipping: [localhost]

TASK [/stigforge/roles/rhel8_cis : Check existence of ftruncate in /etc/audit/audit.rules] ***
skipping: [localhost]

TASK [/stigforge/roles/rhel8_cis : Set path to /etc/audit/audit.rules] *********
skipping: [localhost]

TASK [/stigforge/roles/rhel8_cis : Declare found syscalls] *********************
skipping: [localhost]

TASK [/stigforge/roles/rhel8_cis : Declare missing syscalls] *******************
skipping: [localhost]

TASK [/stigforge/roles/rhel8_cis : Replace the audit rule in {{ audit_file }}] ***
skipping: [localhost]

TASK [/stigforge/roles/rhel8_cis : Add the audit rule to {{ audit_file }}] *****
skipping: [localhost]

TASK [/stigforge/roles/rhel8_cis : Declare list of syscalls] *******************
skipping: [localhost]

TASK [/stigforge/roles/rhel8_cis : Check existence of ftruncate in /etc/audit/rules.d/] ***
skipping: [localhost]

TASK [/stigforge/roles/rhel8_cis : Reset syscalls found per file] **************
skipping: [localhost]

TASK [/stigforge/roles/rhel8_cis : Declare syscalls found per file] ************
skipping: [localhost]

TASK [/stigforge/roles/rhel8_cis : Declare files where syscalls were found] ****
skipping: [localhost]

TASK [/stigforge/roles/rhel8_cis : Count occurrences of syscalls in paths] *****
skipping: [localhost]

TASK [/stigforge/roles/rhel8_cis : Get path with most syscalls] ****************
skipping: [localhost]

TASK [/stigforge/roles/rhel8_cis : No file with syscall found, set path to /etc/audit/rules.d/access.rules] ***
skipping: [localhost]

TASK [/stigforge/roles/rhel8_cis : Declare found syscalls] *********************
skipping: [localhost]

TASK [/stigforge/roles/rhel8_cis : Declare missing syscalls] *******************
skipping: [localhost]

TASK [/stigforge/roles/rhel8_cis : Replace the audit rule in {{ audit_file }}] ***
skipping: [localhost]

TASK [/stigforge/roles/rhel8_cis : Add the audit rule to {{ audit_file }}] *****
skipping: [localhost]

TASK [/stigforge/roles/rhel8_cis : Declare list of syscalls] *******************
skipping: [localhost]

TASK [/stigforge/roles/rhel8_cis : Check existence of ftruncate in /etc/audit/audit.rules] ***
skipping: [localhost]

TASK [/stigforge/roles/rhel8_cis : Set path to /etc/audit/audit.rules] *********
skipping: [localhost]

TASK [/stigforge/roles/rhel8_cis : Declare found syscalls] *********************
skipping: [localhost]

TASK [/stigforge/roles/rhel8_cis : Declare missing syscalls] *******************
skipping: [localhost]

TASK [/stigforge/roles/rhel8_cis : Replace the audit rule in {{ audit_file }}] ***
skipping: [localhost]

TASK [/stigforge/roles/rhel8_cis : Add the audit rule to {{ audit_file }}] *****
skipping: [localhost]

TASK [/stigforge/roles/rhel8_cis : Declare list of syscalls] *******************
skipping: [localhost]

TASK [/stigforge/roles/rhel8_cis : Check existence of ftruncate in /etc/audit/rules.d/] ***
skipping: [localhost]

TASK [/stigforge/roles/rhel8_cis : Reset syscalls found per file] **************
skipping: [localhost]

TASK [/stigforge/roles/rhel8_cis : Declare syscalls found per file] ************
skipping: [localhost]

TASK [/stigforge/roles/rhel8_cis : Declare files where syscalls were found] ****
skipping: [localhost]

TASK [/stigforge/roles/rhel8_cis : Count occurrences of syscalls in paths] *****
skipping: [localhost]

TASK [/stigforge/roles/rhel8_cis : Get path with most syscalls] ****************
skipping: [localhost]

TASK [/stigforge/roles/rhel8_cis : No file with syscall found, set path to /etc/audit/rules.d/access.rules] ***
skipping: [localhost]

TASK [/stigforge/roles/rhel8_cis : Declare found syscalls] *********************
skipping: [localhost]

TASK [/stigforge/roles/rhel8_cis : Declare missing syscalls] *******************
skipping: [localhost]

TASK [/stigforge/roles/rhel8_cis : Replace the audit rule in {{ audit_file }}] ***
skipping: [localhost]

TASK [/stigforge/roles/rhel8_cis : Add the audit rule to {{ audit_file }}] *****
skipping: [localhost]

TASK [/stigforge/roles/rhel8_cis : Declare list of syscalls] *******************
skipping: [localhost]

TASK [/stigforge/roles/rhel8_cis : Check existence of ftruncate in /etc/audit/audit.rules] ***
skipping: [localhost]

TASK [/stigforge/roles/rhel8_cis : Set path to /etc/audit/audit.rules] *********
skipping: [localhost]

TASK [/stigforge/roles/rhel8_cis : Declare found syscalls] *********************
skipping: [localhost]

TASK [/stigforge/roles/rhel8_cis : Declare missing syscalls] *******************
skipping: [localhost]

TASK [/stigforge/roles/rhel8_cis : Replace the audit rule in {{ audit_file }}] ***
skipping: [localhost]

TASK [/stigforge/roles/rhel8_cis : Add the audit rule to {{ audit_file }}] *****
skipping: [localhost]

TASK [/stigforge/roles/rhel8_cis : Declare list of syscalls] *******************
skipping: [localhost]

TASK [/stigforge/roles/rhel8_cis : Check existence of ftruncate in /etc/audit/rules.d/] ***
skipping: [localhost]

TASK [/stigforge/roles/rhel8_cis : Reset syscalls found per file] **************
skipping: [localhost]

TASK [/stigforge/roles/rhel8_cis : Declare syscalls found per file] ************
skipping: [localhost]

TASK [/stigforge/roles/rhel8_cis : Declare files where syscalls were found] ****
skipping: [localhost]

TASK [/stigforge/roles/rhel8_cis : Count occurrences of syscalls in paths] *****
skipping: [localhost]

TASK [/stigforge/roles/rhel8_cis : Get path with most syscalls] ****************
skipping: [localhost]

TASK [/stigforge/roles/rhel8_cis : No file with syscall found, set path to /etc/audit/rules.d/access.rules] ***
skipping: [localhost]

TASK [/stigforge/roles/rhel8_cis : Declare found syscalls] *********************
skipping: [localhost]

TASK [/stigforge/roles/rhel8_cis : Declare missing syscalls] *******************
skipping: [localhost]

TASK [/stigforge/roles/rhel8_cis : Replace the audit rule in {{ audit_file }}] ***
skipping: [localhost]

TASK [/stigforge/roles/rhel8_cis : Add the audit rule to {{ audit_file }}] *****
skipping: [localhost]

TASK [/stigforge/roles/rhel8_cis : Declare list of syscalls] *******************
skipping: [localhost]

TASK [/stigforge/roles/rhel8_cis : Check existence of ftruncate in /etc/audit/audit.rules] ***
skipping: [localhost]

TASK [/stigforge/roles/rhel8_cis : Set path to /etc/audit/audit.rules] *********
skipping: [localhost]

TASK [/stigforge/roles/rhel8_cis : Declare found syscalls] *********************
skipping: [localhost]

TASK [/stigforge/roles/rhel8_cis : Declare missing syscalls] *******************
skipping: [localhost]

TASK [/stigforge/roles/rhel8_cis : Replace the audit rule in {{ audit_file }}] ***
skipping: [localhost]

TASK [/stigforge/roles/rhel8_cis : Add the audit rule to {{ audit_file }}] *****
skipping: [localhost]

TASK [/stigforge/roles/rhel8_cis : Set architecture for audit open tasks] ******
skipping: [localhost]

TASK [/stigforge/roles/rhel8_cis : Declare list of syscalls] *******************
skipping: [localhost]

TASK [/stigforge/roles/rhel8_cis : Check existence of open in /etc/audit/rules.d/] ***
skipping: [localhost]

TASK [/stigforge/roles/rhel8_cis : Reset syscalls found per file] **************
skipping: [localhost]

TASK [/stigforge/roles/rhel8_cis : Declare syscalls found per file] ************
skipping: [localhost]

TASK [/stigforge/roles/rhel8_cis : Declare files where syscalls were found] ****
skipping: [localhost]

TASK [/stigforge/roles/rhel8_cis : Count occurrences of syscalls in paths] *****
skipping: [localhost]

TASK [/stigforge/roles/rhel8_cis : Get path with most syscalls] ****************
skipping: [localhost]

TASK [/stigforge/roles/rhel8_cis : No file with syscall found, set path to /etc/audit/rules.d/access.rules] ***
skipping: [localhost]

TASK [/stigforge/roles/rhel8_cis : Declare found syscalls] *********************
skipping: [localhost]

TASK [/stigforge/roles/rhel8_cis : Declare missing syscalls] *******************
skipping: [localhost]

TASK [/stigforge/roles/rhel8_cis : Replace the audit rule in {{ audit_file }}] ***
skipping: [localhost]

TASK [/stigforge/roles/rhel8_cis : Add the audit rule to {{ audit_file }}] *****
skipping: [localhost]

TASK [/stigforge/roles/rhel8_cis : Declare list of syscalls] *******************
skipping: [localhost]

TASK [/stigforge/roles/rhel8_cis : Check existence of open in /etc/audit/audit.rules] ***
skipping: [localhost]

TASK [/stigforge/roles/rhel8_cis : Set path to /etc/audit/audit.rules] *********
skipping: [localhost]

TASK [/stigforge/roles/rhel8_cis : Declare found syscalls] *********************
skipping: [localhost]

TASK [/stigforge/roles/rhel8_cis : Declare missing syscalls] *******************
skipping: [localhost]

TASK [/stigforge/roles/rhel8_cis : Replace the audit rule in {{ audit_file }}] ***
skipping: [localhost]

TASK [/stigforge/roles/rhel8_cis : Add the audit rule to {{ audit_file }}] *****
skipping: [localhost]

TASK [/stigforge/roles/rhel8_cis : Declare list of syscalls] *******************
skipping: [localhost]

TASK [/stigforge/roles/rhel8_cis : Check existence of open in /etc/audit/rules.d/] ***
skipping: [localhost]

TASK [/stigforge/roles/rhel8_cis : Reset syscalls found per file] **************
skipping: [localhost]

TASK [/stigforge/roles/rhel8_cis : Declare syscalls found per file] ************
skipping: [localhost]

TASK [/stigforge/roles/rhel8_cis : Declare files where syscalls were found] ****
skipping: [localhost]

TASK [/stigforge/roles/rhel8_cis : Count occurrences of syscalls in paths] *****
skipping: [localhost]

TASK [/stigforge/roles/rhel8_cis : Get path with most syscalls] ****************
skipping: [localhost]

TASK [/stigforge/roles/rhel8_cis : No file with syscall found, set path to /etc/audit/rules.d/access.rules] ***
skipping: [localhost]

TASK [/stigforge/roles/rhel8_cis : Declare found syscalls] *********************
skipping: [localhost]

TASK [/stigforge/roles/rhel8_cis : Declare missing syscalls] *******************
skipping: [localhost]

TASK [/stigforge/roles/rhel8_cis : Replace the audit rule in {{ audit_file }}] ***
skipping: [localhost]

TASK [/stigforge/roles/rhel8_cis : Add the audit rule to {{ audit_file }}] *****
skipping: [localhost]

TASK [/stigforge/roles/rhel8_cis : Declare list of syscalls] *******************
skipping: [localhost]

TASK [/stigforge/roles/rhel8_cis : Check existence of open in /etc/audit/audit.rules] ***
skipping: [localhost]

TASK [/stigforge/roles/rhel8_cis : Set path to /etc/audit/audit.rules] *********
skipping: [localhost]

TASK [/stigforge/roles/rhel8_cis : Declare found syscalls] *********************
skipping: [localhost]

TASK [/stigforge/roles/rhel8_cis : Declare missing syscalls] *******************
skipping: [localhost]

TASK [/stigforge/roles/rhel8_cis : Replace the audit rule in {{ audit_file }}] ***
skipping: [localhost]

TASK [/stigforge/roles/rhel8_cis : Add the audit rule to {{ audit_file }}] *****
skipping: [localhost]

TASK [/stigforge/roles/rhel8_cis : Declare list of syscalls] *******************
skipping: [localhost]

TASK [/stigforge/roles/rhel8_cis : Check existence of open in /etc/audit/rules.d/] ***
skipping: [localhost]

TASK [/stigforge/roles/rhel8_cis : Reset syscalls found per file] **************
skipping: [localhost]

TASK [/stigforge/roles/rhel8_cis : Declare syscalls found per file] ************
skipping: [localhost]

TASK [/stigforge/roles/rhel8_cis : Declare files where syscalls were found] ****
skipping: [localhost]

TASK [/stigforge/roles/rhel8_cis : Count occurrences of syscalls in paths] *****
skipping: [localhost]

TASK [/stigforge/roles/rhel8_cis : Get path with most syscalls] ****************
skipping: [localhost]

TASK [/stigforge/roles/rhel8_cis : No file with syscall found, set path to /etc/audit/rules.d/access.rules] ***
skipping: [localhost]

TASK [/stigforge/roles/rhel8_cis : Declare found syscalls] *********************
skipping: [localhost]

TASK [/stigforge/roles/rhel8_cis : Declare missing syscalls] *******************
skipping: [localhost]

TASK [/stigforge/roles/rhel8_cis : Replace the audit rule in {{ audit_file }}] ***
skipping: [localhost]

TASK [/stigforge/roles/rhel8_cis : Add the audit rule to {{ audit_file }}] *****
skipping: [localhost]

TASK [/stigforge/roles/rhel8_cis : Declare list of syscalls] *******************
skipping: [localhost]

TASK [/stigforge/roles/rhel8_cis : Check existence of open in /etc/audit/audit.rules] ***
skipping: [localhost]

TASK [/stigforge/roles/rhel8_cis : Set path to /etc/audit/audit.rules] *********
skipping: [localhost]

TASK [/stigforge/roles/rhel8_cis : Declare found syscalls] *********************
skipping: [localhost]

TASK [/stigforge/roles/rhel8_cis : Declare missing syscalls] *******************
skipping: [localhost]

TASK [/stigforge/roles/rhel8_cis : Replace the audit rule in {{ audit_file }}] ***
skipping: [localhost]

TASK [/stigforge/roles/rhel8_cis : Add the audit rule to {{ audit_file }}] *****
skipping: [localhost]

TASK [/stigforge/roles/rhel8_cis : Declare list of syscalls] *******************
skipping: [localhost]

TASK [/stigforge/roles/rhel8_cis : Check existence of open in /etc/audit/rules.d/] ***
skipping: [localhost]

TASK [/stigforge/roles/rhel8_cis : Reset syscalls found per file] **************
skipping: [localhost]

TASK [/stigforge/roles/rhel8_cis : Declare syscalls found per file] ************
skipping: [localhost]

TASK [/stigforge/roles/rhel8_cis : Declare files where syscalls were found] ****
skipping: [localhost]

TASK [/stigforge/roles/rhel8_cis : Count occurrences of syscalls in paths] *****
skipping: [localhost]

TASK [/stigforge/roles/rhel8_cis : Get path with most syscalls] ****************
skipping: [localhost]

TASK [/stigforge/roles/rhel8_cis : No file with syscall found, set path to /etc/audit/rules.d/access.rules] ***
skipping: [localhost]

TASK [/stigforge/roles/rhel8_cis : Declare found syscalls] *********************
skipping: [localhost]

TASK [/stigforge/roles/rhel8_cis : Declare missing syscalls] *******************
skipping: [localhost]

TASK [/stigforge/roles/rhel8_cis : Replace the audit rule in {{ audit_file }}] ***
skipping: [localhost]

TASK [/stigforge/roles/rhel8_cis : Add the audit rule to {{ audit_file }}] *****
skipping: [localhost]

TASK [/stigforge/roles/rhel8_cis : Declare list of syscalls] *******************
skipping: [localhost]

TASK [/stigforge/roles/rhel8_cis : Check existence of open in /etc/audit/audit.rules] ***
skipping: [localhost]

TASK [/stigforge/roles/rhel8_cis : Set path to /etc/audit/audit.rules] *********
skipping: [localhost]

TASK [/stigforge/roles/rhel8_cis : Declare found syscalls] *********************
skipping: [localhost]

TASK [/stigforge/roles/rhel8_cis : Declare missing syscalls] *******************
skipping: [localhost]

TASK [/stigforge/roles/rhel8_cis : Replace the audit rule in {{ audit_file }}] ***
skipping: [localhost]

TASK [/stigforge/roles/rhel8_cis : Add the audit rule to {{ audit_file }}] *****
skipping: [localhost]

TASK [/stigforge/roles/rhel8_cis : Set architecture for audit openat tasks] ****
skipping: [localhost]

TASK [/stigforge/roles/rhel8_cis : Declare list of syscalls] *******************
skipping: [localhost]

TASK [/stigforge/roles/rhel8_cis : Check existence of openat in /etc/audit/rules.d/] ***
skipping: [localhost]

TASK [/stigforge/roles/rhel8_cis : Reset syscalls found per file] **************
skipping: [localhost]

TASK [/stigforge/roles/rhel8_cis : Declare syscalls found per file] ************
skipping: [localhost]

TASK [/stigforge/roles/rhel8_cis : Declare files where syscalls were found] ****
skipping: [localhost]

TASK [/stigforge/roles/rhel8_cis : Count occurrences of syscalls in paths] *****
skipping: [localhost]

TASK [/stigforge/roles/rhel8_cis : Get path with most syscalls] ****************
skipping: [localhost]

TASK [/stigforge/roles/rhel8_cis : No file with syscall found, set path to /etc/audit/rules.d/access.rules] ***
skipping: [localhost]

TASK [/stigforge/roles/rhel8_cis : Declare found syscalls] *********************
skipping: [localhost]

TASK [/stigforge/roles/rhel8_cis : Declare missing syscalls] *******************
skipping: [localhost]

TASK [/stigforge/roles/rhel8_cis : Replace the audit rule in {{ audit_file }}] ***
skipping: [localhost]

TASK [/stigforge/roles/rhel8_cis : Add the audit rule to {{ audit_file }}] *****
skipping: [localhost]

TASK [/stigforge/roles/rhel8_cis : Declare list of syscalls] *******************
skipping: [localhost]

TASK [/stigforge/roles/rhel8_cis : Check existence of openat in /etc/audit/audit.rules] ***
skipping: [localhost]

TASK [/stigforge/roles/rhel8_cis : Set path to /etc/audit/audit.rules] *********
skipping: [localhost]

TASK [/stigforge/roles/rhel8_cis : Declare found syscalls] *********************
skipping: [localhost]

TASK [/stigforge/roles/rhel8_cis : Declare missing syscalls] *******************
skipping: [localhost]

TASK [/stigforge/roles/rhel8_cis : Replace the audit rule in {{ audit_file }}] ***
skipping: [localhost]

TASK [/stigforge/roles/rhel8_cis : Add the audit rule to {{ audit_file }}] *****
skipping: [localhost]

TASK [/stigforge/roles/rhel8_cis : Declare list of syscalls] *******************
skipping: [localhost]

TASK [/stigforge/roles/rhel8_cis : Check existence of openat in /etc/audit/rules.d/] ***
skipping: [localhost]

TASK [/stigforge/roles/rhel8_cis : Reset syscalls found per file] **************
skipping: [localhost]

TASK [/stigforge/roles/rhel8_cis : Declare syscalls found per file] ************
skipping: [localhost]

TASK [/stigforge/roles/rhel8_cis : Declare files where syscalls were found] ****
skipping: [localhost]

TASK [/stigforge/roles/rhel8_cis : Count occurrences of syscalls in paths] *****
skipping: [localhost]

TASK [/stigforge/roles/rhel8_cis : Get path with most syscalls] ****************
skipping: [localhost]

TASK [/stigforge/roles/rhel8_cis : No file with syscall found, set path to /etc/audit/rules.d/access.rules] ***
skipping: [localhost]

TASK [/stigforge/roles/rhel8_cis : Declare found syscalls] *********************
skipping: [localhost]

TASK [/stigforge/roles/rhel8_cis : Declare missing syscalls] *******************
skipping: [localhost]

TASK [/stigforge/roles/rhel8_cis : Replace the audit rule in {{ audit_file }}] ***
skipping: [localhost]

TASK [/stigforge/roles/rhel8_cis : Add the audit rule to {{ audit_file }}] *****
skipping: [localhost]

TASK [/stigforge/roles/rhel8_cis : Declare list of syscalls] *******************
skipping: [localhost]

TASK [/stigforge/roles/rhel8_cis : Check existence of openat in /etc/audit/audit.rules] ***
skipping: [localhost]

TASK [/stigforge/roles/rhel8_cis : Set path to /etc/audit/audit.rules] *********
skipping: [localhost]

TASK [/stigforge/roles/rhel8_cis : Declare found syscalls] *********************
skipping: [localhost]

TASK [/stigforge/roles/rhel8_cis : Declare missing syscalls] *******************
skipping: [localhost]

TASK [/stigforge/roles/rhel8_cis : Replace the audit rule in {{ audit_file }}] ***
skipping: [localhost]

TASK [/stigforge/roles/rhel8_cis : Add the audit rule to {{ audit_file }}] *****
skipping: [localhost]

TASK [/stigforge/roles/rhel8_cis : Declare list of syscalls] *******************
skipping: [localhost]

TASK [/stigforge/roles/rhel8_cis : Check existence of openat in /etc/audit/rules.d/] ***
skipping: [localhost]

TASK [/stigforge/roles/rhel8_cis : Reset syscalls found per file] **************
skipping: [localhost]

TASK [/stigforge/roles/rhel8_cis : Declare syscalls found per file] ************
skipping: [localhost]

TASK [/stigforge/roles/rhel8_cis : Declare files where syscalls were found] ****
skipping: [localhost]

TASK [/stigforge/roles/rhel8_cis : Count occurrences of syscalls in paths] *****
skipping: [localhost]

TASK [/stigforge/roles/rhel8_cis : Get path with most syscalls] ****************
skipping: [localhost]

TASK [/stigforge/roles/rhel8_cis : No file with syscall found, set path to /etc/audit/rules.d/access.rules] ***
skipping: [localhost]

TASK [/stigforge/roles/rhel8_cis : Declare found syscalls] *********************
skipping: [localhost]

TASK [/stigforge/roles/rhel8_cis : Declare missing syscalls] *******************
skipping: [localhost]

TASK [/stigforge/roles/rhel8_cis : Replace the audit rule in {{ audit_file }}] ***
skipping: [localhost]

TASK [/stigforge/roles/rhel8_cis : Add the audit rule to {{ audit_file }}] *****
skipping: [localhost]

TASK [/stigforge/roles/rhel8_cis : Declare list of syscalls] *******************
skipping: [localhost]

TASK [/stigforge/roles/rhel8_cis : Check existence of openat in /etc/audit/audit.rules] ***
skipping: [localhost]

TASK [/stigforge/roles/rhel8_cis : Set path to /etc/audit/audit.rules] *********
skipping: [localhost]

TASK [/stigforge/roles/rhel8_cis : Declare found syscalls] *********************
skipping: [localhost]

TASK [/stigforge/roles/rhel8_cis : Declare missing syscalls] *******************
skipping: [localhost]

TASK [/stigforge/roles/rhel8_cis : Replace the audit rule in {{ audit_file }}] ***
skipping: [localhost]

TASK [/stigforge/roles/rhel8_cis : Add the audit rule to {{ audit_file }}] *****
skipping: [localhost]

TASK [/stigforge/roles/rhel8_cis : Declare list of syscalls] *******************
skipping: [localhost]

TASK [/stigforge/roles/rhel8_cis : Check existence of openat in /etc/audit/rules.d/] ***
skipping: [localhost]

TASK [/stigforge/roles/rhel8_cis : Reset syscalls found per file] **************
skipping: [localhost]

TASK [/stigforge/roles/rhel8_cis : Declare syscalls found per file] ************
skipping: [localhost]

TASK [/stigforge/roles/rhel8_cis : Declare files where syscalls were found] ****
skipping: [localhost]

TASK [/stigforge/roles/rhel8_cis : Count occurrences of syscalls in paths] *****
skipping: [localhost]

TASK [/stigforge/roles/rhel8_cis : Get path with most syscalls] ****************
skipping: [localhost]

TASK [/stigforge/roles/rhel8_cis : No file with syscall found, set path to /etc/audit/rules.d/access.rules] ***
skipping: [localhost]

TASK [/stigforge/roles/rhel8_cis : Declare found syscalls] *********************
skipping: [localhost]

TASK [/stigforge/roles/rhel8_cis : Declare missing syscalls] *******************
skipping: [localhost]

TASK [/stigforge/roles/rhel8_cis : Replace the audit rule in {{ audit_file }}] ***
skipping: [localhost]

TASK [/stigforge/roles/rhel8_cis : Add the audit rule to {{ audit_file }}] *****
skipping: [localhost]

TASK [/stigforge/roles/rhel8_cis : Declare list of syscalls] *******************
skipping: [localhost]

TASK [/stigforge/roles/rhel8_cis : Check existence of openat in /etc/audit/audit.rules] ***
skipping: [localhost]

TASK [/stigforge/roles/rhel8_cis : Set path to /etc/audit/audit.rules] *********
skipping: [localhost]

TASK [/stigforge/roles/rhel8_cis : Declare found syscalls] *********************
skipping: [localhost]

TASK [/stigforge/roles/rhel8_cis : Declare missing syscalls] *******************
skipping: [localhost]

TASK [/stigforge/roles/rhel8_cis : Replace the audit rule in {{ audit_file }}] ***
skipping: [localhost]

TASK [/stigforge/roles/rhel8_cis : Add the audit rule to {{ audit_file }}] *****
skipping: [localhost]

TASK [/stigforge/roles/rhel8_cis : Set architecture for audit truncate tasks] ***
skipping: [localhost]

TASK [/stigforge/roles/rhel8_cis : Declare list of syscalls] *******************
skipping: [localhost]

TASK [/stigforge/roles/rhel8_cis : Check existence of truncate in /etc/audit/rules.d/] ***
skipping: [localhost]

TASK [/stigforge/roles/rhel8_cis : Reset syscalls found per file] **************
skipping: [localhost]

TASK [/stigforge/roles/rhel8_cis : Declare syscalls found per file] ************
skipping: [localhost]

TASK [/stigforge/roles/rhel8_cis : Declare files where syscalls were found] ****
skipping: [localhost]

TASK [/stigforge/roles/rhel8_cis : Count occurrences of syscalls in paths] *****
skipping: [localhost]

TASK [/stigforge/roles/rhel8_cis : Get path with most syscalls] ****************
skipping: [localhost]

TASK [/stigforge/roles/rhel8_cis : No file with syscall found, set path to /etc/audit/rules.d/access.rules] ***
skipping: [localhost]

TASK [/stigforge/roles/rhel8_cis : Declare found syscalls] *********************
skipping: [localhost]

TASK [/stigforge/roles/rhel8_cis : Declare missing syscalls] *******************
skipping: [localhost]

TASK [/stigforge/roles/rhel8_cis : Replace the audit rule in {{ audit_file }}] ***
skipping: [localhost]

TASK [/stigforge/roles/rhel8_cis : Add the audit rule to {{ audit_file }}] *****
skipping: [localhost]

TASK [/stigforge/roles/rhel8_cis : Declare list of syscalls] *******************
skipping: [localhost]

TASK [/stigforge/roles/rhel8_cis : Check existence of truncate in /etc/audit/audit.rules] ***
skipping: [localhost]

TASK [/stigforge/roles/rhel8_cis : Set path to /etc/audit/audit.rules] *********
skipping: [localhost]

TASK [/stigforge/roles/rhel8_cis : Declare found syscalls] *********************
skipping: [localhost]

TASK [/stigforge/roles/rhel8_cis : Declare missing syscalls] *******************
skipping: [localhost]

TASK [/stigforge/roles/rhel8_cis : Replace the audit rule in {{ audit_file }}] ***
skipping: [localhost]

TASK [/stigforge/roles/rhel8_cis : Add the audit rule to {{ audit_file }}] *****
skipping: [localhost]

TASK [/stigforge/roles/rhel8_cis : Declare list of syscalls] *******************
skipping: [localhost]

TASK [/stigforge/roles/rhel8_cis : Check existence of truncate in /etc/audit/rules.d/] ***
skipping: [localhost]

TASK [/stigforge/roles/rhel8_cis : Reset syscalls found per file] **************
skipping: [localhost]

TASK [/stigforge/roles/rhel8_cis : Declare syscalls found per file] ************
skipping: [localhost]

TASK [/stigforge/roles/rhel8_cis : Declare files where syscalls were found] ****
skipping: [localhost]

TASK [/stigforge/roles/rhel8_cis : Count occurrences of syscalls in paths] *****
skipping: [localhost]

TASK [/stigforge/roles/rhel8_cis : Get path with most syscalls] ****************
skipping: [localhost]

TASK [/stigforge/roles/rhel8_cis : No file with syscall found, set path to /etc/audit/rules.d/access.rules] ***
skipping: [localhost]

TASK [/stigforge/roles/rhel8_cis : Declare found syscalls] *********************
skipping: [localhost]

TASK [/stigforge/roles/rhel8_cis : Declare missing syscalls] *******************
skipping: [localhost]

TASK [/stigforge/roles/rhel8_cis : Replace the audit rule in {{ audit_file }}] ***
skipping: [localhost]

TASK [/stigforge/roles/rhel8_cis : Add the audit rule to {{ audit_file }}] *****
skipping: [localhost]

TASK [/stigforge/roles/rhel8_cis : Declare list of syscalls] *******************
skipping: [localhost]

TASK [/stigforge/roles/rhel8_cis : Check existence of truncate in /etc/audit/audit.rules] ***
skipping: [localhost]

TASK [/stigforge/roles/rhel8_cis : Set path to /etc/audit/audit.rules] *********
skipping: [localhost]

TASK [/stigforge/roles/rhel8_cis : Declare found syscalls] *********************
skipping: [localhost]

TASK [/stigforge/roles/rhel8_cis : Declare missing syscalls] *******************
skipping: [localhost]

TASK [/stigforge/roles/rhel8_cis : Replace the audit rule in {{ audit_file }}] ***
skipping: [localhost]

TASK [/stigforge/roles/rhel8_cis : Add the audit rule to {{ audit_file }}] *****
skipping: [localhost]

TASK [/stigforge/roles/rhel8_cis : Declare list of syscalls] *******************
skipping: [localhost]

TASK [/stigforge/roles/rhel8_cis : Check existence of truncate in /etc/audit/rules.d/] ***
skipping: [localhost]

TASK [/stigforge/roles/rhel8_cis : Reset syscalls found per file] **************
skipping: [localhost]

TASK [/stigforge/roles/rhel8_cis : Declare syscalls found per file] ************
skipping: [localhost]

TASK [/stigforge/roles/rhel8_cis : Declare files where syscalls were found] ****
skipping: [localhost]

TASK [/stigforge/roles/rhel8_cis : Count occurrences of syscalls in paths] *****
skipping: [localhost]

TASK [/stigforge/roles/rhel8_cis : Get path with most syscalls] ****************
skipping: [localhost]

TASK [/stigforge/roles/rhel8_cis : No file with syscall found, set path to /etc/audit/rules.d/access.rules] ***
skipping: [localhost]

TASK [/stigforge/roles/rhel8_cis : Declare found syscalls] *********************
skipping: [localhost]

TASK [/stigforge/roles/rhel8_cis : Declare missing syscalls] *******************
skipping: [localhost]

TASK [/stigforge/roles/rhel8_cis : Replace the audit rule in {{ audit_file }}] ***
skipping: [localhost]

TASK [/stigforge/roles/rhel8_cis : Add the audit rule to {{ audit_file }}] *****
skipping: [localhost]

TASK [/stigforge/roles/rhel8_cis : Declare list of syscalls] *******************
skipping: [localhost]

TASK [/stigforge/roles/rhel8_cis : Check existence of truncate in /etc/audit/audit.rules] ***
skipping: [localhost]

TASK [/stigforge/roles/rhel8_cis : Set path to /etc/audit/audit.rules] *********
skipping: [localhost]

TASK [/stigforge/roles/rhel8_cis : Declare found syscalls] *********************
skipping: [localhost]

TASK [/stigforge/roles/rhel8_cis : Declare missing syscalls] *******************
skipping: [localhost]

TASK [/stigforge/roles/rhel8_cis : Replace the audit rule in {{ audit_file }}] ***
skipping: [localhost]

TASK [/stigforge/roles/rhel8_cis : Add the audit rule to {{ audit_file }}] *****
skipping: [localhost]

TASK [/stigforge/roles/rhel8_cis : Declare list of syscalls] *******************
skipping: [localhost]

TASK [/stigforge/roles/rhel8_cis : Check existence of truncate in /etc/audit/rules.d/] ***
skipping: [localhost]

TASK [/stigforge/roles/rhel8_cis : Reset syscalls found per file] **************
skipping: [localhost]

TASK [/stigforge/roles/rhel8_cis : Declare syscalls found per file] ************
skipping: [localhost]

TASK [/stigforge/roles/rhel8_cis : Declare files where syscalls were found] ****
skipping: [localhost]

TASK [/stigforge/roles/rhel8_cis : Count occurrences of syscalls in paths] *****
skipping: [localhost]

TASK [/stigforge/roles/rhel8_cis : Get path with most syscalls] ****************
skipping: [localhost]

TASK [/stigforge/roles/rhel8_cis : No file with syscall found, set path to /etc/audit/rules.d/access.rules] ***
skipping: [localhost]

TASK [/stigforge/roles/rhel8_cis : Declare found syscalls] *********************
skipping: [localhost]

TASK [/stigforge/roles/rhel8_cis : Declare missing syscalls] *******************
skipping: [localhost]

TASK [/stigforge/roles/rhel8_cis : Replace the audit rule in {{ audit_file }}] ***
skipping: [localhost]

TASK [/stigforge/roles/rhel8_cis : Add the audit rule to {{ audit_file }}] *****
skipping: [localhost]

TASK [/stigforge/roles/rhel8_cis : Declare list of syscalls] *******************
skipping: [localhost]

TASK [/stigforge/roles/rhel8_cis : Check existence of truncate in /etc/audit/audit.rules] ***
skipping: [localhost]

TASK [/stigforge/roles/rhel8_cis : Set path to /etc/audit/audit.rules] *********
skipping: [localhost]

TASK [/stigforge/roles/rhel8_cis : Declare found syscalls] *********************
skipping: [localhost]

TASK [/stigforge/roles/rhel8_cis : Declare missing syscalls] *******************
skipping: [localhost]

TASK [/stigforge/roles/rhel8_cis : Replace the audit rule in {{ audit_file }}] ***
skipping: [localhost]

TASK [/stigforge/roles/rhel8_cis : Add the audit rule to {{ audit_file }}] *****
skipping: [localhost]

TASK [/stigforge/roles/rhel8_cis : Ensure auditd Collects Information on Kernel Module Unloading - create_module - Set architecture for audit ['create_module'] tasks] ***
skipping: [localhost]

TASK [/stigforge/roles/rhel8_cis : Declare list of syscalls] *******************
skipping: [localhost]

TASK [/stigforge/roles/rhel8_cis : Check existence of create_module in /etc/audit/rules.d/] ***
skipping: [localhost]

TASK [/stigforge/roles/rhel8_cis : Reset syscalls found per file] **************
skipping: [localhost]

TASK [/stigforge/roles/rhel8_cis : Declare syscalls found per file] ************
skipping: [localhost]

TASK [/stigforge/roles/rhel8_cis : Declare files where syscalls were found] ****
skipping: [localhost]

TASK [/stigforge/roles/rhel8_cis : Count occurrences of syscalls in paths] *****
skipping: [localhost]

TASK [/stigforge/roles/rhel8_cis : Get path with most syscalls] ****************
skipping: [localhost]

TASK [/stigforge/roles/rhel8_cis : No file with syscall found, set path to /etc/audit/rules.d/modules.rules] ***
skipping: [localhost]

TASK [/stigforge/roles/rhel8_cis : Declare found syscalls] *********************
skipping: [localhost]

TASK [/stigforge/roles/rhel8_cis : Declare missing syscalls] *******************
skipping: [localhost]

TASK [/stigforge/roles/rhel8_cis : Replace the audit rule in {{ audit_file }}] ***
skipping: [localhost]

TASK [/stigforge/roles/rhel8_cis : Add the audit rule to {{ audit_file }}] *****
skipping: [localhost]

TASK [/stigforge/roles/rhel8_cis : Declare list of syscalls] *******************
skipping: [localhost]

TASK [/stigforge/roles/rhel8_cis : Check existence of create_module in /etc/audit/audit.rules] ***
skipping: [localhost]

TASK [/stigforge/roles/rhel8_cis : Set path to /etc/audit/audit.rules] *********
skipping: [localhost]

TASK [/stigforge/roles/rhel8_cis : Declare found syscalls] *********************
skipping: [localhost]

TASK [/stigforge/roles/rhel8_cis : Declare missing syscalls] *******************
skipping: [localhost]

TASK [/stigforge/roles/rhel8_cis : Replace the audit rule in {{ audit_file }}] ***
skipping: [localhost]

TASK [/stigforge/roles/rhel8_cis : Add the audit rule to {{ audit_file }}] *****
skipping: [localhost]

TASK [/stigforge/roles/rhel8_cis : Declare list of syscalls] *******************
skipping: [localhost]

TASK [/stigforge/roles/rhel8_cis : Check existence of create_module in /etc/audit/rules.d/] ***
skipping: [localhost]

TASK [/stigforge/roles/rhel8_cis : Reset syscalls found per file] **************
skipping: [localhost]

TASK [/stigforge/roles/rhel8_cis : Declare syscalls found per file] ************
skipping: [localhost]

TASK [/stigforge/roles/rhel8_cis : Declare files where syscalls were found] ****
skipping: [localhost]

TASK [/stigforge/roles/rhel8_cis : Count occurrences of syscalls in paths] *****
skipping: [localhost]

TASK [/stigforge/roles/rhel8_cis : Get path with most syscalls] ****************
skipping: [localhost]

TASK [/stigforge/roles/rhel8_cis : No file with syscall found, set path to /etc/audit/rules.d/modules.rules] ***
skipping: [localhost]

TASK [/stigforge/roles/rhel8_cis : Declare found syscalls] *********************
skipping: [localhost]

TASK [/stigforge/roles/rhel8_cis : Declare missing syscalls] *******************
skipping: [localhost]

TASK [/stigforge/roles/rhel8_cis : Replace the audit rule in {{ audit_file }}] ***
skipping: [localhost]

TASK [/stigforge/roles/rhel8_cis : Add the audit rule to {{ audit_file }}] *****
skipping: [localhost]

TASK [/stigforge/roles/rhel8_cis : Declare list of syscalls] *******************
skipping: [localhost]

TASK [/stigforge/roles/rhel8_cis : Check existence of create_module in /etc/audit/audit.rules] ***
skipping: [localhost]

TASK [/stigforge/roles/rhel8_cis : Set path to /etc/audit/audit.rules] *********
skipping: [localhost]

TASK [/stigforge/roles/rhel8_cis : Declare found syscalls] *********************
skipping: [localhost]

TASK [/stigforge/roles/rhel8_cis : Declare missing syscalls] *******************
skipping: [localhost]

TASK [/stigforge/roles/rhel8_cis : Replace the audit rule in {{ audit_file }}] ***
skipping: [localhost]

TASK [/stigforge/roles/rhel8_cis : Add the audit rule to {{ audit_file }}] *****
skipping: [localhost]

TASK [/stigforge/roles/rhel8_cis : Ensure auditd Collects Information on Kernel Module Unloading - delete_module - Set architecture for audit ['delete_module'] tasks] ***
skipping: [localhost]

TASK [/stigforge/roles/rhel8_cis : Declare list of syscalls] *******************
skipping: [localhost]

TASK [/stigforge/roles/rhel8_cis : Check existence of delete_module in /etc/audit/rules.d/] ***
skipping: [localhost]

TASK [/stigforge/roles/rhel8_cis : Reset syscalls found per file] **************
skipping: [localhost]

TASK [/stigforge/roles/rhel8_cis : Declare syscalls found per file] ************
skipping: [localhost]

TASK [/stigforge/roles/rhel8_cis : Declare files where syscalls were found] ****
skipping: [localhost]

TASK [/stigforge/roles/rhel8_cis : Count occurrences of syscalls in paths] *****
skipping: [localhost]

TASK [/stigforge/roles/rhel8_cis : Get path with most syscalls] ****************
skipping: [localhost]

TASK [/stigforge/roles/rhel8_cis : No file with syscall found, set path to /etc/audit/rules.d/modules.rules] ***
skipping: [localhost]

TASK [/stigforge/roles/rhel8_cis : Declare found syscalls] *********************
skipping: [localhost]

TASK [/stigforge/roles/rhel8_cis : Declare missing syscalls] *******************
skipping: [localhost]

TASK [/stigforge/roles/rhel8_cis : Replace the audit rule in {{ audit_file }}] ***
skipping: [localhost]

TASK [/stigforge/roles/rhel8_cis : Add the audit rule to {{ audit_file }}] *****
skipping: [localhost]

TASK [/stigforge/roles/rhel8_cis : Declare list of syscalls] *******************
skipping: [localhost]

TASK [/stigforge/roles/rhel8_cis : Check existence of delete_module in /etc/audit/audit.rules] ***
skipping: [localhost]

TASK [/stigforge/roles/rhel8_cis : Set path to /etc/audit/audit.rules] *********
skipping: [localhost]

TASK [/stigforge/roles/rhel8_cis : Declare found syscalls] *********************
skipping: [localhost]

TASK [/stigforge/roles/rhel8_cis : Declare missing syscalls] *******************
skipping: [localhost]

TASK [/stigforge/roles/rhel8_cis : Replace the audit rule in {{ audit_file }}] ***
skipping: [localhost]

TASK [/stigforge/roles/rhel8_cis : Add the audit rule to {{ audit_file }}] *****
skipping: [localhost]

TASK [/stigforge/roles/rhel8_cis : Declare list of syscalls] *******************
skipping: [localhost]

TASK [/stigforge/roles/rhel8_cis : Check existence of delete_module in /etc/audit/rules.d/] ***
skipping: [localhost]

TASK [/stigforge/roles/rhel8_cis : Reset syscalls found per file] **************
skipping: [localhost]

TASK [/stigforge/roles/rhel8_cis : Declare syscalls found per file] ************
skipping: [localhost]

TASK [/stigforge/roles/rhel8_cis : Declare files where syscalls were found] ****
skipping: [localhost]

TASK [/stigforge/roles/rhel8_cis : Count occurrences of syscalls in paths] *****
skipping: [localhost]

TASK [/stigforge/roles/rhel8_cis : Get path with most syscalls] ****************
skipping: [localhost]

TASK [/stigforge/roles/rhel8_cis : No file with syscall found, set path to /etc/audit/rules.d/modules.rules] ***
skipping: [localhost]

TASK [/stigforge/roles/rhel8_cis : Declare found syscalls] *********************
skipping: [localhost]

TASK [/stigforge/roles/rhel8_cis : Declare missing syscalls] *******************
skipping: [localhost]

TASK [/stigforge/roles/rhel8_cis : Replace the audit rule in {{ audit_file }}] ***
skipping: [localhost]

TASK [/stigforge/roles/rhel8_cis : Add the audit rule to {{ audit_file }}] *****
skipping: [localhost]

TASK [/stigforge/roles/rhel8_cis : Declare list of syscalls] *******************
skipping: [localhost]

TASK [/stigforge/roles/rhel8_cis : Check existence of delete_module in /etc/audit/audit.rules] ***
skipping: [localhost]

TASK [/stigforge/roles/rhel8_cis : Set path to /etc/audit/audit.rules] *********
skipping: [localhost]

TASK [/stigforge/roles/rhel8_cis : Declare found syscalls] *********************
skipping: [localhost]

TASK [/stigforge/roles/rhel8_cis : Declare missing syscalls] *******************
skipping: [localhost]

TASK [/stigforge/roles/rhel8_cis : Replace the audit rule in {{ audit_file }}] ***
skipping: [localhost]

TASK [/stigforge/roles/rhel8_cis : Add the audit rule to {{ audit_file }}] *****
skipping: [localhost]

TASK [/stigforge/roles/rhel8_cis : Ensure auditd Collects Information on Kernel Module Loading and Unloading - finit_module - Set architecture for audit ['finit_module'] tasks] ***
skipping: [localhost]

TASK [/stigforge/roles/rhel8_cis : Declare list of syscalls] *******************
skipping: [localhost]

TASK [/stigforge/roles/rhel8_cis : Check existence of finit_module in /etc/audit/rules.d/] ***
skipping: [localhost]

TASK [/stigforge/roles/rhel8_cis : Reset syscalls found per file] **************
skipping: [localhost]

TASK [/stigforge/roles/rhel8_cis : Declare syscalls found per file] ************
skipping: [localhost]

TASK [/stigforge/roles/rhel8_cis : Declare files where syscalls were found] ****
skipping: [localhost]

TASK [/stigforge/roles/rhel8_cis : Count occurrences of syscalls in paths] *****
skipping: [localhost]

TASK [/stigforge/roles/rhel8_cis : Get path with most syscalls] ****************
skipping: [localhost]

TASK [/stigforge/roles/rhel8_cis : No file with syscall found, set path to /etc/audit/rules.d/modules.rules] ***
skipping: [localhost]

TASK [/stigforge/roles/rhel8_cis : Declare found syscalls] *********************
skipping: [localhost]

TASK [/stigforge/roles/rhel8_cis : Declare missing syscalls] *******************
skipping: [localhost]

TASK [/stigforge/roles/rhel8_cis : Replace the audit rule in {{ audit_file }}] ***
skipping: [localhost]

TASK [/stigforge/roles/rhel8_cis : Add the audit rule to {{ audit_file }}] *****
skipping: [localhost]

TASK [/stigforge/roles/rhel8_cis : Declare list of syscalls] *******************
skipping: [localhost]

TASK [/stigforge/roles/rhel8_cis : Check existence of finit_module in /etc/audit/audit.rules] ***
skipping: [localhost]

TASK [/stigforge/roles/rhel8_cis : Set path to /etc/audit/audit.rules] *********
skipping: [localhost]

TASK [/stigforge/roles/rhel8_cis : Declare found syscalls] *********************
skipping: [localhost]

TASK [/stigforge/roles/rhel8_cis : Declare missing syscalls] *******************
skipping: [localhost]

TASK [/stigforge/roles/rhel8_cis : Replace the audit rule in {{ audit_file }}] ***
skipping: [localhost]

TASK [/stigforge/roles/rhel8_cis : Add the audit rule to {{ audit_file }}] *****
skipping: [localhost]

TASK [/stigforge/roles/rhel8_cis : Declare list of syscalls] *******************
skipping: [localhost]

TASK [/stigforge/roles/rhel8_cis : Check existence of finit_module in /etc/audit/rules.d/] ***
skipping: [localhost]

TASK [/stigforge/roles/rhel8_cis : Reset syscalls found per file] **************
skipping: [localhost]

TASK [/stigforge/roles/rhel8_cis : Declare syscalls found per file] ************
skipping: [localhost]

TASK [/stigforge/roles/rhel8_cis : Declare files where syscalls were found] ****
skipping: [localhost]

TASK [/stigforge/roles/rhel8_cis : Count occurrences of syscalls in paths] *****
skipping: [localhost]

TASK [/stigforge/roles/rhel8_cis : Get path with most syscalls] ****************
skipping: [localhost]

TASK [/stigforge/roles/rhel8_cis : No file with syscall found, set path to /etc/audit/rules.d/modules.rules] ***
skipping: [localhost]

TASK [/stigforge/roles/rhel8_cis : Declare found syscalls] *********************
skipping: [localhost]

TASK [/stigforge/roles/rhel8_cis : Declare missing syscalls] *******************
skipping: [localhost]

TASK [/stigforge/roles/rhel8_cis : Replace the audit rule in {{ audit_file }}] ***
skipping: [localhost]

TASK [/stigforge/roles/rhel8_cis : Add the audit rule to {{ audit_file }}] *****
skipping: [localhost]

TASK [/stigforge/roles/rhel8_cis : Declare list of syscalls] *******************
skipping: [localhost]

TASK [/stigforge/roles/rhel8_cis : Check existence of finit_module in /etc/audit/audit.rules] ***
skipping: [localhost]

TASK [/stigforge/roles/rhel8_cis : Set path to /etc/audit/audit.rules] *********
skipping: [localhost]

TASK [/stigforge/roles/rhel8_cis : Declare found syscalls] *********************
skipping: [localhost]

TASK [/stigforge/roles/rhel8_cis : Declare missing syscalls] *******************
skipping: [localhost]

TASK [/stigforge/roles/rhel8_cis : Replace the audit rule in {{ audit_file }}] ***
skipping: [localhost]

TASK [/stigforge/roles/rhel8_cis : Add the audit rule to {{ audit_file }}] *****
skipping: [localhost]

TASK [/stigforge/roles/rhel8_cis : Ensure auditd Collects Information on Kernel Module Loading - init_module - Set architecture for audit ['init_module'] tasks] ***
skipping: [localhost]

TASK [/stigforge/roles/rhel8_cis : Declare list of syscalls] *******************
skipping: [localhost]

TASK [/stigforge/roles/rhel8_cis : Check existence of init_module in /etc/audit/rules.d/] ***
skipping: [localhost]

TASK [/stigforge/roles/rhel8_cis : Reset syscalls found per file] **************
skipping: [localhost]

TASK [/stigforge/roles/rhel8_cis : Declare syscalls found per file] ************
skipping: [localhost]

TASK [/stigforge/roles/rhel8_cis : Declare files where syscalls were found] ****
skipping: [localhost]

TASK [/stigforge/roles/rhel8_cis : Count occurrences of syscalls in paths] *****
skipping: [localhost]

TASK [/stigforge/roles/rhel8_cis : Get path with most syscalls] ****************
skipping: [localhost]

TASK [/stigforge/roles/rhel8_cis : No file with syscall found, set path to /etc/audit/rules.d/modules.rules] ***
skipping: [localhost]

TASK [/stigforge/roles/rhel8_cis : Declare found syscalls] *********************
skipping: [localhost]

TASK [/stigforge/roles/rhel8_cis : Declare missing syscalls] *******************
skipping: [localhost]

TASK [/stigforge/roles/rhel8_cis : Replace the audit rule in {{ audit_file }}] ***
skipping: [localhost]

TASK [/stigforge/roles/rhel8_cis : Add the audit rule to {{ audit_file }}] *****
skipping: [localhost]

TASK [/stigforge/roles/rhel8_cis : Declare list of syscalls] *******************
skipping: [localhost]

TASK [/stigforge/roles/rhel8_cis : Check existence of init_module in /etc/audit/audit.rules] ***
skipping: [localhost]

TASK [/stigforge/roles/rhel8_cis : Set path to /etc/audit/audit.rules] *********
skipping: [localhost]

TASK [/stigforge/roles/rhel8_cis : Declare found syscalls] *********************
skipping: [localhost]

TASK [/stigforge/roles/rhel8_cis : Declare missing syscalls] *******************
skipping: [localhost]

TASK [/stigforge/roles/rhel8_cis : Replace the audit rule in {{ audit_file }}] ***
skipping: [localhost]

TASK [/stigforge/roles/rhel8_cis : Add the audit rule to {{ audit_file }}] *****
skipping: [localhost]

TASK [/stigforge/roles/rhel8_cis : Declare list of syscalls] *******************
skipping: [localhost]

TASK [/stigforge/roles/rhel8_cis : Check existence of init_module in /etc/audit/rules.d/] ***
skipping: [localhost]

TASK [/stigforge/roles/rhel8_cis : Reset syscalls found per file] **************
skipping: [localhost]

TASK [/stigforge/roles/rhel8_cis : Declare syscalls found per file] ************
skipping: [localhost]

TASK [/stigforge/roles/rhel8_cis : Declare files where syscalls were found] ****
skipping: [localhost]

TASK [/stigforge/roles/rhel8_cis : Count occurrences of syscalls in paths] *****
skipping: [localhost]

TASK [/stigforge/roles/rhel8_cis : Get path with most syscalls] ****************
skipping: [localhost]

TASK [/stigforge/roles/rhel8_cis : No file with syscall found, set path to /etc/audit/rules.d/modules.rules] ***
skipping: [localhost]

TASK [/stigforge/roles/rhel8_cis : Declare found syscalls] *********************
skipping: [localhost]

TASK [/stigforge/roles/rhel8_cis : Declare missing syscalls] *******************
skipping: [localhost]

TASK [/stigforge/roles/rhel8_cis : Replace the audit rule in {{ audit_file }}] ***
skipping: [localhost]

TASK [/stigforge/roles/rhel8_cis : Add the audit rule to {{ audit_file }}] *****
skipping: [localhost]

TASK [/stigforge/roles/rhel8_cis : Declare list of syscalls] *******************
skipping: [localhost]

TASK [/stigforge/roles/rhel8_cis : Check existence of init_module in /etc/audit/audit.rules] ***
skipping: [localhost]

TASK [/stigforge/roles/rhel8_cis : Set path to /etc/audit/audit.rules] *********
skipping: [localhost]

TASK [/stigforge/roles/rhel8_cis : Declare found syscalls] *********************
skipping: [localhost]

TASK [/stigforge/roles/rhel8_cis : Declare missing syscalls] *******************
skipping: [localhost]

TASK [/stigforge/roles/rhel8_cis : Replace the audit rule in {{ audit_file }}] ***
skipping: [localhost]

TASK [/stigforge/roles/rhel8_cis : Add the audit rule to {{ audit_file }}] *****
skipping: [localhost]

TASK [/stigforge/roles/rhel8_cis : Ensure auditd Collects Information on Kernel Module Loading and Unloading - query_module - Set architecture for audit ['query_module'] tasks] ***
skipping: [localhost]

TASK [/stigforge/roles/rhel8_cis : Declare list of syscalls] *******************
skipping: [localhost]

TASK [/stigforge/roles/rhel8_cis : Check existence of query_module in /etc/audit/rules.d/] ***
skipping: [localhost]

TASK [/stigforge/roles/rhel8_cis : Reset syscalls found per file] **************
skipping: [localhost]

TASK [/stigforge/roles/rhel8_cis : Declare syscalls found per file] ************
skipping: [localhost]

TASK [/stigforge/roles/rhel8_cis : Declare files where syscalls were found] ****
skipping: [localhost]

TASK [/stigforge/roles/rhel8_cis : Count occurrences of syscalls in paths] *****
skipping: [localhost]

TASK [/stigforge/roles/rhel8_cis : Get path with most syscalls] ****************
skipping: [localhost]

TASK [/stigforge/roles/rhel8_cis : No file with syscall found, set path to /etc/audit/rules.d/modules.rules] ***
skipping: [localhost]

TASK [/stigforge/roles/rhel8_cis : Declare found syscalls] *********************
skipping: [localhost]

TASK [/stigforge/roles/rhel8_cis : Declare missing syscalls] *******************
skipping: [localhost]

TASK [/stigforge/roles/rhel8_cis : Replace the audit rule in {{ audit_file }}] ***
skipping: [localhost]

TASK [/stigforge/roles/rhel8_cis : Add the audit rule to {{ audit_file }}] *****
skipping: [localhost]

TASK [/stigforge/roles/rhel8_cis : Declare list of syscalls] *******************
skipping: [localhost]

TASK [/stigforge/roles/rhel8_cis : Check existence of query_module in /etc/audit/audit.rules] ***
skipping: [localhost]

TASK [/stigforge/roles/rhel8_cis : Set path to /etc/audit/audit.rules] *********
skipping: [localhost]

TASK [/stigforge/roles/rhel8_cis : Declare found syscalls] *********************
skipping: [localhost]

TASK [/stigforge/roles/rhel8_cis : Declare missing syscalls] *******************
skipping: [localhost]

TASK [/stigforge/roles/rhel8_cis : Replace the audit rule in {{ audit_file }}] ***
skipping: [localhost]

TASK [/stigforge/roles/rhel8_cis : Add the audit rule to {{ audit_file }}] *****
skipping: [localhost]

TASK [/stigforge/roles/rhel8_cis : Declare list of syscalls] *******************
skipping: [localhost]

TASK [/stigforge/roles/rhel8_cis : Check existence of query_module in /etc/audit/rules.d/] ***
skipping: [localhost]

TASK [/stigforge/roles/rhel8_cis : Reset syscalls found per file] **************
skipping: [localhost]

TASK [/stigforge/roles/rhel8_cis : Declare syscalls found per file] ************
skipping: [localhost]

TASK [/stigforge/roles/rhel8_cis : Declare files where syscalls were found] ****
skipping: [localhost]

TASK [/stigforge/roles/rhel8_cis : Count occurrences of syscalls in paths] *****
skipping: [localhost]

TASK [/stigforge/roles/rhel8_cis : Get path with most syscalls] ****************
skipping: [localhost]

TASK [/stigforge/roles/rhel8_cis : No file with syscall found, set path to /etc/audit/rules.d/modules.rules] ***
skipping: [localhost]

TASK [/stigforge/roles/rhel8_cis : Declare found syscalls] *********************
skipping: [localhost]

TASK [/stigforge/roles/rhel8_cis : Declare missing syscalls] *******************
skipping: [localhost]

TASK [/stigforge/roles/rhel8_cis : Replace the audit rule in {{ audit_file }}] ***
skipping: [localhost]

TASK [/stigforge/roles/rhel8_cis : Add the audit rule to {{ audit_file }}] *****
skipping: [localhost]

TASK [/stigforge/roles/rhel8_cis : Declare list of syscalls] *******************
skipping: [localhost]

TASK [/stigforge/roles/rhel8_cis : Check existence of query_module in /etc/audit/audit.rules] ***
skipping: [localhost]

TASK [/stigforge/roles/rhel8_cis : Set path to /etc/audit/audit.rules] *********
skipping: [localhost]

TASK [/stigforge/roles/rhel8_cis : Declare found syscalls] *********************
skipping: [localhost]

TASK [/stigforge/roles/rhel8_cis : Declare missing syscalls] *******************
skipping: [localhost]

TASK [/stigforge/roles/rhel8_cis : Replace the audit rule in {{ audit_file }}] ***
skipping: [localhost]

TASK [/stigforge/roles/rhel8_cis : Add the audit rule to {{ audit_file }}] *****
skipping: [localhost]

TASK [/stigforge/roles/rhel8_cis : Record Attempts to Alter Logon and Logout Events - faillock - Check if watch rule for /var/run/faillock already exists in /etc/audit/rules.d/] ***
skipping: [localhost]

TASK [/stigforge/roles/rhel8_cis : Record Attempts to Alter Logon and Logout Events - faillock - Search /etc/audit/rules.d for other rules with specified key logins] ***
skipping: [localhost]

TASK [/stigforge/roles/rhel8_cis : Record Attempts to Alter Logon and Logout Events - faillock - Use /etc/audit/rules.d/logins.rules as the recipient for the rule] ***
skipping: [localhost]

TASK [/stigforge/roles/rhel8_cis : Record Attempts to Alter Logon and Logout Events - faillock - Use matched file as the recipient for the rule] ***
skipping: [localhost]

TASK [/stigforge/roles/rhel8_cis : Record Attempts to Alter Logon and Logout Events - faillock - Add watch rule for /var/run/faillock in /etc/audit/rules.d/] ***
skipping: [localhost]

TASK [/stigforge/roles/rhel8_cis : Record Attempts to Alter Logon and Logout Events - faillock - Check if watch rule for /var/run/faillock already exists in /etc/audit/audit.rules] ***
skipping: [localhost]

TASK [/stigforge/roles/rhel8_cis : Record Attempts to Alter Logon and Logout Events - faillock - Add watch rule for /var/run/faillock in /etc/audit/audit.rules] ***
skipping: [localhost]

TASK [/stigforge/roles/rhel8_cis : Record Attempts to Alter Logon and Logout Events - lastlog - Check if watch rule for /var/log/lastlog already exists in /etc/audit/rules.d/] ***
skipping: [localhost]

TASK [/stigforge/roles/rhel8_cis : Record Attempts to Alter Logon and Logout Events - lastlog - Search /etc/audit/rules.d for other rules with specified key logins] ***
skipping: [localhost]

TASK [/stigforge/roles/rhel8_cis : Record Attempts to Alter Logon and Logout Events - lastlog - Use /etc/audit/rules.d/logins.rules as the recipient for the rule] ***
skipping: [localhost]

TASK [/stigforge/roles/rhel8_cis : Record Attempts to Alter Logon and Logout Events - lastlog - Use matched file as the recipient for the rule] ***
skipping: [localhost]

TASK [/stigforge/roles/rhel8_cis : Record Attempts to Alter Logon and Logout Events - lastlog - Add watch rule for /var/log/lastlog in /etc/audit/rules.d/] ***
skipping: [localhost]

TASK [/stigforge/roles/rhel8_cis : Record Attempts to Alter Logon and Logout Events - lastlog - Check if watch rule for /var/log/lastlog already exists in /etc/audit/audit.rules] ***
skipping: [localhost]

TASK [/stigforge/roles/rhel8_cis : Record Attempts to Alter Logon and Logout Events - lastlog - Add watch rule for /var/log/lastlog in /etc/audit/audit.rules] ***
skipping: [localhost]

TASK [/stigforge/roles/rhel8_cis : Ensure auditd Collects Information on the Use of Privileged Commands - Set List of Mount Points Which Permits Execution of Privileged Commands] ***
skipping: [localhost]

TASK [/stigforge/roles/rhel8_cis : Ensure auditd Collects Information on the Use of Privileged Commands - Search for Privileged Commands in Eligible Mount Points] ***
skipping: [localhost]

TASK [/stigforge/roles/rhel8_cis : Ensure auditd Collects Information on the Use of Privileged Commands - Set List of Privileged Commands Found in Eligible Mount Points] ***
skipping: [localhost]

TASK [/stigforge/roles/rhel8_cis : Ensure auditd Collects Information on the Use of Privileged Commands - Ensure Rules for All Privileged Commands in augenrules Format] ***
skipping: [localhost]

TASK [/stigforge/roles/rhel8_cis : Ensure auditd Collects Information on the Use of Privileged Commands - Ensure Rules for All Privileged Commands in auditctl Format] ***
skipping: [localhost]

TASK [/stigforge/roles/rhel8_cis : Ensure auditd Collects Information on the Use of Privileged Commands - Search for Duplicated Rules in Other Files] ***
skipping: [localhost]

TASK [/stigforge/roles/rhel8_cis : Ensure auditd Collects Information on the Use of Privileged Commands - Ensure Rules for Privileged Commands are Defined Only in One File] ***
skipping: [localhost]

TASK [/stigforge/roles/rhel8_cis : Declare list of syscalls] *******************
skipping: [localhost]

TASK [/stigforge/roles/rhel8_cis : Check existence of  in /etc/audit/rules.d/] ***
skipping: [localhost]

TASK [/stigforge/roles/rhel8_cis : Reset syscalls found per file] **************
skipping: [localhost]

TASK [/stigforge/roles/rhel8_cis : Declare syscalls found per file] ************
skipping: [localhost]

TASK [/stigforge/roles/rhel8_cis : Declare files where syscalls were found] ****
skipping: [localhost]

TASK [/stigforge/roles/rhel8_cis : Count occurrences of syscalls in paths] *****
skipping: [localhost]

TASK [/stigforge/roles/rhel8_cis : Get path with most syscalls] ****************
skipping: [localhost]

TASK [/stigforge/roles/rhel8_cis : No file with syscall found, set path to /etc/audit/rules.d/privileged.rules] ***
skipping: [localhost]

TASK [/stigforge/roles/rhel8_cis : Declare found syscalls] *********************
skipping: [localhost]

TASK [/stigforge/roles/rhel8_cis : Declare missing syscalls] *******************
skipping: [localhost]

TASK [/stigforge/roles/rhel8_cis : Replace the audit rule in {{ audit_file }}] ***
skipping: [localhost]

TASK [/stigforge/roles/rhel8_cis : Add the audit rule to {{ audit_file }}] *****
skipping: [localhost]

TASK [/stigforge/roles/rhel8_cis : Declare list of syscalls] *******************
skipping: [localhost]

TASK [/stigforge/roles/rhel8_cis : Check existence of  in /etc/audit/audit.rules] ***
skipping: [localhost]

TASK [/stigforge/roles/rhel8_cis : Set path to /etc/audit/audit.rules] *********
skipping: [localhost]

TASK [/stigforge/roles/rhel8_cis : Declare found syscalls] *********************
skipping: [localhost]

TASK [/stigforge/roles/rhel8_cis : Declare missing syscalls] *******************
skipping: [localhost]

TASK [/stigforge/roles/rhel8_cis : Replace the audit rule in {{ audit_file }}] ***
skipping: [localhost]

TASK [/stigforge/roles/rhel8_cis : Add the audit rule to {{ audit_file }}] *****
skipping: [localhost]

TASK [/stigforge/roles/rhel8_cis : Declare list of syscalls] *******************
skipping: [localhost]

TASK [/stigforge/roles/rhel8_cis : Check existence of  in /etc/audit/rules.d/] ***
skipping: [localhost]

TASK [/stigforge/roles/rhel8_cis : Reset syscalls found per file] **************
skipping: [localhost]

TASK [/stigforge/roles/rhel8_cis : Declare syscalls found per file] ************
skipping: [localhost]

TASK [/stigforge/roles/rhel8_cis : Declare files where syscalls were found] ****
skipping: [localhost]

TASK [/stigforge/roles/rhel8_cis : Count occurrences of syscalls in paths] *****
skipping: [localhost]

TASK [/stigforge/roles/rhel8_cis : Get path with most syscalls] ****************
skipping: [localhost]

TASK [/stigforge/roles/rhel8_cis : No file with syscall found, set path to /etc/audit/rules.d/privileged.rules] ***
skipping: [localhost]

TASK [/stigforge/roles/rhel8_cis : Declare found syscalls] *********************
skipping: [localhost]

TASK [/stigforge/roles/rhel8_cis : Declare missing syscalls] *******************
skipping: [localhost]

TASK [/stigforge/roles/rhel8_cis : Replace the audit rule in {{ audit_file }}] ***
skipping: [localhost]

TASK [/stigforge/roles/rhel8_cis : Add the audit rule to {{ audit_file }}] *****
skipping: [localhost]

TASK [/stigforge/roles/rhel8_cis : Declare list of syscalls] *******************
skipping: [localhost]

TASK [/stigforge/roles/rhel8_cis : Check existence of  in /etc/audit/audit.rules] ***
skipping: [localhost]

TASK [/stigforge/roles/rhel8_cis : Set path to /etc/audit/audit.rules] *********
skipping: [localhost]

TASK [/stigforge/roles/rhel8_cis : Declare found syscalls] *********************
skipping: [localhost]

TASK [/stigforge/roles/rhel8_cis : Declare missing syscalls] *******************
skipping: [localhost]

TASK [/stigforge/roles/rhel8_cis : Replace the audit rule in {{ audit_file }}] ***
skipping: [localhost]

TASK [/stigforge/roles/rhel8_cis : Add the audit rule to {{ audit_file }}] *****
skipping: [localhost]

TASK [/stigforge/roles/rhel8_cis : Set architecture for audit tasks] ***********
skipping: [localhost]

TASK [/stigforge/roles/rhel8_cis : Declare list of syscalls] *******************
skipping: [localhost]

TASK [/stigforge/roles/rhel8_cis : Check existence of adjtimex in /etc/audit/rules.d/] ***
skipping: [localhost]

TASK [/stigforge/roles/rhel8_cis : Reset syscalls found per file] **************
skipping: [localhost]

TASK [/stigforge/roles/rhel8_cis : Declare syscalls found per file] ************
skipping: [localhost]

TASK [/stigforge/roles/rhel8_cis : Declare files where syscalls were found] ****
skipping: [localhost]

TASK [/stigforge/roles/rhel8_cis : Count occurrences of syscalls in paths] *****
skipping: [localhost]

TASK [/stigforge/roles/rhel8_cis : Get path with most syscalls] ****************
skipping: [localhost]

TASK [/stigforge/roles/rhel8_cis : No file with syscall found, set path to /etc/audit/rules.d/audit_time_rules.rules] ***
skipping: [localhost]

TASK [/stigforge/roles/rhel8_cis : Declare found syscalls] *********************
skipping: [localhost]

TASK [/stigforge/roles/rhel8_cis : Declare missing syscalls] *******************
skipping: [localhost]

TASK [/stigforge/roles/rhel8_cis : Replace the audit rule in {{ audit_file }}] ***
skipping: [localhost]

TASK [/stigforge/roles/rhel8_cis : Add the audit rule to {{ audit_file }}] *****
skipping: [localhost]

TASK [/stigforge/roles/rhel8_cis : Declare list of syscalls] *******************
skipping: [localhost]

TASK [/stigforge/roles/rhel8_cis : Check existence of adjtimex in /etc/audit/audit.rules] ***
skipping: [localhost]

TASK [/stigforge/roles/rhel8_cis : Set path to /etc/audit/audit.rules] *********
skipping: [localhost]

TASK [/stigforge/roles/rhel8_cis : Declare found syscalls] *********************
skipping: [localhost]

TASK [/stigforge/roles/rhel8_cis : Declare missing syscalls] *******************
skipping: [localhost]

TASK [/stigforge/roles/rhel8_cis : Replace the audit rule in {{ audit_file }}] ***
skipping: [localhost]

TASK [/stigforge/roles/rhel8_cis : Add the audit rule to {{ audit_file }}] *****
skipping: [localhost]

TASK [/stigforge/roles/rhel8_cis : Declare list of syscalls] *******************
skipping: [localhost]

TASK [/stigforge/roles/rhel8_cis : Check existence of adjtimex in /etc/audit/rules.d/] ***
skipping: [localhost]

TASK [/stigforge/roles/rhel8_cis : Reset syscalls found per file] **************
skipping: [localhost]

TASK [/stigforge/roles/rhel8_cis : Declare syscalls found per file] ************
skipping: [localhost]

TASK [/stigforge/roles/rhel8_cis : Declare files where syscalls were found] ****
skipping: [localhost]

TASK [/stigforge/roles/rhel8_cis : Count occurrences of syscalls in paths] *****
skipping: [localhost]

TASK [/stigforge/roles/rhel8_cis : Get path with most syscalls] ****************
skipping: [localhost]

TASK [/stigforge/roles/rhel8_cis : No file with syscall found, set path to /etc/audit/rules.d/audit_time_rules.rules] ***
skipping: [localhost]

TASK [/stigforge/roles/rhel8_cis : Declare found syscalls] *********************
skipping: [localhost]

TASK [/stigforge/roles/rhel8_cis : Declare missing syscalls] *******************
skipping: [localhost]

TASK [/stigforge/roles/rhel8_cis : Replace the audit rule in {{ audit_file }}] ***
skipping: [localhost]

TASK [/stigforge/roles/rhel8_cis : Add the audit rule to {{ audit_file }}] *****
skipping: [localhost]

TASK [/stigforge/roles/rhel8_cis : Declare list of syscalls] *******************
skipping: [localhost]

TASK [/stigforge/roles/rhel8_cis : Check existence of adjtimex in /etc/audit/audit.rules] ***
skipping: [localhost]

TASK [/stigforge/roles/rhel8_cis : Set path to /etc/audit/audit.rules] *********
skipping: [localhost]

TASK [/stigforge/roles/rhel8_cis : Declare found syscalls] *********************
skipping: [localhost]

TASK [/stigforge/roles/rhel8_cis : Declare missing syscalls] *******************
skipping: [localhost]

TASK [/stigforge/roles/rhel8_cis : Replace the audit rule in {{ audit_file }}] ***
skipping: [localhost]

TASK [/stigforge/roles/rhel8_cis : Add the audit rule to {{ audit_file }}] *****
skipping: [localhost]

TASK [/stigforge/roles/rhel8_cis : Set architecture for audit tasks] ***********
skipping: [localhost]

TASK [/stigforge/roles/rhel8_cis : Declare list of syscalls] *******************
skipping: [localhost]

TASK [/stigforge/roles/rhel8_cis : Check existence of clock_settime in /etc/audit/rules.d/] ***
skipping: [localhost]

TASK [/stigforge/roles/rhel8_cis : Reset syscalls found per file] **************
skipping: [localhost]

TASK [/stigforge/roles/rhel8_cis : Declare syscalls found per file] ************
skipping: [localhost]

TASK [/stigforge/roles/rhel8_cis : Declare files where syscalls were found] ****
skipping: [localhost]

TASK [/stigforge/roles/rhel8_cis : Count occurrences of syscalls in paths] *****
skipping: [localhost]

TASK [/stigforge/roles/rhel8_cis : Get path with most syscalls] ****************
skipping: [localhost]

TASK [/stigforge/roles/rhel8_cis : No file with syscall found, set path to /etc/audit/rules.d/time-change.rules] ***
skipping: [localhost]

TASK [/stigforge/roles/rhel8_cis : Declare found syscalls] *********************
skipping: [localhost]

TASK [/stigforge/roles/rhel8_cis : Declare missing syscalls] *******************
skipping: [localhost]

TASK [/stigforge/roles/rhel8_cis : Replace the audit rule in {{ audit_file }}] ***
skipping: [localhost]

TASK [/stigforge/roles/rhel8_cis : Add the audit rule to {{ audit_file }}] *****
skipping: [localhost]

TASK [/stigforge/roles/rhel8_cis : Declare list of syscalls] *******************
skipping: [localhost]

TASK [/stigforge/roles/rhel8_cis : Check existence of clock_settime in /etc/audit/audit.rules] ***
skipping: [localhost]

TASK [/stigforge/roles/rhel8_cis : Set path to /etc/audit/audit.rules] *********
skipping: [localhost]

TASK [/stigforge/roles/rhel8_cis : Declare found syscalls] *********************
skipping: [localhost]

TASK [/stigforge/roles/rhel8_cis : Declare missing syscalls] *******************
skipping: [localhost]

TASK [/stigforge/roles/rhel8_cis : Replace the audit rule in {{ audit_file }}] ***
skipping: [localhost]

TASK [/stigforge/roles/rhel8_cis : Add the audit rule to {{ audit_file }}] *****
skipping: [localhost]

TASK [/stigforge/roles/rhel8_cis : Declare list of syscalls] *******************
skipping: [localhost]

TASK [/stigforge/roles/rhel8_cis : Check existence of clock_settime in /etc/audit/rules.d/] ***
skipping: [localhost]

TASK [/stigforge/roles/rhel8_cis : Reset syscalls found per file] **************
skipping: [localhost]

TASK [/stigforge/roles/rhel8_cis : Declare syscalls found per file] ************
skipping: [localhost]

TASK [/stigforge/roles/rhel8_cis : Declare files where syscalls were found] ****
skipping: [localhost]

TASK [/stigforge/roles/rhel8_cis : Count occurrences of syscalls in paths] *****
skipping: [localhost]

TASK [/stigforge/roles/rhel8_cis : Get path with most syscalls] ****************
skipping: [localhost]

TASK [/stigforge/roles/rhel8_cis : No file with syscall found, set path to /etc/audit/rules.d/time-change.rules] ***
skipping: [localhost]

TASK [/stigforge/roles/rhel8_cis : Declare found syscalls] *********************
skipping: [localhost]

TASK [/stigforge/roles/rhel8_cis : Declare missing syscalls] *******************
skipping: [localhost]

TASK [/stigforge/roles/rhel8_cis : Replace the audit rule in {{ audit_file }}] ***
skipping: [localhost]

TASK [/stigforge/roles/rhel8_cis : Add the audit rule to {{ audit_file }}] *****
skipping: [localhost]

TASK [/stigforge/roles/rhel8_cis : Declare list of syscalls] *******************
skipping: [localhost]

TASK [/stigforge/roles/rhel8_cis : Check existence of clock_settime in /etc/audit/audit.rules] ***
skipping: [localhost]

TASK [/stigforge/roles/rhel8_cis : Set path to /etc/audit/audit.rules] *********
skipping: [localhost]

TASK [/stigforge/roles/rhel8_cis : Declare found syscalls] *********************
skipping: [localhost]

TASK [/stigforge/roles/rhel8_cis : Declare missing syscalls] *******************
skipping: [localhost]

TASK [/stigforge/roles/rhel8_cis : Replace the audit rule in {{ audit_file }}] ***
skipping: [localhost]

TASK [/stigforge/roles/rhel8_cis : Add the audit rule to {{ audit_file }}] *****
skipping: [localhost]

TASK [/stigforge/roles/rhel8_cis : Set architecture for audit tasks] ***********
skipping: [localhost]

TASK [/stigforge/roles/rhel8_cis : Declare list of syscalls] *******************
skipping: [localhost]

TASK [/stigforge/roles/rhel8_cis : Check existence of settimeofday in /etc/audit/rules.d/] ***
skipping: [localhost]

TASK [/stigforge/roles/rhel8_cis : Reset syscalls found per file] **************
skipping: [localhost]

TASK [/stigforge/roles/rhel8_cis : Declare syscalls found per file] ************
skipping: [localhost]

TASK [/stigforge/roles/rhel8_cis : Declare files where syscalls were found] ****
skipping: [localhost]

TASK [/stigforge/roles/rhel8_cis : Count occurrences of syscalls in paths] *****
skipping: [localhost]

TASK [/stigforge/roles/rhel8_cis : Get path with most syscalls] ****************
skipping: [localhost]

TASK [/stigforge/roles/rhel8_cis : No file with syscall found, set path to /etc/audit/rules.d/audit_time_rules.rules] ***
skipping: [localhost]

TASK [/stigforge/roles/rhel8_cis : Declare found syscalls] *********************
skipping: [localhost]

TASK [/stigforge/roles/rhel8_cis : Declare missing syscalls] *******************
skipping: [localhost]

TASK [/stigforge/roles/rhel8_cis : Replace the audit rule in {{ audit_file }}] ***
skipping: [localhost]

TASK [/stigforge/roles/rhel8_cis : Add the audit rule to {{ audit_file }}] *****
skipping: [localhost]

TASK [/stigforge/roles/rhel8_cis : Declare list of syscalls] *******************
skipping: [localhost]

TASK [/stigforge/roles/rhel8_cis : Check existence of settimeofday in /etc/audit/audit.rules] ***
skipping: [localhost]

TASK [/stigforge/roles/rhel8_cis : Set path to /etc/audit/audit.rules] *********
skipping: [localhost]

TASK [/stigforge/roles/rhel8_cis : Declare found syscalls] *********************
skipping: [localhost]

TASK [/stigforge/roles/rhel8_cis : Declare missing syscalls] *******************
skipping: [localhost]

TASK [/stigforge/roles/rhel8_cis : Replace the audit rule in {{ audit_file }}] ***
skipping: [localhost]

TASK [/stigforge/roles/rhel8_cis : Add the audit rule to {{ audit_file }}] *****
skipping: [localhost]

TASK [/stigforge/roles/rhel8_cis : Declare list of syscalls] *******************
skipping: [localhost]

TASK [/stigforge/roles/rhel8_cis : Check existence of settimeofday in /etc/audit/rules.d/] ***
skipping: [localhost]

TASK [/stigforge/roles/rhel8_cis : Reset syscalls found per file] **************
skipping: [localhost]

TASK [/stigforge/roles/rhel8_cis : Declare syscalls found per file] ************
skipping: [localhost]

TASK [/stigforge/roles/rhel8_cis : Declare files where syscalls were found] ****
skipping: [localhost]

TASK [/stigforge/roles/rhel8_cis : Count occurrences of syscalls in paths] *****
skipping: [localhost]

TASK [/stigforge/roles/rhel8_cis : Get path with most syscalls] ****************
skipping: [localhost]

TASK [/stigforge/roles/rhel8_cis : No file with syscall found, set path to /etc/audit/rules.d/audit_time_rules.rules] ***
skipping: [localhost]

TASK [/stigforge/roles/rhel8_cis : Declare found syscalls] *********************
skipping: [localhost]

TASK [/stigforge/roles/rhel8_cis : Declare missing syscalls] *******************
skipping: [localhost]

TASK [/stigforge/roles/rhel8_cis : Replace the audit rule in {{ audit_file }}] ***
skipping: [localhost]

TASK [/stigforge/roles/rhel8_cis : Add the audit rule to {{ audit_file }}] *****
skipping: [localhost]

TASK [/stigforge/roles/rhel8_cis : Declare list of syscalls] *******************
skipping: [localhost]

TASK [/stigforge/roles/rhel8_cis : Check existence of settimeofday in /etc/audit/audit.rules] ***
skipping: [localhost]

TASK [/stigforge/roles/rhel8_cis : Set path to /etc/audit/audit.rules] *********
skipping: [localhost]

TASK [/stigforge/roles/rhel8_cis : Declare found syscalls] *********************
skipping: [localhost]

TASK [/stigforge/roles/rhel8_cis : Declare missing syscalls] *******************
skipping: [localhost]

TASK [/stigforge/roles/rhel8_cis : Replace the audit rule in {{ audit_file }}] ***
skipping: [localhost]

TASK [/stigforge/roles/rhel8_cis : Add the audit rule to {{ audit_file }}] *****
skipping: [localhost]

TASK [/stigforge/roles/rhel8_cis : Record Attempts to Alter the localtime File - Check if watch rule for /etc/localtime already exists in /etc/audit/rules.d/] ***
skipping: [localhost]

TASK [/stigforge/roles/rhel8_cis : Record Attempts to Alter the localtime File - Search /etc/audit/rules.d for other rules with specified key audit_time_rules] ***
skipping: [localhost]

TASK [/stigforge/roles/rhel8_cis : Record Attempts to Alter the localtime File - Use /etc/audit/rules.d/audit_time_rules.rules as the recipient for the rule] ***
skipping: [localhost]

TASK [/stigforge/roles/rhel8_cis : Record Attempts to Alter the localtime File - Use matched file as the recipient for the rule] ***
skipping: [localhost]

TASK [/stigforge/roles/rhel8_cis : Record Attempts to Alter the localtime File - Add watch rule for /etc/localtime in /etc/audit/rules.d/] ***
skipping: [localhost]

TASK [/stigforge/roles/rhel8_cis : Record Attempts to Alter the localtime File - Check if watch rule for /etc/localtime already exists in /etc/audit/audit.rules] ***
skipping: [localhost]

TASK [/stigforge/roles/rhel8_cis : Record Attempts to Alter the localtime File - Add watch rule for /etc/localtime in /etc/audit/audit.rules] ***
skipping: [localhost]

TASK [/stigforge/roles/rhel8_cis : Configure auditd Disk Error Action on Disk Error] ***
skipping: [localhost]

TASK [/stigforge/roles/rhel8_cis : Configure auditd Disk Full Action when Disk Space Is Full] ***
skipping: [localhost]

TASK [/stigforge/roles/rhel8_cis : Configure auditd admin_space_left Action on Low Disk Space] ***
skipping: [localhost]

TASK [/stigforge/roles/rhel8_cis : Configure auditd Max Log File Size] *********
skipping: [localhost]

TASK [/stigforge/roles/rhel8_cis : Configure auditd max_log_file_action Upon Reaching Maximum Log Size] ***
skipping: [localhost]

TASK [/stigforge/roles/rhel8_cis : Configure auditd space_left Action on Low Disk Space] ***
skipping: [localhost]

TASK [/stigforge/roles/rhel8_cis : Set the file_groupownership_audit_binaries_newgroup variable if represented by gid] ***
skipping: [localhost]

TASK [/stigforge/roles/rhel8_cis : Test for existence /sbin/auditctl] **********
skipping: [localhost]

TASK [/stigforge/roles/rhel8_cis : Ensure group owner on /sbin/auditctl] *******
skipping: [localhost]

TASK [/stigforge/roles/rhel8_cis : Test for existence /sbin/aureport] **********
skipping: [localhost]

TASK [/stigforge/roles/rhel8_cis : Ensure group owner on /sbin/aureport] *******
skipping: [localhost]

TASK [/stigforge/roles/rhel8_cis : Test for existence /sbin/ausearch] **********
skipping: [localhost]

TASK [/stigforge/roles/rhel8_cis : Ensure group owner on /sbin/ausearch] *******
skipping: [localhost]

TASK [/stigforge/roles/rhel8_cis : Test for existence /sbin/autrace] ***********
skipping: [localhost]

TASK [/stigforge/roles/rhel8_cis : Ensure group owner on /sbin/autrace] ********
skipping: [localhost]

TASK [/stigforge/roles/rhel8_cis : Test for existence /sbin/auditd] ************
skipping: [localhost]

TASK [/stigforge/roles/rhel8_cis : Ensure group owner on /sbin/auditd] *********
skipping: [localhost]

TASK [/stigforge/roles/rhel8_cis : Test for existence /sbin/augenrules] ********
skipping: [localhost]

TASK [/stigforge/roles/rhel8_cis : Ensure group owner on /sbin/augenrules] *****
skipping: [localhost]

TASK [/stigforge/roles/rhel8_cis : Test for existence /sbin/audisp-syslog] *****
skipping: [localhost]

TASK [/stigforge/roles/rhel8_cis : Ensure group owner on /sbin/audisp-syslog] ***
skipping: [localhost]

TASK [/stigforge/roles/rhel8_cis : Set the file_ownership_audit_binaries_newown variable if represented by uid] ***
skipping: [localhost]

TASK [/stigforge/roles/rhel8_cis : Test for existence /sbin/auditctl] **********
skipping: [localhost]

TASK [/stigforge/roles/rhel8_cis : Ensure owner on /sbin/auditctl] *************
skipping: [localhost]

TASK [/stigforge/roles/rhel8_cis : Test for existence /sbin/aureport] **********
skipping: [localhost]

TASK [/stigforge/roles/rhel8_cis : Ensure owner on /sbin/aureport] *************
skipping: [localhost]

TASK [/stigforge/roles/rhel8_cis : Test for existence /sbin/ausearch] **********
skipping: [localhost]

TASK [/stigforge/roles/rhel8_cis : Ensure owner on /sbin/ausearch] *************
skipping: [localhost]

TASK [/stigforge/roles/rhel8_cis : Test for existence /sbin/autrace] ***********
skipping: [localhost]

TASK [/stigforge/roles/rhel8_cis : Ensure owner on /sbin/autrace] **************
skipping: [localhost]

TASK [/stigforge/roles/rhel8_cis : Test for existence /sbin/auditd] ************
skipping: [localhost]

TASK [/stigforge/roles/rhel8_cis : Ensure owner on /sbin/auditd] ***************
skipping: [localhost]

TASK [/stigforge/roles/rhel8_cis : Test for existence /sbin/augenrules] ********
skipping: [localhost]

TASK [/stigforge/roles/rhel8_cis : Ensure owner on /sbin/augenrules] ***********
skipping: [localhost]

TASK [/stigforge/roles/rhel8_cis : Test for existence /sbin/audisp-syslog] *****
skipping: [localhost]

TASK [/stigforge/roles/rhel8_cis : Ensure owner on /sbin/audisp-syslog] ********
skipping: [localhost]

TASK [/stigforge/roles/rhel8_cis : Test for existence /sbin/auditctl] **********
skipping: [localhost]

TASK [/stigforge/roles/rhel8_cis : Ensure permission u-s,g-ws,o-wt on /sbin/auditctl] ***
skipping: [localhost]

TASK [/stigforge/roles/rhel8_cis : Test for existence /sbin/aureport] **********
skipping: [localhost]

TASK [/stigforge/roles/rhel8_cis : Ensure permission u-s,g-ws,o-wt on /sbin/aureport] ***
skipping: [localhost]

TASK [/stigforge/roles/rhel8_cis : Test for existence /sbin/ausearch] **********
skipping: [localhost]

TASK [/stigforge/roles/rhel8_cis : Ensure permission u-s,g-ws,o-wt on /sbin/ausearch] ***
skipping: [localhost]

TASK [/stigforge/roles/rhel8_cis : Test for existence /sbin/autrace] ***********
skipping: [localhost]

TASK [/stigforge/roles/rhel8_cis : Ensure permission u-s,g-ws,o-wt on /sbin/autrace] ***
skipping: [localhost]

TASK [/stigforge/roles/rhel8_cis : Test for existence /sbin/auditd] ************
skipping: [localhost]

TASK [/stigforge/roles/rhel8_cis : Ensure permission u-s,g-ws,o-wt on /sbin/auditd] ***
skipping: [localhost]

TASK [/stigforge/roles/rhel8_cis : Test for existence /sbin/augenrules] ********
skipping: [localhost]

TASK [/stigforge/roles/rhel8_cis : Ensure permission u-s,g-ws,o-wt on /sbin/augenrules] ***
skipping: [localhost]

TASK [/stigforge/roles/rhel8_cis : Test for existence /sbin/audisp-syslog] *****
skipping: [localhost]

TASK [/stigforge/roles/rhel8_cis : Ensure permission u-s,g-ws,o-wt on /sbin/audisp-syslog] ***
skipping: [localhost]

PLAY RECAP *********************************************************************
localhost                  : ok=197  changed=10   unreachable=0    failed=0    skipped=3386 rescued=7    ignored=0   

